,MWP,GLON,GLAT,Disp,MajAxis,MinAxis,Reff,e_Reff,theta,e_theta,Ecc,HR2,HR3,RelFlag,HierFlag,IDDR1,IDA14,Dist,IDCW,Simbad,_RA.icrs,_DE.icrs
2G0334912-0000982,2G0334912-0000982,33.4912,-0.0098,0.11,0.22,0.17,0.2,0.05,15,82,0.64,0.07,0.1,C,,,G033.490-00.010,,,Simbad,283.1232,0.4933
2G0442443-0012927,2G0442443-0012927,44.2443,-0.1293,0.17,0.39,0.32,0.35,0.14,19,85,0.56,0.07,0.17,R,,1G044244-001294,G044.243-00.129,,,Simbad,288.1878,9.9942
2G3315250-0009237,2G3315250-0009237,331.5251,-0.0924,0.5,1.82,1.6,1.71,0.28,25,78,0.48,0.03,0.19,R,,1G331533-000927,G331.520-00.076,5.4,,Simbad,243.0459,-51.4606
2G3505314-0034437,2G3505314-0034437,350.5314,-0.3444,0.62,0.55,0.37,0.47,0.29,179,63,0.74,0.14,0.08,R,,,G350.535-00.346,,,Simbad,260.6084,-37.0748
2G3510321+0019110,2G3510321+0019110,351.0322,0.1911,0.09,0.52,0.45,0.48,0.06,30,79,0.51,,0.22,C,,1G351033+001916,,,,Simbad,260.4132,-36.3585
2G0378116-0024885,2G0378116-0024885,37.8117,-0.2488,1.14,3.7,2.28,3.07,0.67,39,124,0.79,0.09,0.14,R,P,,,,,Simbad,285.3107,4.228
2G0156734-0028637,2G0156734-0028637,15.6735,-0.2864,0.4,4.08,3.83,3.95,0.44,47,71,0.34,,0.3,C,,1G015684-002904,G015.676-00.288,11.6,,Simbad,275.0584,-15.4454
2G3347019-0009580,2G3347019-0009580,334.7019,-0.0958,0.32,0.99,0.76,0.88,0.21,57,90,0.64,0.22,0.34,R,,1G334700-000992,G334.698-00.090,12.9,,Simbad,246.6009,-49.2356
2G0596647+0006478,2G0596647+0006478,59.6647,0.0648,0.15,0.44,0.25,0.35,0.05,45,49,0.82,,0.14,C,,,G059.664+00.063,,,Simbad,295.7325,23.6319
2G0478667-0085112,2G0478667-0085112,47.8667,-0.8511,0.1,0.71,0.65,0.68,0.14,9,54,0.41,,0.26,C,,1G047866-008511,G047.867-00.854,,,Simbad,290.5653,12.86
2G3061311+0014013,2G3061311+0014013,306.1311,0.1401,0.26,0.4,0.2,0.32,0.12,144,75,0.86,,0.21,C,,,,,,Simbad,199.815,-62.5587
2G0439628-0028409,2G0439628-0028409,43.9629,-0.2841,0.67,0.77,0.48,0.64,0.2,31,89,0.78,,0.15,C,,1G043964-002814,G043.969-00.277,,,Simbad,288.1946,9.6731
2G0388584-0013478,2G0388584-0013478,38.8585,-0.1348,0.84,1.17,0.85,1.02,0.35,45,65,0.68,,0.14,C,,1G038854-001419,G038.861-00.135,8.9,,Simbad,285.6899,5.2109
2G3016264-0034826,2G3016264-0034826,301.6265,-0.3483,0.81,5.59,5.18,5.39,0.66,9,103,0.38,0.2,0.54,R,,1G301626-003323,G301.615-00.340,,S167,Simbad,189.9642,-63.1907
2G0560846-0011452,2G0560846-0011452,56.0846,-0.1145,0.58,1.52,0.95,1.27,0.37,38,100,0.78,0.1,0.09,C,,1G056081-001073,G056.080-00.106,,,Simbad,293.9998,20.4271
2G0362007-0017661,2G0362007-0017661,36.2007,-0.1766,0.82,2.12,1.68,1.91,0.5,174,92,0.61,,0.14,C,,1G036198-001725,G036.192-00.171,6.9,,Simbad,284.5086,2.8282
2G3051871+0002948,2G3051871+0002948,305.1871,0.0295,0.69,0.93,0.49,0.74,0.29,28,62,0.85,0.04,0.09,C,,,G305.196+00.034,,,Simbad,197.7906,-62.7558
2G3427011+0015395,2G3427011+0015395,342.7012,0.154,0.26,0.64,0.46,0.56,0.16,56,107,0.69,0.1,0.22,R,,1G342701+001538,G342.700+00.155,,,Simbad,253.9772,-43.066
2G0096968-0086372,2G0096968-0086372,9.6969,-0.8637,1.92,1.8,1.06,1.47,0.48,12,73,0.81,0.13,0.21,R,,1G009701-008719,,,,Simbad,272.5909,-20.9736
2G3368025+0001860,2G3368025+0001860,336.8025,0.0186,0.13,0.94,0.71,0.83,0.07,44,57,0.65,,0.2,C,,1G336803+000188,,,,Simbad,248.6498,-47.63
2G0372977+0045892,2G0372977+0045892,37.2978,0.4589,0.15,0.7,0.57,0.64,0.13,26,78,0.58,0.39,0.34,R,,1G037297+004595,G037.296+00.458,,,Simbad,284.4441,4.0944
2G3271843-0053039,2G3271843-0053039,327.1844,-0.5304,0.4,3.92,2.23,3.19,0.23,34,67,0.82,,0.19,C,,1G327197-005048,G327.172-00.527,,,Simbad,238.0875,-54.6495
2G0045637-0011779,2G0045637-0011779,4.5637,-0.1178,0.1,1.8,1.51,1.66,0.1,174,41,0.55,,0.17,C,,1G004565-001150,G004.557-00.124,,CN63,Simbad,269.1395,-25.0749
2G3108856-0055691,2G3108856-0055691,310.8856,-0.5569,0.12,0.37,0.31,0.35,0.07,28,123,0.54,0.09,0.26,R,,1G310885-005568,G310.886-00.558,,,Simbad,210.2078,-62.3522
2G3193814-0029851,2G3193814-0029851,319.3815,-0.2985,0.07,0.26,0.22,0.24,0.1,34,152,0.54,0.18,0.15,R,,,G319.381-00.298,,,Simbad,226.0624,-58.862
2G0241882-0003587,2G0241882-0003587,24.1882,-0.0359,0.28,0.85,0.72,0.79,0.17,32,99,0.53,0.23,0.29,R,,1G024190-000332,G024.187-00.037,,,Simbad,278.88,-7.792
2G3372852+0011369,2G3372852+0011369,337.2852,0.1137,0.7,0.57,0.42,0.5,0.2,58,106,0.67,0.14,0.33,R,,1G337288+001126,G337.286+00.113,,,Simbad,249.0278,-47.2097
2G0485110+0023520,2G0485110+0023520,48.5111,0.2352,0.25,1.16,0.91,1.04,0.27,57,85,0.62,0.07,0.27,R,,1G048512+002338,G048.511+00.232,,,Simbad,289.8909,13.9393
2G3313739+0011425,2G3313739+0011425,331.374,0.1143,0.69,0.95,0.84,0.9,0.28,9,60,0.48,,0.13,C,,,G331.371+00.113,,,Simbad,242.6425,-51.4123
2G0103446-0082903,2G0103446-0082903,10.3446,-0.829,2.82,4.92,3.88,4.43,1.21,28,86,0.61,0.17,0.22,R,,1G010333-008212,G010.330-00.818,,,Simbad,272.892,-20.3894
2G3094107-0036945,2G3094107-0036945,309.4107,-0.3695,0.4,2.0,1.55,1.79,0.36,25,74,0.64,0.09,0.25,R,,1G309412-003691,G309.421-00.367,,S142,Simbad,207.0165,-62.5268
2G3344726-0085801,2G3344726-0085801,334.4727,-0.858,0.56,1.53,1.14,1.35,0.29,88,113,0.67,0.19,0.27,R,,1G334468-008534,,,,Simbad,247.2027,-49.9294
2G3371500-0017704,2G3371500-0017704,337.1501,-0.177,0.4,1.54,1.0,1.3,0.32,159,95,0.76,0.16,0.25,R,,1G337157-001775,,,,Simbad,249.2112,-47.5052
2G0289714-0002279,2G0289714-0002279,28.9715,-0.0228,0.26,0.59,0.49,0.54,0.14,165,97,0.56,0.08,0.18,R,,1G028973-000206,G028.970-00.024,,,Simbad,281.0716,-3.5346
2G3570171-0012057,2G3570171-0012057,357.0172,-0.1206,0.3,0.83,0.59,0.72,0.17,67,70,0.7,,0.22,C,,1G357020-001224,G357.022-00.121,,CS24,Simbad,264.703,-31.5343
2G0196110-0008881,2G0196110-0008881,19.611,-0.0888,0.2,0.49,0.38,0.44,0.09,161,98,0.63,0.08,0.17,R,D,1G019611-000844,,,,Simbad,276.7777,-11.8742
2G3168604+0001916,2G3168604+0001916,316.8605,0.0192,0.95,3.77,2.31,3.13,0.77,58,74,0.79,,0.15,C,,1G316869+000194,G316.875+00.041,,S108,Simbad,221.3846,-59.7308
2G0378434-0050525,2G0378434-0050525,37.8435,-0.5052,0.38,2.22,1.65,1.96,0.24,22,76,0.67,,0.26,C,,1G037847-005104,G037.838-00.510,,,Simbad,285.5539,4.139
2G0454841+0014482,2G0454841+0014482,45.4842,0.1448,0.23,0.36,0.26,0.31,0.09,27,106,0.71,0.04,0.11,C,,,G045.484+00.143,6.0,,Simbad,288.5259,11.2198
2G3326807-0053874,2G3326807-0053874,332.6808,-0.5387,0.45,1.91,1.72,1.82,0.31,48,83,0.43,0.21,0.19,R,,1G332685-005356,,,S50,Simbad,244.8704,-50.982
2G0138528+0022024,2G0138528+0022024,13.8529,0.2203,0.43,1.66,1.38,1.52,0.33,169,149,0.56,0.16,0.1,R,,,G013.857+00.226,,,Simbad,273.6948,-16.8075
2G0286705+0001261,2G0286705+0001261,28.6705,0.0126,0.19,0.93,0.75,0.84,0.18,2,59,0.59,0.09,0.22,R,,1G028672+000154,G028.670+00.011,,,Simbad,280.9023,-3.7861
2G3400207-0050043,2G3400207-0050043,340.0207,-0.5004,0.86,3.43,2.65,3.07,0.63,39,96,0.64,0.05,0.17,R,,,G340.023-00.499,,,Simbad,252.3072,-45.5532
2G3399381-0007953,2G3399381-0007953,339.9382,-0.0795,1.24,1.55,0.98,1.29,0.5,63,99,0.78,0.14,0.06,R,,1G339936-000801,G339.943-00.093,,,Simbad,251.7728,-45.3448
2G2989015+0021571,2G2989015+0021571,298.9015,0.2157,0.1,0.27,0.16,0.22,0.1,2,33,0.81,,0.17,C,,,G298.903+00.218,,,Simbad,184.1386,-62.3828
2G3397286+0006587,2G3397286+0006587,339.7286,0.0659,0.47,0.74,0.65,0.7,0.2,10,116,0.47,0.1,0.17,R,,1G339728+000659,G339.728+00.068,,,Simbad,251.4217,-45.4099
2G0244557+0047220,2G0244557+0047220,24.4557,0.4722,0.23,1.19,0.65,0.96,0.12,64,41,0.84,,0.16,C,,1G024454+004725,,,,Simbad,278.5493,-7.3206
2G3332149-0038775,2G3332149-0038775,333.2149,-0.3878,0.27,1.18,0.83,1.02,0.19,39,73,0.71,0.06,0.14,R,,1G333213-003894,G333.211-00.394,,,Simbad,245.3025,-50.499
2G0488175-0002502,2G0488175-0002502,48.8176,-0.025,0.31,1.49,1.19,1.35,0.24,59,76,0.6,0.2,0.16,R,,1G048827-000279,G048.833-00.037,,,Simbad,290.276,14.0877
2G3406004+0034092,2G3406004+0034092,340.6004,0.3409,0.08,0.49,0.35,0.43,0.06,26,50,0.71,,0.27,C,D,1G340601+003413,G340.600+00.342,,,Simbad,251.9248,-44.5678
2G3511729+0067348,2G3511729+0067348,351.173,0.6735,0.62,1.29,0.82,1.08,0.3,88,92,0.77,0.09,0.11,C,,,,,,Simbad,260.0219,-35.9677
2G0125845+0008376,2G0125845+0008376,12.5845,0.0838,0.19,0.55,0.36,0.46,0.11,28,76,0.76,,0.17,C,,1G012584+000841,G012.581+00.085,,,Simbad,273.1841,-17.9864
2G3558055-0027290,2G3558055-0027290,355.8056,-0.2729,0.42,1.98,1.69,1.84,0.23,23,52,0.52,,0.21,C,,1G355806-002690,G355.803-00.274,,,Simbad,264.0881,-32.6387
2G0061315-0037932,2G0061315-0037932,6.1316,-0.3793,0.32,0.68,0.54,0.62,0.28,38,59,0.61,0.17,0.13,R,,1G006131-003781,G006.131-00.380,,,Simbad,270.248,-23.8466
2G0581248+0090754,2G0581248+0090754,58.1249,0.9075,0.11,0.35,0.28,0.32,0.08,30,84,0.6,0.11,0.18,R,,1G058124+009100,G058.121+00.910,,,Simbad,294.11,22.7067
2G3367763+0008646,2G3367763+0008646,336.7763,0.0865,1.01,2.65,1.79,2.26,0.83,67,108,0.74,0.06,0.16,R,,1G336763+000876,G336.753+00.097,,,Simbad,248.5493,-47.6032
2G0533351+0089176,2G0533351+0089176,53.3351,0.8918,0.15,0.64,0.43,0.54,0.1,78,62,0.75,0.12,0.12,R,,1G053335+008954,G053.334+00.894,,,Simbad,291.6605,18.5016
2G0120247+0057859,2G0120247+0057859,12.0247,0.5786,0.54,3.86,3.25,3.57,0.45,40,94,0.54,,0.24,C,,1G012021+005827,,,,Simbad,272.4442,-18.2387
2G3281388+0065465,2G3281388+0065465,328.1389,0.6547,0.08,0.26,0.19,0.23,0.07,150,78,0.69,0.19,0.12,R,,1G328139+006549,G328.139+00.654,,,Simbad,238.0726,-53.1278
2G0071524-0007009,2G0071524-0007009,7.1525,-0.0701,0.03,0.27,0.19,0.23,0.06,6,4,0.71,,0.12,C,,,,,,Simbad,270.5056,-22.8065
2G3264126+0001683,2G3264126+0001683,326.4126,0.0168,0.22,0.55,0.38,0.47,0.11,88,92,0.73,0.09,0.14,R,,1G326411+000166,,,,Simbad,236.4538,-54.7021
2G0274731-0014073,2G0274731-0014073,27.4731,-0.1407,0.49,5.08,4.45,4.77,0.42,54,99,0.48,,0.27,C,,,G027.480-00.146,,,Simbad,280.4899,-4.9211
2G0386295-0022666,2G0386295-0022666,38.6295,-0.2267,0.27,1.09,0.87,0.99,0.31,18,143,0.6,0.29,0.26,R,,1G038635-002260,G038.643-00.227,9.0,,Simbad,285.6666,4.9652
2G0419081-0012510,2G0419081-0012510,41.9081,-0.1251,0.48,1.68,1.37,1.53,0.3,22,88,0.57,0.07,0.31,R,,1G041910-001259,G041.927-00.125,11.4,,Simbad,287.0913,7.9242
2G0494765-0032910,2G0494765-0032910,49.4765,-0.3291,0.21,0.52,0.4,0.46,0.13,2,122,0.64,0.12,0.17,R,,1G049477-003293,G049.473-00.329,5.5,,Simbad,290.8733,14.5255
2G3198704-0035065,2G3198704-0035065,319.8704,-0.3507,0.6,0.67,0.53,0.6,0.37,60,44,0.62,0.06,0.08,C,,,G319.872-00.352,,,Simbad,226.9323,-58.6664
2G3432293-0005518,2G3432293-0005518,343.2294,-0.0552,0.15,0.59,0.52,0.56,0.15,53,96,0.48,,0.23,C,,,,,,Simbad,254.6504,-42.7835
2G0044852-0014522,2G0044852-0014522,4.4852,-0.1452,0.08,0.34,0.27,0.31,0.04,48,78,0.61,,0.19,C,,,,,,Simbad,269.1221,-25.1565
2G3350353-0040651,2G3350353-0040651,335.0353,-0.4065,0.3,0.6,0.51,0.56,0.13,33,44,0.53,,0.15,C,,,G335.033-00.406,,,Simbad,247.2976,-49.2107
2G3331203+0041752,2G3331203+0041752,333.1203,0.4175,1.96,4.79,3.68,4.27,1.1,41,121,0.64,0.05,0.12,C,,,,,,Simbad,244.3144,-49.9909
2G3500006-0046387,2G3500006-0046387,350.0006,-0.4639,1.43,4.68,4.12,4.41,0.75,170,52,0.47,,0.21,C,,1G350004-004409,G349.981-00.450,,,Simbad,260.3529,-37.5795
2G3530781-0006689,2G3530781-0006689,353.0781,-0.0669,0.14,0.97,0.8,0.89,0.12,62,75,0.57,,0.26,C,,,G353.079-00.068,,,Simbad,262.0885,-34.8105
2G3357525-0016290,2G3357525-0016290,335.7525,-0.1629,0.48,3.28,2.17,2.78,0.28,158,81,0.75,,0.24,C,,1G335757-001661,G335.748-00.165,,,Simbad,247.7783,-48.5224
2G3290971-0065250,2G3290971-0065250,329.0972,-0.6525,0.17,1.45,1.18,1.32,0.16,4,123,0.58,,0.15,C,,1G329098-006509,,,,Simbad,240.7108,-53.5069
2G3039399-0068374,2G3039399-0068374,303.94,-0.6837,0.04,0.21,0.15,0.18,0.03,13,37,0.69,,0.21,C,,1G303940-006828,G303.939-00.684,12.4,,Simbad,195.1221,-63.5377
2G3562434+0006834,2G3562434+0006834,356.2435,0.0683,0.09,0.52,0.33,0.44,0.07,151,104,0.77,,0.21,C,,,,,,Simbad,264.0271,-32.086
2G0284000+0019644,2G0284000+0019644,28.4,0.1965,0.02,0.13,0.11,0.12,0.02,105,61,0.55,,0.18,C,,,,,,Simbad,280.6144,-3.9426
2G3562316+0005525,2G3562316+0005525,356.2316,0.0553,0.89,0.85,0.53,0.7,0.49,38,98,0.78,0.27,0.12,R,,1G356236+000601,G356.232+00.049,,,Simbad,264.0324,-32.103
2G3283759-0028229,2G3283759-0028229,328.3759,-0.2823,0.06,0.89,0.78,0.84,0.09,95,113,0.47,,0.16,C,,,G328.374-00.284,,,Simbad,239.3827,-53.6974
2G3052637-0000268,2G3052637-0000268,305.2637,-0.0027,0.12,0.47,0.41,0.44,0.1,1,116,0.51,0.27,0.16,R,,,G305.265-00.008,7.0,S155,Simbad,197.963,-62.782
2G0273581+0006099,2G0273581+0006099,27.3581,0.061,0.07,0.37,0.24,0.31,0.04,95,74,0.75,,0.24,C,,1G027358+000611,G027.359+00.060,,,Simbad,280.2571,-4.9311
2G0498573-0016157,2G0498573-0016157,49.8573,-0.1616,0.25,1.64,1.12,1.4,0.11,11,44,0.73,,0.14,C,,1G049861-001506,G049.855-00.146,,,Simbad,290.9068,14.9402
2G2982134-0031373,2G2982134-0031373,298.2135,-0.3137,0.65,1.68,1.34,1.52,0.46,30,102,0.61,0.39,0.08,R,,1G298219-003253,G298.224-00.334,11.1,S181,Simbad,182.4905,-62.8049
2G3551332-0041424,2G3551332-0041424,355.1333,-0.4142,1.25,7.86,7.67,7.77,0.79,11,79,0.22,,0.16,C,,1G355133-004133,G355.136-00.427,,CS38,Simbad,263.7975,-33.281
2G3369236-0019157,2G3369236-0019157,336.9237,-0.1916,0.41,1.97,1.58,1.78,0.26,36,74,0.59,0.05,0.27,R,,1G336923-001922,G336.919-00.188,10.8,,Simbad,249.0014,-47.6825
2G3233755+0015406,2G3233755+0015406,323.3756,0.1541,0.55,0.73,0.59,0.67,0.21,15,106,0.59,0.1,0.09,C,,,G323.378+00.162,,,Simbad,231.9686,-56.3775
2G3412714+0006716,2G3412714+0006716,341.2714,0.0672,0.04,0.22,0.19,0.2,0.04,95,87,0.54,,0.28,C,,,G341.270+00.066,,,Simbad,252.8212,-44.2289
2G0214326-0027533,2G0214326-0027533,21.4327,-0.2753,0.11,0.56,0.45,0.51,0.07,43,44,0.6,,0.17,C,,1G021432-002755,G021.433-00.273,,,Simbad,277.8076,-10.3472
2G0560283-0010430,2G0560283-0010430,56.0283,-0.1043,0.56,1.4,1.17,1.29,0.54,20,104,0.55,0.19,0.11,R,,1G056029-001041,G056.033-00.091,,,Simbad,293.9611,20.3829
2G0344449+0005650,2G0344449+0005650,34.445,0.0565,0.26,0.6,0.47,0.54,0.17,179,100,0.62,0.36,0.16,R,,1G034444+000577,G034.443+00.056,,,Simbad,283.4993,1.3724
2G0108874-0005423,2G0108874-0005423,10.8874,-0.0542,0.05,0.29,0.17,0.24,0.05,104,25,0.81,,0.15,C,,1G010888-000505,G010.887-00.054,,,Simbad,272.4484,-19.5402
2G0457748-0037870,2G0457748-0037870,45.7748,-0.3787,0.2,0.79,0.69,0.74,0.13,161,97,0.48,0.11,0.19,R,,1G045774-003790,G045.773-00.378,,,Simbad,289.1362,11.2334
2G3431364-0046415,2G3431364-0046415,343.1364,-0.4642,0.87,6.07,4.82,5.48,0.46,37,38,0.61,,0.15,C,,,G343.147-00.443,,,Simbad,255.0107,-43.1096
2G0162289-0051396,2G0162289-0051396,16.2289,-0.514,0.11,0.54,0.37,0.46,0.06,99,143,0.72,,0.27,C,,1G016229-005130,G016.229-00.514,,,Simbad,275.5376,-15.0625
2G0388589-0052332,2G0388589-0052332,38.8589,-0.5233,0.12,0.26,0.2,0.23,0.09,44,92,0.65,0.08,0.07,C,,,,,,Simbad,286.0368,5.0332
2G3502506-0096325,2G3502506-0096325,350.2507,-0.9633,1.16,2.46,1.84,2.17,0.72,60,102,0.66,0.23,0.11,R,,,G350.253-00.939,,,Simbad,261.0513,-37.6561
2G0092464+0018723,2G0092464+0018723,9.2465,0.1872,0.25,1.0,0.79,0.9,0.21,174,119,0.61,0.17,0.19,R,,1G009246+001883,G009.250+00.189,,CN127,Simbad,271.3734,-20.8566
2G0238681-0009906,2G0238681-0009906,23.8681,-0.0991,0.19,0.83,0.5,0.69,0.09,23,16,0.8,,0.14,C,,1G023870-000986,,,,Simbad,278.7879,-8.1053
2G3067360-0010305,2G3067360-0010305,306.736,-0.1031,0.29,1.35,0.99,1.18,0.16,170,73,0.68,,0.14,C,,1G306736-000904,G306.739-00.108,,,Simbad,201.1848,-62.7286
2G3532720+0059519,2G3532720+0059519,353.2721,0.5952,0.67,5.79,4.34,5.11,0.42,64,135,0.66,,0.39,C,,,G353.272+00.590,,CS59,Simbad,261.552,-34.2807
2G0344746-0002053,2G0344746-0002053,34.4746,-0.0205,0.23,1.55,1.21,1.39,0.19,170,40,0.63,,0.16,C,,1G034473-000169,G034.469-00.020,,,Simbad,283.5813,1.3636
2G2990688+0021627,2G2990688+0021627,299.0689,0.2163,0.82,2.53,1.76,2.18,0.5,35,80,0.72,,0.27,C,,1G299064+002144,,,,Simbad,184.4969,-62.4043
2G3408396-0003594,2G3408396-0003594,340.8397,-0.0359,0.07,0.53,0.47,0.5,0.1,163,86,0.47,,0.26,C,,,G340.840-00.039,,,Simbad,252.5461,-44.6269
2G3579138-0033206,2G3579138-0033206,357.9138,-0.3321,0.14,0.44,0.37,0.4,0.11,21,77,0.52,0.16,0.13,R,,1G357914-003315,G357.912-00.331,,,Simbad,265.469,-30.8866
2G0378696-0039654,2G0378696-0039654,37.8696,-0.3966,0.09,0.27,0.19,0.23,0.05,42,106,0.72,0.19,0.14,R,,,G037.872-00.399,9.5,,Simbad,285.4691,4.2119
2G3367000-0007912,2G3367000-0007912,336.7,-0.0791,0.04,0.27,0.15,0.22,0.02,85,58,0.82,,0.36,C,,,G336.700-00.076,,,Simbad,248.6535,-47.7715
2G0154813-0038847,2G0154813-0038847,15.4813,-0.3885,0.12,0.73,0.72,0.73,0.1,139,60,0.12,,0.24,C,,1G015480-003878,G015.480-00.387,,,Simbad,275.0578,-15.663
2G0329899+0004024,2G0329899+0004024,32.99,0.0402,0.1,0.23,0.21,0.22,0.1,42,99,0.48,0.25,0.12,R,,,G032.990+00.040,8.6,N58,Simbad,282.8502,0.07
2G0316214-0022523,2G0316214-0022523,31.6215,-0.2252,0.37,2.03,1.73,1.89,0.24,17,62,0.52,,0.25,C,,1G031621-002231,G031.612-00.226,,,Simbad,282.4623,-1.2689
2G0084651+0012081,2G0084651+0012081,8.4652,0.1208,0.25,1.57,1.29,1.44,0.17,62,86,0.57,0.27,0.35,R,,1G008465+001211,G008.462+00.122,,CN115,Simbad,271.0246,-21.5701
2G0485787+0003854,2G0485787+0003854,48.5788,0.0386,0.39,0.74,0.5,0.63,0.26,0,106,0.74,0.13,0.23,R,,1G048578+000409,,,,Simbad,290.1025,13.9068
2G3513424-0005552,2G3513424-0005552,351.3424,-0.0555,0.42,1.44,0.98,1.23,0.37,111,123,0.73,,0.13,C,,,,,,Simbad,260.8835,-36.2426
2G3142380+0097882,2G3142380+0097882,314.238,0.9788,0.08,0.44,0.23,0.35,0.09,46,51,0.85,,0.13,C,,,,,,Simbad,215.8383,-59.8599
2G0261058-0022926,2G0261058-0022926,26.1058,-0.2293,0.21,0.93,0.67,0.81,0.14,66,94,0.7,,0.2,C,,1G026106-002258,G026.108-00.228,,,Simbad,279.9401,-6.1773
2G0089112-0048213,2G0089112-0048213,8.9112,-0.4821,1.28,2.36,1.45,1.95,0.59,16,76,0.79,,0.28,C,,1G008906-004651,G008.901-00.469,,CN125,Simbad,271.8244,-21.4758
2G0293500-0042038,2G0293500-0042038,29.3501,-0.4204,0.29,1.19,0.9,1.05,0.14,29,78,0.65,,0.15,C,,,G029.348-00.426,,,Simbad,281.5992,-3.3793
2G0233930-0061344,2G0233930-0061344,23.393,-0.6135,0.08,0.9,0.81,0.86,0.34,27,87,0.42,,0.14,C,,1G023394-006126,G023.393-00.613,,,Simbad,279.0287,-8.7637
2G3272904-0052635,2G3272904-0052635,327.2904,-0.5264,0.23,0.9,0.76,0.83,0.16,19,78,0.53,0.06,0.08,C,,1G327296-005328,,,,Simbad,238.2249,-54.5793
2G3433326-0007799,2G3433326-0007799,343.3327,-0.078,0.3,0.88,0.6,0.76,0.15,74,68,0.73,0.14,0.1,R,,,,,,Simbad,254.7619,-42.7166
2G0200706+0030490,2G0200706+0030490,20.0707,0.3049,0.14,0.93,0.83,0.88,0.13,52,83,0.45,,0.14,C,,1G020071+003047,G020.068+00.305,,,Simbad,276.6406,-11.2841
2G0443775+0045701,2G0443775+0045701,44.3775,0.457,0.06,0.36,0.26,0.31,0.05,39,30,0.67,,0.2,C,,1G044378+004573,G044.378+00.457,,,Simbad,287.7223,10.3836
2G0140245+0010722,2G0140245+0010722,14.0245,0.1072,0.13,0.34,0.28,0.31,0.07,85,91,0.56,0.16,0.08,R,,1G014024+001061,G014.024+00.106,,,Simbad,273.8841,-16.7106
2G0181454+0017911,2G0181454+0017911,18.1454,0.1791,0.1,0.55,0.45,0.5,0.07,45,69,0.58,,0.27,C,,1G018146+001795,G018.144+00.180,,,Simbad,275.8339,-13.0449
2G0321631+0002576,2G0321631+0002576,32.1632,0.0258,1.01,4.59,3.55,4.1,0.59,36,99,0.63,,0.26,C,,1G032149+000372,G032.181+00.015,7.2,,Simbad,282.486,-0.6724
2G0439201-0082839,2G0439201-0082839,43.9201,-0.8284,1.02,2.32,1.77,2.06,0.55,165,51,0.64,,0.18,C,,1G043920-008216,G043.935-00.832,,,Simbad,288.6634,9.3827
2G3565618-0008034,2G3565618-0008034,356.5618,-0.0803,0.16,0.73,0.56,0.65,0.08,11,101,0.65,,0.43,C,,1G356562-000829,G356.560-00.086,,CS26,Simbad,264.3765,-31.8975
2G2986984-0001046,2G2986984-0001046,298.6985,-0.0105,0.78,2.61,1.7,2.2,0.38,61,58,0.76,,0.13,C,,1G298692-000266,G298.694-00.005,,,Simbad,183.6356,-62.5786
2G3378314+0005548,2G3378314+0005548,337.8314,0.0555,0.66,1.6,1.22,1.43,0.44,40,97,0.65,,0.16,C,,1G337825+000519,G337.827+00.056,,,Simbad,249.6284,-46.8435
2G0367310-0030429,2G0367310-0030429,36.731,-0.3043,0.48,2.0,1.69,1.85,0.36,59,66,0.54,,0.17,C,,1G036734-003015,G036.737-00.301,,,Simbad,284.8649,3.2416
2G3026112-0007050,2G3026112-0007050,302.6112,-0.0705,0.33,5.85,3.11,4.69,0.37,153,71,0.85,,0.14,C,,1G302620-000837,G302.586-00.029,,,Simbad,192.1545,-62.9405
2G0288924-0079185,2G0288924-0079185,28.8925,-0.7919,0.09,0.33,0.26,0.3,0.05,42,84,0.63,,0.13,C,,1G028893-007917,G028.893-00.792,,,Simbad,281.7212,-3.9559
2G0512496+0054722,2G0512496+0054722,51.2497,0.5472,0.17,0.62,0.44,0.54,0.09,158,102,0.7,0.33,0.16,R,,1G051249+005475,G051.248+00.544,,,Simbad,290.9418,16.5023
2G0340327+0004927,2G0340327+0004927,34.0327,0.0493,0.17,0.92,0.53,0.75,0.11,58,37,0.82,,0.17,C,,,G034.041+00.052,11.6,,Simbad,283.3176,1.0022
2G0095945-0014342,2G0095945-0014342,9.5946,-0.1434,0.15,0.79,0.71,0.75,0.09,178,98,0.44,,0.13,C,,1G009596-001436,G009.594-00.145,,,Simbad,271.8637,-20.714
2G0218713-0003819,2G0218713-0003819,21.8714,-0.0382,0.15,1.19,1.12,1.15,0.1,29,82,0.34,,0.17,C,,1G021873-000357,G021.872-00.044,14.2,,Simbad,277.8003,-9.8485
2G0308447+0014003,2G0308447+0014003,30.8447,0.14,0.27,0.97,0.76,0.87,0.22,34,57,0.63,0.12,0.16,R,,1G030845+001399,G030.847+00.140,,,Simbad,281.7828,-1.7936
2G3336175-0013981,2G3336175-0013981,333.6176,-0.1398,1.22,3.12,2.54,2.84,0.74,27,82,0.58,0.19,0.15,R,,,,,,Simbad,245.4744,-50.039
2G3511734+0070897,2G3511734+0070897,351.1734,0.709,0.89,1.63,1.11,1.39,0.41,6,118,0.73,0.09,0.08,C,,,G351.170+00.704,,CS89,Simbad,259.9862,-35.9471
2G2956987-0019266,2G2956987-0019266,295.6987,-0.1927,1.2,6.87,5.49,6.22,0.97,94,71,0.6,,0.31,C,P,1G295703-001961,G295.728-00.215,9.3,,Simbad,177.2069,-62.182
2G0551576+0012270,2G0551576+0012270,55.1576,0.1227,0.88,3.77,3.24,3.51,0.75,177,108,0.51,0.29,0.35,R,,1G055159+001250,G055.153+00.124,,N119,Simbad,293.2999,19.7319
2G3281249+0037117,2G3281249+0037117,328.125,0.3712,0.94,3.86,2.71,3.34,0.37,49,34,0.71,,0.14,C,,,G328.118+00.374,,,Simbad,238.3546,-53.3561
2G0258386+0013909,2G0258386+0013909,25.8387,0.1391,0.81,7.87,7.67,7.77,0.46,90,45,0.22,,0.15,C,,1G025836+001556,G025.867+00.118,6.5,,Simbad,279.4876,-6.2457
2G3355028-0014084,2G3355028-0014084,335.5029,-0.1408,0.2,2.46,1.39,1.99,0.17,31,74,0.83,,0.17,C,,1G335505-001393,G335.499-00.142,,,Simbad,247.4948,-48.6887
2G3281744-0061101,2G3281744-0061101,328.1745,-0.611,0.19,1.02,0.85,0.94,0.25,32,112,0.55,,0.23,C,,1G328175-006103,G328.162-00.614,,,Simbad,239.4825,-54.0784
2G2981858-0021701,2G2981858-0021701,298.1859,-0.217,0.13,0.67,0.62,0.65,0.13,36,129,0.37,0.34,0.35,R,,1G298185-002187,,,S182,Simbad,182.4649,-62.705
2G3498925+0024029,2G3498925+0024029,349.8925,0.2403,0.15,0.42,0.27,0.35,0.08,156,103,0.77,0.3,0.24,R,,1G349893+002412,,,CS115,Simbad,259.548,-37.2649
2G3563904+0054365,2G3563904+0054365,356.3904,0.5436,0.05,0.27,0.23,0.25,0.04,87,79,0.54,,0.15,C,,,G356.392+00.544,,,Simbad,263.6495,-31.7055
2G0131137-0014867,2G0131137-0014867,13.1137,-0.1487,0.04,0.26,0.18,0.22,0.12,19,70,0.71,,0.13,C,,,G013.113-00.149,,,Simbad,273.6646,-17.6332
2G0251370-0033482,2G0251370-0033482,25.1371,-0.3348,0.69,0.86,0.58,0.73,0.29,21,80,0.73,0.08,0.18,R,,1G025138-003353,G025.142-00.338,,,Simbad,279.5874,-7.0865
2G0283988-0026869,2G0283988-0026869,28.3989,-0.2687,0.38,1.0,0.7,0.86,0.22,74,58,0.72,,0.15,C,,,G028.392-00.263,,,Simbad,281.0287,-4.1562
2G3027549+0078784,2G3027549+0078784,302.7549,0.7878,0.58,0.5,0.47,0.49,0.3,112,123,0.32,0.15,0.07,R,,1G302751+007805,,,,Simbad,192.4814,-62.0834
2G3055624+0004325,2G3055624+0004325,305.5625,0.0433,0.3,1.18,0.94,1.07,0.2,18,65,0.61,0.1,0.09,C,,1G305561+000381,G305.579+00.036,4.9,,Simbad,198.6047,-62.711
2G0205227+0050133,2G0205227+0050133,20.5227,0.5013,0.1,0.62,0.47,0.55,0.06,13,16,0.65,,0.15,C,,,G020.524+00.501,,,Simbad,276.6782,-10.7926
2G0187918+0020219,2G0187918+0020219,18.7918,0.2022,0.19,0.69,0.47,0.59,0.07,48,77,0.74,,0.21,C,,,,,,Simbad,276.1233,-12.4629
2G0225100+0004107,2G0225100+0004107,22.5101,0.0411,0.15,0.62,0.46,0.54,0.13,169,108,0.68,,0.22,C,,,,,,Simbad,278.0285,-9.2456
2G3562110-0005499,2G3562110-0005499,356.211,-0.055,0.68,1.56,1.31,1.44,0.4,8,104,0.55,0.04,0.1,C,,,G356.217-00.052,,,Simbad,264.1291,-32.1798
2G3507627-0027189,2G3507627-0027189,350.7627,-0.2719,1.13,5.49,4.52,5.03,0.82,53,79,0.57,0.15,0.54,R,,1G350767-002698,G350.767-00.274,,,Simbad,260.6976,-36.8431
2G0117821-0014882,2G0117821-0014882,11.7821,-0.1488,0.3,1.76,1.3,1.54,0.31,83,128,0.67,0.11,0.32,R,,1G011780-001471,G011.776-00.149,,,Simbad,272.9929,-18.8019
2G0411938+0006195,2G0411938+0006195,41.1938,0.062,0.09,0.25,0.22,0.23,0.05,6,104,0.49,0.15,0.1,R,,,G041.194+00.062,,,Simbad,286.592,7.3761
2G0428366+0025461,2G0428366+0025461,42.8367,0.2546,0.32,1.07,0.97,1.02,0.27,179,98,0.43,0.22,0.36,R,,1G042836+002567,G042.837+00.255,,,Simbad,287.1832,8.9233
2G3364111+0036469,2G3364111+0036469,336.4112,0.3647,0.69,8.17,6.91,7.57,0.73,164,102,0.53,,0.17,C,,1G336394+003721,G336.410+00.385,,,Simbad,247.8779,-47.6811
2G0234328-0021684,2G0234328-0021684,23.4328,-0.2168,0.25,0.52,0.42,0.47,0.14,159,99,0.61,0.14,0.12,R,,,,,,Simbad,278.6909,-8.5459
2G0448236+0010624,2G0448236+0010624,44.8237,0.1062,0.11,0.57,0.45,0.52,0.07,54,49,0.61,,0.51,C,,1G044825+001096,G044.823+00.108,,,Simbad,288.2486,10.6168
2G2981802-0078429,2G2981802-0078429,298.1803,-0.7843,0.36,0.43,0.37,0.4,0.17,60,72,0.5,0.18,0.23,R,,1G298184-007855,G298.183-00.784,9.8,,Simbad,182.2501,-63.2639
2G0469722+0031934,2G0469722+0031934,46.9723,0.3194,0.83,2.84,2.4,2.63,0.5,52,162,0.54,0.14,0.53,R,,1G046966+003154,G046.965+00.315,15.8,N97,Simbad,289.0755,12.6183
2G0608815-0013334,2G0608815-0013334,60.8816,-0.1333,0.19,0.56,0.5,0.53,0.11,48,78,0.45,0.02,0.15,R,,,G060.881-00.135,,,Simbad,296.5869,24.5868
2G0146418-0078019,2G0146418-0078019,14.6419,-0.7802,0.29,0.46,0.43,0.45,0.07,52,89,0.34,,0.21,C,,,G014.640-00.780,,,Simbad,275.0051,-16.5879
2G3055483-0027589,2G3055483-0027589,305.5484,-0.2759,0.5,3.62,2.58,3.15,0.34,142,115,0.7,0.08,0.11,C,,1G305544-002877,G305.545-00.311,,,Simbad,198.6365,-63.0302
2G0118470-0018817,2G0118470-0018817,11.847,-0.1882,0.1,1.03,0.75,0.9,0.09,101,74,0.69,,0.15,C,,1G011846-001889,G011.840-00.191,,,Simbad,273.0623,-18.764
2G3331085-0039690,2G3331085-0039690,333.1085,-0.3969,0.16,0.27,0.18,0.23,0.08,16,38,0.73,0.09,0.11,C,,,G333.107-00.398,,,Simbad,245.1938,-50.5805
2G3051974+0002083,2G3051974+0002083,305.1975,0.0208,0.17,0.35,0.25,0.31,0.1,87,104,0.7,0.08,0.1,C,,,G305.200+00.021,,,Simbad,197.8147,-62.7637
2G0307414-0002102,2G0307414-0002102,30.7415,-0.021,1.43,2.38,1.8,2.11,0.89,50,89,0.66,0.43,0.23,R,,1G030748-000177,G030.758-00.047,5.6,N52,Simbad,281.879,-1.9589
2G0292219+0044645,2G0292219+0044645,29.222,0.4465,0.31,3.72,2.07,3.01,0.18,108,65,0.83,,0.15,C,,1G029232+004316,,,,Simbad,280.7682,-3.0973
2G0336966+0020785,2G0336966+0020785,33.6967,0.2079,0.09,0.24,0.15,0.2,0.06,51,81,0.77,0.1,0.2,R,,,G033.697+00.208,,,Simbad,283.0232,0.7754
2G0478177+0049986,2G0478177+0049986,47.8177,0.4999,0.15,0.84,0.5,0.69,0.12,117,72,0.8,,0.13,C,,,G047.816+00.500,,,Simbad,289.3163,13.4503
2G3039149-0068619,2G3039149-0068619,303.915,-0.6862,0.35,0.42,0.27,0.35,0.11,1,47,0.77,,0.15,C,D,,G303.915-00.688,,,Simbad,195.0662,-63.5411
2G0445976-0097221,2G0445976-0097221,44.5976,-0.9722,0.22,0.71,0.54,0.63,0.15,26,53,0.65,,0.2,C,,1G044599-009717,G044.597-00.972,,,Simbad,289.1122,9.9154
2G0379116-0037208,2G0379116-0037208,37.9117,-0.3721,0.22,0.95,0.62,0.8,0.15,22,86,0.76,0.09,0.11,C,,1G037912-003728,,,,Simbad,285.4665,4.2605
2G0077429+0007205,2G0077429+0007205,7.7429,0.0721,0.11,0.55,0.33,0.45,0.06,72,59,0.8,,0.26,C,,,G007.744+00.072,,,Simbad,270.6872,-22.2229
2G3455687+0001431,2G3455687+0001431,345.5687,0.0143,0.27,1.51,1.17,1.35,0.25,87,112,0.63,0.07,0.1,C,,1G345568+000156,,,,Simbad,256.4979,-40.8906
2G0173266-0013750,2G0173266-0013750,17.3266,-0.1375,0.11,0.51,0.43,0.47,0.06,57,89,0.55,0.31,0.34,R,,1G017330-001379,,,,Simbad,275.7265,-13.9166
2G0083526+0001074,2G0083526+0001074,8.3527,0.0107,1.04,3.19,2.57,2.9,0.68,11,125,0.59,0.08,0.06,C,,1G008363+000159,G008.359+00.003,,,Simbad,271.0684,-21.7222
2G0406242-0064585,2G0406242-0064585,40.6242,-0.6459,0.23,1.97,1.53,1.76,0.14,161,55,0.63,,0.28,C,,1G040625-006455,G040.620-00.651,,,Simbad,286.9613,6.5448
2G3416664-0038621,2G3416664-0038621,341.6664,-0.3862,0.34,2.36,1.3,1.91,0.37,68,54,0.84,,0.44,C,,1G341667-003864,G341.668-00.398,,,Simbad,253.6599,-44.2105
2G0203454-0061865,2G0203454-0061865,20.3455,-0.6187,0.08,0.54,0.45,0.5,0.08,49,75,0.56,,0.19,C,,1G020346-006190,G020.344-00.620,,,Simbad,277.6051,-11.4698
2G0163120-0014557,2G0163120-0014557,16.312,-0.1456,0.27,0.76,0.52,0.65,0.16,153,105,0.73,0.1,0.3,R,,1G016312-001458,G016.313-00.147,,,Simbad,275.2415,-14.8159
2G0525321-0094777,2G0525321-0094777,52.5322,-0.9478,0.25,0.9,0.72,0.82,0.17,38,108,0.59,0.21,0.38,R,,1G052533-009480,G052.537-00.946,5.2,,Simbad,292.9524,16.9159
2G3076249-0017861,2G3076249-0017861,307.625,-0.1786,0.68,2.96,2.12,2.58,0.54,101,150,0.7,0.17,0.39,R,,1G307626-001765,,,,Simbad,203.1268,-62.6755
2G3108450+0055454,2G3108450+0055454,310.8451,0.5545,2.76,11.22,9.53,10.41,1.68,74,65,0.53,,0.12,C,,1G310857+005622,G310.837+00.576,,,Simbad,209.5126,-61.2896
2G0402220-0002562,2G0402220-0002562,40.2221,-0.0256,0.08,0.27,0.24,0.26,0.04,50,60,0.47,,0.21,C,,1G040223-000232,G040.221-00.026,,,Simbad,286.2208,6.4728
2G3476383+0052417,2G3476383+0052417,347.6384,0.5242,1.97,2.9,2.0,2.49,1.01,138,89,0.72,,0.14,C,,,G347.635+00.537,,,Simbad,257.5802,-38.9273
2G3011227-0015211,2G3011227-0015211,301.1228,-0.1521,0.51,2.94,2.69,2.82,0.35,30,113,0.41,0.16,0.48,R,,1G301126-001547,G301.118-00.194,,S169,Simbad,188.8764,-62.9679
2G0286573+0049637,2G0286573+0049637,28.6574,0.4964,0.34,1.92,1.77,1.85,0.25,19,90,0.39,0.2,0.37,R,,1G028658+004946,G028.656+00.491,,,Simbad,280.4651,-3.5766
2G0081633-0020513,2G0081633-0020513,8.1633,-0.2051,3.45,8.23,6.33,7.34,1.62,63,98,0.64,0.07,0.14,R,,,G008.153-00.198,,,Simbad,271.1709,-21.9931
2G3448050-0025703,2G3448050-0025703,344.805,-0.257,0.15,1.07,0.72,0.91,0.13,77,71,0.74,,0.13,C,,1G344805-002561,G344.803-00.257,,,Simbad,256.1707,-41.6629
2G0334885+0015842,2G0334885+0015842,33.4885,0.1584,0.36,0.94,0.69,0.82,0.21,49,76,0.68,0.15,0.14,R,,1G033490+001577,G033.487+00.158,,,Simbad,282.9723,0.5676
2G0244282+0022205,2G0244282+0022205,24.4282,0.2221,0.1,0.38,0.37,0.37,0.05,66,57,0.24,,0.18,C,,,G024.426+00.221,7.7,,Simbad,278.7603,-7.4602
2G3201196-0043559,2G3201196-0043559,320.1197,-0.4356,0.62,1.44,1.05,1.26,0.34,10,143,0.68,0.1,0.07,C,,,G320.116-00.429,,,Simbad,227.4285,-58.6147
2G0079887-0033032,2G0079887-0033032,7.9887,-0.3303,1.43,3.9,2.8,3.4,0.69,55,112,0.69,0.06,0.1,C,,1G007982-003302,G007.978-00.360,,,Simbad,271.1963,-22.2066
2G0223371+0002906,2G0223371+0002906,22.3371,0.0291,0.89,2.53,1.3,2.01,0.36,55,56,0.86,0.04,0.1,C,,,,,,Simbad,277.9582,-9.4045
2G2996976+0001590,2G2996976+0001590,299.6976,0.0159,0.97,2.56,2.25,2.41,0.68,24,102,0.48,0.35,0.51,R,,1G299701+000151,G299.703+00.015,,S174,Simbad,185.7987,-62.6784
2G3285509-0050176,2G3285509-0050176,328.551,-0.5018,0.17,0.58,0.5,0.54,0.1,26,114,0.48,,0.13,C,,,G328.551-00.500,3.4,,Simbad,239.8486,-53.751
2G3069058+0009918,2G3069058+0009918,306.9058,0.0992,0.3,1.32,1.06,1.19,0.19,179,73,0.6,,0.15,C,,1G306900+001002,G306.907+00.094,,,Simbad,201.493,-62.5058
2G3017275-0078705,2G3017275-0078705,301.7275,-0.7871,0.32,1.71,1.07,1.43,0.24,47,38,0.78,,0.16,C,,,G301.734-00.805,,,Simbad,190.147,-63.6335
2G0260893-0006760,2G0260893-0006760,26.0894,-0.0676,0.34,1.01,0.79,0.9,0.24,15,117,0.62,,0.16,C,,,G026.090-00.079,,,Simbad,279.788,-6.1177
2G0470549-0040351,2G0470549-0040351,47.0549,-0.4035,1.79,3.66,2.61,3.18,0.83,42,96,0.7,0.07,0.2,R,,1G047072-003926,G047.046-00.400,,,Simbad,289.7696,12.3536
2G0180680-0001250,2G0180680-0001250,18.0681,-0.0125,0.25,0.85,0.52,0.71,0.16,74,50,0.79,,0.24,C,,1G018067-000071,G018.068-00.013,,,Simbad,275.9705,-13.203
2G3407441+0031333,2G3407441+0031333,340.7441,0.3133,0.03,0.21,0.2,0.2,0.02,74,78,0.34,,0.24,C,,,G340.743+00.312,,,Simbad,252.0844,-44.4759
2G0099583+0007570,2G0099583+0007570,9.9583,0.0757,0.09,0.51,0.46,0.48,0.08,29,66,0.46,0.34,0.19,R,,1G009959+000758,G009.961+00.071,,CN140,Simbad,271.8483,-20.2896
2G0176261+0011983,2G0176261+0011983,17.6261,0.1198,0.67,1.15,0.89,1.03,0.61,180,111,0.63,0.08,0.13,R,,1G017629+001220,G017.629+00.123,,,Simbad,275.6373,-13.5313
2G0225564-0001486,2G0225564-0001486,22.5565,-0.0149,0.22,0.98,0.79,0.89,0.13,174,54,0.59,,0.15,C,,1G022550-000188,G022.557-00.017,,,Simbad,278.1005,-9.2303
2G0146053+0002095,2G0146053+0002095,14.6054,0.0209,0.78,2.09,1.44,1.8,0.39,175,66,0.72,,0.16,C,,1G014618+000251,G014.598+00.019,,,Simbad,274.2515,-16.2408
2G0074670-0027517,2G0074670-0027517,7.4671,-0.2752,0.13,0.51,0.41,0.46,0.09,147,48,0.58,,0.22,C,,1G007469-002748,G007.466-00.279,,,Simbad,270.8673,-22.6339
2G0337206-0041440,2G0337206-0041440,33.7206,-0.4144,0.53,0.96,0.81,0.89,0.26,42,93,0.53,0.22,0.25,R,,1G033719-004135,G033.715-00.415,,,Simbad,283.5879,0.5129
2G0530675+0018082,2G0530675+0018082,53.0676,0.1808,0.84,4.38,3.89,4.14,0.67,170,114,0.46,,0.14,C,,1G053084+002253,G053.095+00.212,10.3,,Simbad,292.1841,17.9273
2G0459881-0050099,2G0459881-0050099,45.9881,-0.501,0.49,0.96,0.54,0.78,0.25,159,112,0.83,0.09,0.24,R,,1G045986-004949,G045.992-00.511,,,Simbad,289.348,11.365
2G3552039-0001014,2G3552039-0001014,355.204,-0.0101,0.07,0.36,0.21,0.29,0.04,9,55,0.8,,0.18,C,,,G355.204-00.011,,,Simbad,263.4378,-33.0025
2G0523911-0011703,2G0523911-0011703,52.3912,-0.117,0.26,0.81,0.6,0.71,0.16,21,129,0.68,0.22,0.21,R,,1G052391-001165,G052.390-00.116,,,Simbad,292.1192,17.1909
2G3225276+0025638,2G3225276+0025638,322.5277,0.2564,0.09,1.72,1.55,1.64,0.12,36,55,0.43,,0.36,C,,1G322531+002587,G322.528+00.259,,,Simbad,230.5836,-56.7612
2G0392873-0060659,2G0392873-0060659,39.2873,-0.6066,0.09,0.51,0.44,0.48,0.07,17,77,0.49,,0.21,C,,1G039287-006055,,,,Simbad,286.3084,5.3756
2G3388138+0039906,2G3388138+0039906,338.8138,0.3991,1.65,1.73,1.23,1.5,0.81,168,96,0.7,0.07,0.17,R,,,G338.816+00.403,,,Simbad,250.2031,-45.8813
2G0284435-0021088,2G0284435-0021088,28.4435,-0.2109,0.07,0.39,0.33,0.36,0.06,49,111,0.55,0.15,0.22,R,,1G028443-002110,G028.441-00.212,,,Simbad,280.9976,-4.0902
2G3208598-0042038,2G3208598-0042038,320.8598,-0.4204,0.45,1.95,1.67,1.82,0.3,8,122,0.52,0.18,0.31,R,,1G320865-004201,G320.859-00.421,,S91,Simbad,228.627,-58.2223
2G3194345-0036543,2G3194345-0036543,319.4345,-0.3654,0.13,0.66,0.57,0.61,0.17,25,74,0.51,,0.21,C,,1G319434-003663,G319.435-00.366,,,Simbad,226.2151,-58.8945
2G3353972+0003974,2G3353972+0003974,335.3972,0.0398,0.05,0.22,0.19,0.2,0.02,34,54,0.55,,0.14,C,,1G335397+000411,G335.398+00.041,,,Simbad,247.1864,-48.6407
2G0273076-0011434,2G0273076-0011434,27.3076,-0.1143,0.54,1.38,1.0,1.21,0.35,5,80,0.69,0.21,0.15,R,,1G027298-001136,,,N46,Simbad,280.3904,-5.0562
2G3370973-0004501,2G3370973-0004501,337.0973,-0.045,0.12,0.32,0.29,0.31,0.07,9,91,0.44,0.08,0.21,R,,1G337097-000484,G337.097-00.045,,,Simbad,249.0142,-47.4555
2G0459616-0038380,2G0459616-0038380,45.9617,-0.3838,0.28,0.79,0.67,0.73,0.17,25,90,0.54,0.2,0.26,R,,1G045963-003839,G045.964-00.385,,,Simbad,289.2297,11.3964
2G0069682-0004858,2G0069682-0004858,6.9683,-0.0486,0.08,0.52,0.35,0.44,0.09,95,86,0.73,,0.15,C,,,G006.968-00.050,,,Simbad,270.3865,-22.956
2G0025192-0002610,2G0025192-0002610,2.5193,-0.0261,0.27,1.36,1.2,1.29,0.17,24,132,0.47,0.16,0.24,R,,1G002520-000238,G002.521-00.024,,CN31,Simbad,267.9001,-26.7912
2G0468470-0003836,2G0468470-0003836,46.8471,-0.0384,0.19,1.99,1.15,1.63,0.3,52,111,0.82,0.18,0.22,R,,1G046841-000471,G046.840-00.041,,,Simbad,289.3398,12.3406
2G0183285+0002640,2G0183285+0002640,18.3285,0.0264,0.17,1.28,0.82,1.07,0.08,36,50,0.77,,0.15,C,,,G018.329+00.024,12.2,,Simbad,276.0603,-12.9547
2G3045004+0065613,2G3045004+0065613,304.5005,0.6561,0.37,0.93,0.87,0.9,0.3,46,78,0.37,,0.19,C,,1G304514+006536,,,,Simbad,196.2212,-62.1747
2G0456863-0022869,2G0456863-0022869,45.6863,-0.2287,0.71,1.2,0.88,1.05,0.32,2,86,0.68,,0.14,C,,1G045691-002272,G045.689-00.235,,,Simbad,288.9588,11.225
2G3189148-0017548,2G3189148-0017548,318.9149,-0.1755,0.15,0.48,0.32,0.41,0.11,5,83,0.75,,0.31,C,,1G318913-001756,,,,Simbad,225.1555,-58.9788
2G0293861-0005365,2G0293861-0005365,29.3861,-0.0537,0.23,0.58,0.53,0.56,0.17,176,20,0.43,,0.23,C,,,G029.385-00.055,,,Simbad,281.2889,-3.1798
2G3336982-0050248,2G3336982-0050248,333.6983,-0.5025,0.54,1.68,1.2,1.46,0.46,165,92,0.7,,0.12,C,,,G333.683-00.512,,,Simbad,245.9646,-50.2374
2G3038276+0011047,2G3038276+0011047,303.8277,0.1105,0.36,0.83,0.61,0.73,0.21,44,95,0.67,,0.24,C,,1G303830+001104,G303.829+00.111,,,Simbad,194.816,-62.7476
2G0026814+0001645,2G0026814+0001645,2.6814,0.0165,0.11,0.94,0.73,0.84,0.11,95,59,0.63,,0.13,C,,1G002680+000221,G002.681+00.011,,,Simbad,267.9517,-26.6301
2G2974640-0073190,2G2974640-0073190,297.4641,-0.7319,0.17,0.38,0.34,0.36,0.08,45,97,0.43,0.08,0.19,R,,,G297.463-00.733,10.7,,Simbad,180.7082,-63.0865
2G0347478-0015472,2G0347478-0015472,34.7479,-0.1547,0.08,0.33,0.26,0.29,0.06,177,67,0.6,,0.24,C,,,G034.749-00.155,,,Simbad,283.8255,1.5456
2G3315653+0025380,2G3315653+0025380,331.5654,0.2538,0.08,0.53,0.42,0.48,0.07,47,113,0.59,,0.2,C,,1G331566+002546,,,,Simbad,242.7152,-51.1799
2G0564208-0002692,2G0564208-0002692,56.4208,-0.0269,0.57,0.53,0.41,0.47,0.25,43,90,0.63,0.09,0.1,C,,,G056.413-00.028,10.0,,Simbad,294.0932,20.7634
2G0531480+0007143,2G0531480+0007143,53.148,0.0714,0.74,3.0,2.27,2.66,0.67,55,92,0.66,0.17,0.08,R,,1G053161+000641,G053.141+00.069,,,Simbad,292.3255,17.9456
2G3264309+0090529,2G3264309+0090529,326.4309,0.9053,0.22,0.52,0.39,0.46,0.14,51,86,0.66,0.15,0.13,R,,,,,,Simbad,235.551,-53.9859
2G3365086+0012101,2G3365086+0012101,336.5087,0.121,0.28,1.59,1.12,1.38,0.43,118,148,0.71,0.28,0.36,R,,1G336515+001282,G336.518+00.119,,S40,Simbad,248.2417,-47.7761
2G0420113-0051112,2G0420113-0051112,42.0113,-0.5111,1.69,8.74,6.36,7.64,1.55,67,130,0.69,0.05,0.43,R,P,1G041993-005250,G042.006-00.500,,N81 N83,Simbad,287.4851,7.8378
2G3510200-0084291,2G3510200-0084291,351.0201,-0.8429,0.44,0.99,0.75,0.88,0.21,33,122,0.66,0.3,0.13,R,,1G351019-008437,G351.020-00.843,,,Simbad,261.4689,-36.9518
2G3331765-0008495,2G3331765-0008495,333.1766,-0.085,1.36,2.71,1.92,2.35,0.66,20,97,0.7,,0.16,C,,1G333174-000855,G333.173-00.068,,,Simbad,244.9254,-50.3109
2G3063607-0029343,2G3063607-0029343,306.3607,-0.2934,0.21,0.94,0.6,0.79,0.09,59,49,0.77,,0.14,C,,1G306362-002930,G306.361-00.291,,,Simbad,200.42,-62.9636
2G3320548-0006084,2G3320548-0006084,332.0549,-0.0609,0.15,0.83,0.66,0.75,0.25,47,92,0.6,,0.13,C,,,G332.046-00.056,,,Simbad,243.627,-51.0739
2G0280313-0006504,2G0280313-0006504,28.0313,-0.065,0.05,0.22,0.15,0.18,0.05,4,131,0.73,0.21,0.28,R,D,,,,,Simbad,280.6785,-4.3901
2G3433223+0043840,2G3433223+0043840,343.3223,0.4384,0.41,0.49,0.37,0.43,0.09,36,78,0.67,,0.16,C,,,G343.324+00.440,,,Simbad,254.2042,-42.4035
2G3384355+0001779,2G3384355+0001779,338.4355,0.0178,0.13,0.25,0.2,0.22,0.08,15,78,0.62,0.07,0.1,C,,,,,,Simbad,250.2542,-46.4172
2G0231534+0053704,2G0231534+0053704,23.1535,0.5371,0.24,1.17,0.92,1.06,0.15,50,69,0.62,0.17,0.17,R,,1G023156+005391,,,,Simbad,277.8843,-8.4458
2G3404247-0058054,2G3404247-0058054,340.4248,-0.5806,0.2,0.67,0.4,0.55,0.18,53,48,0.81,0.13,0.14,R,,1G340425-005810,G340.425-00.581,,,Simbad,252.7635,-45.2941
2G3418992-0047702,2G3418992-0047702,341.8993,-0.477,0.11,0.24,0.15,0.2,0.05,7,53,0.78,,0.14,C,,,G341.900-00.477,,,Simbad,253.9622,-44.0863
2G0339341-0003784,2G0339341-0003784,33.9341,-0.0379,0.82,1.78,1.35,1.58,0.39,95,86,0.65,0.05,0.18,R,,1G033937-000388,G033.941-00.039,10.4,,Simbad,283.3502,0.8746
2G0609415-0008074,2G0609415-0008074,60.9415,-0.0807,1.17,4.31,2.58,3.56,0.81,50,61,0.8,,0.17,C,,1G060930-000902,G060.904-00.064,,,Simbad,296.57,24.6651
2G3488312+0010441,2G3488312+0010441,348.8313,0.1044,0.05,0.21,0.21,0.21,0.05,33,57,0.07,,0.36,C,,,G348.832+00.105,,,Simbad,258.9112,-38.2088
2G3502439+0065684,2G3502439+0065684,350.2439,0.6568,1.49,4.73,3.09,4.0,1.68,73,95,0.76,,0.17,C,,,G350.240+00.654,,,Simbad,259.3758,-36.7376
2G3175090-0063422,2G3175090-0063422,317.5091,-0.6342,0.47,3.27,2.88,3.08,0.31,44,67,0.47,,0.23,C,,1G317512-006294,G317.517-00.629,,,Simbad,223.1162,-60.0353
2G0311047+0012991,2G0311047+0012991,31.1047,0.1299,0.6,0.47,0.3,0.39,0.17,156,115,0.77,0.08,0.19,R,,1G031104+001315,G031.102+00.128,,,Simbad,281.9104,-1.5669
2G3491690+0006761,2G3491690+0006761,349.169,0.0676,0.38,3.51,2.4,3.01,0.23,120,107,0.73,,0.15,C,P,1G349161+000420,G349.185+00.046,,,Simbad,259.1983,-37.9552
2G0355077-0007045,2G0355077-0007045,35.5077,-0.0704,0.85,1.83,1.37,1.62,0.48,168,139,0.67,0.09,0.07,C,,,G035.489-00.079,,,Simbad,284.0973,2.2601
2G3491090-0077462,2G3491090-0077462,349.109,-0.7746,0.21,0.72,0.52,0.63,0.14,49,24,0.69,0.18,0.14,R,,1G349110-007745,G349.110-00.773,,,Simbad,260.0311,-38.489
2G3063273-0032943,2G3063273-0032943,306.3274,-0.3294,0.17,0.5,0.41,0.46,0.11,61,130,0.56,0.11,0.09,C,,,G306.323-00.332,,,Simbad,200.3564,-63.0033
2G3120092+0026653,2G3120092+0026653,312.0092,0.2665,1.34,3.3,2.31,2.85,0.54,21,120,0.71,,0.13,C,,,,,,Simbad,212.0059,-61.2482
2G3530581+0062185,2G3530581+0062185,353.0581,0.6219,1.27,4.45,2.81,3.72,0.68,85,103,0.78,0.23,0.34,R,,,G353.038+00.581,,CS63,Simbad,261.3801,-34.4431
2G3525811+0019611,2G3525811+0019611,352.5811,0.1961,0.28,1.08,0.88,0.99,0.23,48,84,0.58,0.06,0.24,R,,1G352581+001968,G352.574+00.194,,,Simbad,261.4843,-35.0767
2G0117282-0000748,2G0117282-0000748,11.7282,-0.0075,0.17,0.59,0.42,0.51,0.09,12,80,0.7,,0.12,C,,,G011.731-00.009,,,Simbad,272.8347,-18.7812
2G3369824-0000382,2G3369824-0000382,336.9824,-0.0038,0.43,0.34,0.26,0.3,0.19,87,108,0.63,0.07,0.13,R,,,G336.986-00.006,7.8,,Simbad,248.8545,-47.5125
2G3364220-0023482,2G3364220-0023482,336.4221,-0.2348,0.68,0.69,0.49,0.6,0.24,17,80,0.71,0.07,0.16,R,,,,,,Simbad,248.5435,-48.0814
2G3387756-0013540,2G3387756-0013540,338.7757,-0.1354,0.03,0.18,0.18,0.18,0.06,12,60,0.19,,0.23,C,,,G338.777-00.136,,,Simbad,250.7459,-46.2625
2G0486363+0006214,2G0486363+0006214,48.6364,0.0621,0.55,1.73,1.34,1.54,0.25,38,55,0.63,,0.13,C,,,,,,Simbad,290.109,13.9687
2G3241405-0092925,2G3241405-0092925,324.1406,-0.9293,0.58,2.53,1.95,2.26,0.37,105,121,0.64,,0.16,C,,1G324138-009299,,,,Simbad,234.2373,-56.8241
2G3345716+0049090,2G3345716+0049090,334.5717,0.4909,0.29,1.28,0.99,1.14,0.14,152,50,0.63,,0.17,C,,1G334574+004916,G334.571+00.471,,,Simbad,245.8222,-48.9179
2G0286309+0036859,2G0286309+0036859,28.631,0.3686,0.29,1.85,1.49,1.68,0.15,18,69,0.59,,0.13,C,,1G028633+003665,G028.630+00.369,,,Simbad,280.5669,-3.6585
2G0540494-0008774,2G0540494-0008774,54.0495,-0.0877,0.51,2.25,1.43,1.88,0.29,9,43,0.77,,0.12,C,,,,,,Simbad,292.9286,18.6599
2G3314220+0015369,2G3314220+0015369,331.422,0.1537,0.14,0.35,0.26,0.31,0.16,116,167,0.67,0.12,0.13,R,,,G331.424+00.154,,,Simbad,242.656,-51.3508
2G0060419-0013086,2G0060419-0013086,6.0419,-0.1309,1.76,2.61,2.04,2.34,0.92,10,115,0.62,0.2,0.29,R,,1G006057-001279,G006.077-00.135,,CN73,Simbad,269.9636,-23.8012
2G0063738-0048991,2G0063738-0048991,6.3738,-0.4899,0.53,1.78,1.61,1.7,0.32,118,130,0.42,,0.14,C,,1G006378-004715,G006.373-00.482,,,Simbad,270.484,-23.6909
2G0495367-0038855,2G0495367-0038855,49.5368,-0.3886,0.24,0.96,0.83,0.9,0.18,76,77,0.49,0.09,0.19,R,D,1G049536-003891,G049.536-00.386,5.5,,Simbad,290.9569,14.5505
2G0527650+0033257,2G0527650+0033257,52.765,0.3326,0.54,0.75,0.59,0.67,0.26,24,97,0.62,0.08,0.22,R,,1G052766+003333,G052.766+00.333,9.6,,Simbad,291.8922,17.734
2G0209798+0007844,2G0209798+0007844,20.9799,0.0785,0.14,0.48,0.39,0.44,0.06,160,61,0.6,,0.12,C,,1G020977+000789,,,,Simbad,277.2754,-10.5845
2G3202388-0017478,2G3202388-0017478,320.2389,-0.1748,0.11,0.57,0.48,0.53,0.07,53,57,0.54,,0.15,C,,1G320239-001741,G320.240-00.176,,,Simbad,227.3736,-58.3294
2G3339181+0028511,2G3339181+0028511,333.9181,0.2851,0.21,1.32,1.05,1.19,0.12,19,57,0.61,,0.22,C,,1G333916+002839,G333.917+00.286,,,Simbad,245.3388,-49.526
2G3337577-0023169,2G3337577-0023169,333.7578,-0.2317,0.86,0.88,0.66,0.78,0.35,21,92,0.65,0.16,0.12,R,,,G333.756-00.242,,,Simbad,245.7297,-50.0046
2G3531509+0001279,2G3531509+0001279,353.151,0.0128,0.18,1.15,0.96,1.06,0.1,56,49,0.56,,0.24,C,,,G353.144+00.014,,,Simbad,262.0571,-34.7056
2G3379931+0008790,2G3379931+0008790,337.9932,0.0879,0.08,0.29,0.27,0.28,0.07,27,59,0.39,0.16,0.2,R,,1G337993+000881,,,,Simbad,249.7507,-46.7013
2G0241307-0006407,2G0241307-0006407,24.1307,-0.0641,0.72,1.05,0.89,0.97,0.28,178,76,0.54,0.16,0.08,R,,,G024.126-00.066,10.2,,Simbad,278.8785,-7.856
2G0148723-0030886,2G0148723-0030886,14.8723,-0.3089,0.31,1.26,0.88,1.08,0.2,20,41,0.72,0.16,0.15,R,,1G014883-003104,G014.885-00.311,,,Simbad,274.6857,-16.1621
2G0455440-0003818,2G0455440-0003818,45.5441,-0.0382,0.14,0.53,0.33,0.44,0.09,179,158,0.78,0.14,0.14,R,,1G045544-000348,G045.544-00.035,6.0,,Simbad,288.7195,11.1878
2G3111618+0004532,2G3111618+0004532,311.1619,0.0453,0.21,1.28,1.16,1.22,0.19,19,76,0.41,,0.19,C,,1G311160+000441,G311.167+00.049,,,Simbad,210.4326,-61.6981
2G0529451+0028861,2G0529451+0028861,52.9451,0.2886,0.49,0.53,0.32,0.44,0.18,48,60,0.8,,0.19,C,,,G052.951+00.286,,,Simbad,292.0231,17.8713
2G3552197-0001357,2G3552197-0001357,355.2197,-0.0136,0.11,0.59,0.54,0.57,0.1,18,118,0.41,0.28,0.32,R,,1G355219-000153,G355.221-00.015,,CS36,Simbad,263.4515,-32.9912
2G3342842-0015134,2G3342842-0015134,334.2843,-0.1513,0.19,1.16,0.91,1.04,0.11,48,42,0.61,,0.37,C,,1G334287-001536,G334.293-00.157,,,Simbad,246.2138,-49.5733
2G3405852+0035169,2G3405852+0035169,340.5852,0.3517,0.1,0.29,0.19,0.24,0.06,43,66,0.76,0.24,0.44,R,D,1G340584+003512,G340.585+00.350,,,Simbad,251.8994,-44.5725
2G0549474-0031596,2G0549474-0031596,54.9475,-0.316,2.13,4.8,3.19,4.07,0.88,138,140,0.75,0.09,0.11,C,,1G054913-003380,G054.913-00.339,,,Simbad,293.5991,19.3355
2G3480948-0098487,2G3480948-0098487,348.0948,-0.9849,0.7,0.74,0.69,0.72,0.28,42,50,0.35,,0.18,C,,,G348.092-00.988,,,Simbad,259.5037,-39.44
2G3040413+0028953,2G3040413+0028953,304.0414,0.2895,0.47,0.66,0.44,0.56,0.22,45,75,0.74,0.11,0.2,R,,,G304.034+00.290,,,Simbad,195.2678,-62.5615
2G3202380-0024001,2G3202380-0024001,320.238,-0.24,0.44,4.61,2.88,3.84,0.2,73,47,0.78,,0.14,C,P,,G320.278-00.217,,,Simbad,227.4349,-58.3861
2G3530342-0008300,2G3530342-0008300,353.0343,-0.083,0.15,0.62,0.51,0.57,0.1,37,90,0.56,,0.37,C,,1G353035-000852,G353.032-00.083,,,Simbad,262.0753,-34.8559
2G3542141+0097776,2G3542141+0097776,354.2141,0.9778,0.22,1.1,0.99,1.05,0.16,46,70,0.42,,0.18,C,,,G354.214+00.980,,CS50,Simbad,261.8021,-33.2856
2G3272565-0053099,2G3272565-0053099,327.2565,-0.531,0.96,1.04,0.62,0.85,0.27,76,87,0.8,0.02,0.06,C,,,,,,Simbad,238.1847,-54.6044
2G3163512-0040502,2G3163512-0040502,316.3513,-0.405,0.1,0.25,0.17,0.22,0.1,4,115,0.74,0.1,0.14,R,,,G316.353-00.406,,,Simbad,220.8176,-60.33
2G0179802+0012892,2G0179802+0012892,17.9802,0.1289,0.03,0.11,0.1,0.11,0.03,40,57,0.45,,0.19,C,,,,,,Simbad,275.7998,-13.2144
2G3115627+0023811,2G3115627+0023811,311.5628,0.2381,0.09,0.29,0.19,0.25,0.07,50,46,0.74,,0.19,C,,,G311.563+00.239,11.6,,Simbad,211.1311,-61.4029
2G3005195-0017307,2G3005195-0017307,300.5196,-0.1731,0.13,0.59,0.55,0.57,0.11,170,137,0.38,0.08,0.11,C,,1G300517-001733,,,,Simbad,187.5498,-62.9453
2G3239734+0068275,2G3239734+0068275,323.9735,0.6827,0.67,3.18,2.36,2.8,0.4,70,69,0.67,,0.21,C,,1G323967+006905,G323.968+00.649,,,Simbad,232.319,-55.6039
2G3462709+0011450,2G3462709+0011450,346.271,0.1145,0.76,1.47,0.92,1.23,0.32,37,67,0.78,,0.3,C,,1G346272+001125,G346.269+00.126,,,Simbad,256.9486,-40.2692
2G3281101+0010414,2G3281101+0010414,328.1102,0.1041,0.15,1.6,1.5,1.55,0.08,20,72,0.35,,0.25,C,,1G328116+001083,G328.117+00.108,,,Simbad,238.6209,-53.5716
2G3384319-0021195,2G3384319-0021195,338.432,-0.2119,0.07,0.83,0.58,0.72,0.04,9,9,0.72,,0.3,C,,,G338.430-00.214,,,Simbad,250.5013,-46.5716
2G0281655-0016566,2G0281655-0016566,28.1655,-0.1657,0.22,0.73,0.44,0.6,0.08,156,67,0.8,,0.18,C,,,G028.164-00.164,,,Simbad,280.8299,-4.3168
2G0286989+0001486,2G0286989+0001486,28.699,0.0149,0.29,1.08,0.8,0.95,0.16,178,98,0.67,0.06,0.2,R,,1G028708+000208,G028.702+00.014,,,Simbad,280.9133,-3.7597
2G0218721+0022265,2G0218721+0022265,21.8721,0.2226,0.46,1.45,1.21,1.34,0.27,36,70,0.55,,0.25,C,,1G021871+002260,G021.869+00.231,,,Simbad,277.566,-9.7272
2G0495386+0016525,2G0495386+0016525,49.5387,0.1653,0.13,0.56,0.4,0.48,0.06,71,81,0.71,,0.16,C,,1G049538+001652,G049.534+00.165,,,Simbad,290.453,14.8136
2G3492068+0010280,2G3492068+0010280,349.2068,0.1028,0.22,0.9,0.6,0.76,0.14,73,100,0.75,0.1,0.11,C,,1G349207+001055,G349.209+00.105,,,Simbad,259.1897,-37.904
2G3583579-0044147,2G3583579-0044147,358.3579,-0.4415,0.06,0.97,0.63,0.82,0.05,64,78,0.76,,0.18,C,,1G358361-004425,G358.355-00.448,,,Simbad,265.8491,-30.5667
2G0173468-0014361,2G0173468-0014361,17.3468,-0.1436,0.23,0.66,0.44,0.56,0.11,78,72,0.75,,0.23,C,,,,,,Simbad,275.7418,-13.9016
2G3391279-0073110,2G3391279-0073110,339.1279,-0.7311,0.71,6.63,4.25,5.57,0.49,107,97,0.77,,0.2,C,,1G339188-006665,G339.169-00.698,,,Simbad,251.7324,-46.3842
2G0394310-0018958,2G0394310-0018958,39.431,-0.1896,0.07,0.27,0.19,0.24,0.06,151,130,0.7,0.32,0.09,R,,,G039.432-00.189,,,Simbad,286.0024,5.6946
2G3532274-0021158,2G3532274-0021158,353.2274,-0.2116,0.41,1.47,1.22,1.35,0.37,29,100,0.56,0.12,0.15,R,,1G353227-002133,,,,Simbad,262.3359,-34.7663
2G0239622+0017023,2G0239622+0017023,23.9622,0.1702,0.26,0.69,0.56,0.63,0.16,51,95,0.59,0.08,0.1,C,,,G023.962+00.172,,,Simbad,278.5903,-7.8977
2G3079929-0100841,2G3079929-0100841,307.9929,-1.0084,0.07,0.24,0.21,0.23,0.07,45,122,0.47,0.2,0.2,R,,,,,,Simbad,204.2332,-63.4322
2G3360856-0006466,2G3360856-0006466,336.0856,-0.0647,0.4,0.87,0.67,0.78,0.26,56,75,0.63,0.1,0.23,R,,1G336085-000702,G336.086-00.074,,,Simbad,248.0135,-48.2122
2G0287131-0030140,2G0287131-0030140,28.7131,-0.3014,0.14,0.88,0.72,0.8,0.07,28,72,0.58,,0.22,C,,1G028714-003004,G028.713-00.303,,,Simbad,281.2017,-3.8917
2G0389273-0035644,2G0389273-0035644,38.9273,-0.3564,0.09,0.39,0.25,0.33,0.05,69,22,0.76,,0.17,C,,,G038.925-00.356,,,Simbad,285.9193,5.1705
2G3276082-0038367,2G3276082-0038367,327.6083,-0.3837,0.62,2.01,1.22,1.66,0.4,60,66,0.8,0.04,0.13,R,,,G327.582-00.379,,,Simbad,238.4914,-54.2673
2G3424285-0004660,2G3424285-0004660,342.4286,-0.0466,0.27,0.52,0.42,0.47,0.13,27,89,0.6,0.12,0.19,R,,1G342430-000495,G342.429-00.046,,,Simbad,253.9573,-43.4041
2G0225678-0005400,2G0225678-0005400,22.5679,-0.054,0.17,1.01,0.9,0.95,0.09,18,106,0.46,,0.35,C,,,G022.571-00.053,,,Simbad,278.141,-9.2382
2G0395496-0015864,2G0395496-0015864,39.5497,-0.1586,0.13,0.34,0.25,0.3,0.16,15,129,0.66,0.09,0.12,C,,,G039.548-00.160,,,Simbad,286.0294,5.8143
2G3447702-0053247,2G3447702-0053247,344.7702,-0.5325,1.47,3.18,2.51,2.86,0.84,8,125,0.61,0.32,0.11,R,,1G344754-005440,G344.753-00.548,,S14,Simbad,256.4365,-41.8573
2G0608726-0010968,2G0608726-0010968,60.8726,-0.1097,0.33,0.46,0.44,0.45,0.12,170,88,0.29,0.05,0.32,R,,1G060872-001074,G060.873-00.108,,,Simbad,296.5595,24.5909
2G0236168-0037741,2G0236168-0037741,23.6168,-0.3774,0.5,2.03,1.44,1.76,0.36,27,90,0.7,,0.14,C,,,,,,Simbad,278.9207,-8.4564
2G3467995+0031526,2G3467995+0031526,346.7996,0.3153,0.13,0.64,0.6,0.62,0.12,74,87,0.36,,0.15,C,,1G346800+003152,G346.800+00.314,,,Simbad,257.1515,-39.7256
2G0315221+0015375,2G0315221+0015375,31.5222,0.1537,0.46,1.37,1.01,1.2,0.25,139,137,0.68,0.06,0.14,R,,1G031522+001513,G031.519+00.150,,,Simbad,282.0798,-1.1845
2G3055347-0004646,2G3055347-0004646,305.5347,-0.0465,0.76,1.84,1.22,1.56,0.54,8,129,0.75,0.02,0.1,C,,1G305535-000477,G305.526-00.037,,,Simbad,198.5616,-62.8029
2G0282975+0018445,2G0282975+0018445,28.2975,0.1845,0.16,0.45,0.33,0.4,0.13,170,117,0.68,0.15,0.15,R,,1G028299+001857,G028.293+00.184,,,Simbad,280.5781,-4.0393
2G3039758-0003811,2G3039758-0003811,303.9758,-0.0381,0.21,0.73,0.47,0.61,0.2,62,80,0.76,0.28,0.34,R,,1G303976-000371,G303.973-00.035,,,Simbad,195.1508,-62.8913
2G3071215-0057395,2G3071215-0057395,307.1215,-0.5739,0.08,0.35,0.32,0.33,0.06,67,112,0.43,0.18,0.38,R,,1G307121-005741,G307.120-00.573,,,Simbad,202.1652,-63.1425
2G3294772-0029918,2G3294772-0029918,329.4772,-0.2992,0.11,0.8,0.54,0.68,0.09,43,33,0.74,,0.19,C,,,,,,Simbad,240.7978,-52.9906
2G3315602-0012230,2G3315602-0012230,331.5603,-0.1223,0.56,0.62,0.38,0.51,0.33,33,76,0.78,0.06,0.13,R,,,G331.559-00.128,,,Simbad,243.1199,-51.4583
2G0324355+0009274,2G0324355+0009274,32.4355,0.0927,0.05,0.56,0.47,0.51,0.04,45,14,0.55,,0.18,C,,,G032.436+00.092,,,Simbad,282.5506,-0.3995
2G0289382-0056670,2G0289382-0056670,28.9382,-0.5667,0.31,1.12,0.9,1.02,0.23,165,135,0.59,0.25,0.12,R,D,1G028938-005661,,,,Simbad,281.5413,-3.8125
2G0346857+0001050,2G0346857+0001050,34.6858,0.0105,0.1,0.63,0.42,0.53,0.08,4,68,0.75,,0.13,C,,1G034686+000116,G034.687+00.012,,,Simbad,283.6501,1.5657
2G0483944+0028941,2G0483944+0028941,48.3945,0.2894,0.07,0.36,0.29,0.33,0.04,157,77,0.59,,0.16,C,,1G048394+002886,G048.395+00.288,,,Simbad,289.7853,13.8617
2G3143598+0048815,2G3143598+0048815,314.3598,0.4882,0.05,0.22,0.16,0.19,0.02,10,68,0.71,,0.18,C,,,,,,Simbad,216.4125,-60.2764
2G0299557-0001015,2G0299557-0001015,29.9557,-0.0102,0.18,0.43,0.33,0.38,0.1,67,121,0.63,0.04,0.12,R,,1G029955-000094,,,,Simbad,281.5105,-2.6532
2G0320207-0039390,2G0320207-0039390,32.0207,-0.3939,0.83,6.51,4.59,5.63,0.65,63,72,0.71,,0.17,C,,,G032.034-00.375,,,Simbad,282.7946,-0.9906
2G3139953-0010911,2G3139953-0010911,313.9953,-0.1091,0.6,1.52,1.28,1.41,0.43,163,109,0.54,0.04,0.15,R,,1G313995-001109,,,,Simbad,216.1483,-60.964
2G3367791-0001385,2G3367791-0001385,336.7792,-0.0138,0.56,2.44,1.73,2.11,0.36,5,115,0.7,0.1,0.17,R,,,,,,Simbad,248.6618,-47.669
2G0562654-0027789,2G0562654-0027789,56.2655,-0.2779,0.66,0.95,0.71,0.84,0.29,26,88,0.66,0.23,0.15,R,,1G056266-002766,G056.261-00.281,,,Simbad,294.2463,20.5053
2G3288142+0031373,2G3288142+0031373,328.8142,0.3137,0.46,1.26,0.95,1.11,0.19,71,109,0.66,0.06,0.36,R,,1G328814+003154,G328.814+00.313,,,Simbad,239.2993,-52.9593
2G3444003+0005283,2G3444003+0005283,344.4004,0.0528,0.09,0.43,0.31,0.37,0.04,81,80,0.7,,0.16,C,,,,,,Simbad,255.5112,-41.7949
2G3500903+0009052,2G3500903+0009052,350.0903,0.0905,0.28,0.5,0.28,0.4,0.1,3,16,0.82,,0.22,C,,,G350.092+00.087,,,Simbad,259.8447,-37.1891
2G0500188-0005354,2G0500188-0005354,50.0188,-0.0535,1.14,2.1,1.82,1.96,0.5,27,67,0.5,,0.2,C,,1G050015-000475,,,,Simbad,290.8872,15.1337
2G0132080-0018024,2G0132080-0018024,13.2081,-0.1802,0.14,0.88,0.63,0.77,0.07,37,47,0.69,,0.25,C,,1G013209-001804,G013.205-00.183,,,Simbad,273.7409,-17.5652
2G3067440+0026398,2G3067440+0026398,306.744,0.264,0.27,1.89,1.44,1.68,0.27,20,80,0.64,0.37,0.51,R,,1G306742+002620,G306.740+00.264,,S147,Simbad,201.0999,-62.3635
2G0238270+0013586,2G0238270+0013586,23.8271,0.1359,0.05,0.27,0.17,0.22,0.05,29,156,0.76,,0.17,C,,,G023.826+00.135,,,Simbad,278.5581,-8.0334
2G0503091+0066216,2G0503091+0066216,50.3092,0.6622,0.17,0.28,0.21,0.25,0.08,124,88,0.67,,0.15,C,,,,,,Simbad,290.3745,15.7272
2G3363508-0023883,2G3363508-0023883,336.3508,-0.2388,1.55,2.49,1.81,2.18,0.72,22,83,0.69,0.06,0.13,R,,1G336348-002474,,,,Simbad,248.4754,-48.1365
2G3123076+0066935,2G3123076+0066935,312.3077,0.6694,0.04,0.25,0.16,0.21,0.02,138,84,0.76,,0.34,C,,,G312.307+00.669,,,Simbad,212.3497,-60.7753
2G0025848-0000801,2G0025848-0000801,2.5848,-0.008,0.09,0.57,0.39,0.49,0.05,172,64,0.73,,0.14,C,,1G002585-000053,G002.584-00.008,,,Simbad,267.9201,-26.7257
2G0547524+0074391,2G0547524+0074391,54.7524,0.7439,0.13,0.68,0.48,0.59,0.08,13,118,0.71,0.07,0.17,R,,1G054753+007453,G054.753+00.745,,,Simbad,292.5143,19.676
2G3375300-0040422,2G3375300-0040422,337.5301,-0.4042,0.13,0.66,0.51,0.59,0.14,158,127,0.63,0.24,0.28,R,,1G337530-004036,G337.527-00.402,,,Simbad,249.8367,-47.3745
2G3501963+0001328,2G3501963+0001328,350.1964,0.0133,0.37,1.18,1.0,1.09,0.21,34,90,0.53,,0.2,C,,1G350195+000147,G350.201+00.013,,,Simbad,260.0004,-37.1464
2G3340155+0011076,2G3340155+0011076,334.0156,0.1108,0.35,0.81,0.58,0.7,0.25,100,116,0.69,0.09,0.12,C,,,G334.022+00.106,,,Simbad,245.6351,-49.5803
2G3280352-0047978,2G3280352-0047978,328.0352,-0.4798,2.03,3.97,2.86,3.46,1.17,58,94,0.69,0.05,0.09,C,,,G328.029-00.488,,,Simbad,239.1569,-54.068
2G3474884+0017434,2G3474884+0017434,347.4884,0.1744,1.16,7.85,6.3,7.12,1.46,132,84,0.6,0.07,0.09,C,,1G347529+002163,G347.495+00.171,,,Simbad,257.8288,-39.2554
2G0240211+0005449,2G0240211+0005449,24.0211,0.0545,0.09,0.38,0.26,0.32,0.05,125,84,0.71,,0.19,C,,,G024.019+00.053,,,Simbad,278.7213,-7.8987
2G0447056+0005015,2G0447056+0005015,44.7057,0.0502,0.61,1.46,1.03,1.26,0.37,100,103,0.71,0.22,0.11,R,,1G044706+000540,G044.704+00.048,,,Simbad,288.2435,10.4863
2G0408431-0021837,2G0408431-0021837,40.8432,-0.2184,1.74,2.09,1.6,1.86,0.85,38,120,0.64,0.07,0.13,R,,1G040849-002181,G040.855-00.224,,,Simbad,286.6806,6.9359
2G3273159-0054990,2G3273159-0054990,327.316,-0.5499,0.17,0.57,0.43,0.5,0.11,18,76,0.65,0.1,0.09,C,,1G327314-005502,,,,Simbad,238.2848,-54.5813
2G3411153-0018790,2G3411153-0018790,341.1153,-0.1879,0.68,2.87,2.23,2.57,0.73,56,78,0.63,,0.2,C,,1G341137-001890,G341.125-00.188,,,Simbad,252.9573,-44.5117
2G0251186+0046537,2G0251186+0046537,25.1187,0.4654,0.14,0.63,0.54,0.59,0.1,6,96,0.52,0.17,0.23,R,,1G025119+004642,,,,Simbad,278.8629,-6.7352
2G0437924+0013761,2G0437924+0013761,43.7924,0.1376,0.09,0.34,0.28,0.31,0.09,67,97,0.57,0.07,0.21,R,,1G043793+001376,G043.793+00.138,,,Simbad,287.7354,9.7172
2G3457835-0017252,2G3457835-0017252,345.7835,-0.1725,0.11,0.38,0.35,0.37,0.1,35,96,0.39,0.26,0.29,R,,1G345784-001726,G345.783-00.172,,,Simbad,256.8661,-40.8315
2G0454698+0012452,2G0454698+0012452,45.4698,0.1245,0.15,0.42,0.24,0.34,0.08,70,60,0.83,0.13,0.14,R,,,,,,Simbad,288.5374,11.1976
2G0026063+0018069,2G0026063+0018069,2.6063,0.1807,0.43,1.3,0.98,1.15,0.25,25,94,0.66,0.1,0.17,R,,,G002.600+00.174,,CN33,Simbad,267.7509,-26.6107
2G0347587+0001900,2G0347587+0001900,34.7587,0.019,0.14,0.61,0.42,0.53,0.08,82,70,0.73,,0.15,C,,,G034.756+00.022,7.0,,Simbad,283.6758,1.6344
2G3315152-0004930,2G3315152-0004930,331.5153,-0.0493,0.62,1.71,1.11,1.44,0.37,95,123,0.76,0.06,0.13,R,,1G331522-000474,,,,Simbad,242.9871,-51.4358
2G0288514+0006093,2G0288514+0006093,28.8515,0.0609,0.84,1.15,0.86,1.01,0.35,47,109,0.67,,0.13,C,,,G028.861+00.065,7.4,,Simbad,280.9421,-3.6031
2G3042621-0039097,2G3042621-0039097,304.2621,-0.391,0.44,0.83,0.73,0.78,0.33,24,84,0.47,0.19,0.2,R,,1G304263-003919,G304.264-00.393,,,Simbad,195.814,-63.2322
2G3502782-0030301,2G3502782-0030301,350.2783,-0.303,0.21,1.16,0.93,1.05,0.16,26,91,0.6,,0.17,C,,1G350280-003033,G350.276-00.301,,,Simbad,260.3852,-37.2596
2G0350554+0033761,2G0350554+0033761,35.0555,0.3376,0.34,1.78,1.37,1.59,0.18,23,60,0.64,,0.14,C,,1G035054+003345,G035.063+00.330,10.2,,Simbad,283.5275,2.0439
2G3512385-0001367,2G3512385-0001367,351.2386,-0.0137,0.12,0.52,0.44,0.48,0.17,35,78,0.53,0.41,0.23,R,,1G351238-000155,G351.238-00.013,,,Simbad,260.7679,-36.3047
2G0026964+0003216,2G0026964+0003216,2.6965,0.0322,0.09,0.46,0.31,0.39,0.06,5,57,0.73,0.23,0.13,R,,1G002696+000354,G002.696+00.033,,CN34,Simbad,267.9453,-26.6091
2G3527598-0034918,2G3527598-0034918,352.7598,-0.3492,0.11,0.25,0.23,0.24,0.06,178,35,0.41,,0.29,C,,,G352.760-00.350,,,Simbad,262.16,-35.2319
2G0536152-0024302,2G0536152-0024302,53.6153,-0.243,0.14,0.59,0.41,0.51,0.09,67,75,0.72,,0.2,C,,1G053614-002437,G053.610-00.246,,,Simbad,292.8516,18.2045
2G3368669+0001198,2G3368669+0001198,336.867,0.012,0.07,0.51,0.32,0.42,0.03,37,50,0.78,,0.16,C,,,,,,Simbad,248.7217,-47.5869
2G3300232-0049380,2G3300232-0049380,330.0232,-0.4938,0.92,1.29,1.01,1.16,0.4,47,98,0.62,0.06,0.34,R,,1G330027-004975,G330.028-00.493,,,Simbad,241.6878,-52.7726
2G0203315+0024988,2G0203315+0024988,20.3316,0.2499,0.15,0.53,0.38,0.46,0.07,26,47,0.7,,0.17,C,,1G020333+002527,G020.335+00.252,,,Simbad,276.8141,-11.0788
2G3455977-0022089,2G3455977-0022089,345.5978,-0.2209,0.1,0.42,0.36,0.4,0.11,35,107,0.52,0.27,0.35,R,,1G345598-002201,G345.599-00.221,,,Simbad,256.7698,-41.009
2G3459115-0025809,2G3459115-0025809,345.9115,-0.2581,0.29,1.22,0.91,1.08,0.25,31,60,0.67,0.17,0.2,R,,1G345913-002554,G345.915-00.257,,,Simbad,257.058,-40.7803
2G3091502-0020632,2G3091502-0020632,309.1503,-0.2063,1.11,2.47,1.48,2.03,0.66,6,97,0.8,0.12,0.32,R,,1G309152-002069,G309.151-00.215,,,Simbad,206.3907,-62.4228
2G3177195-0019096,2G3177195-0019096,317.7196,-0.191,1.42,3.43,2.08,2.84,0.74,115,110,0.8,0.03,0.12,C,,1G317752-001830,G317.765-00.195,,,Simbad,223.0952,-59.5448
2G3123250-0035579,2G3123250-0035579,312.325,-0.3558,0.38,1.35,1.12,1.24,0.23,27,86,0.56,0.1,0.2,R,,1G312321-003540,G312.325-00.357,,,Simbad,213.0277,-61.7474
2G3459373-0001771,2G3459373-0001771,345.9373,-0.0177,0.19,0.48,0.37,0.43,0.09,9,40,0.65,0.09,0.13,R,,1G345937-000185,G345.936-00.020,,,Simbad,256.8245,-40.6155
2G0547834+0086030,2G0547834+0086030,54.7835,0.8603,0.17,1.6,1.35,1.48,0.12,168,50,0.54,,0.21,C,,1G054785+008669,G054.779+00.862,4.9,,Simbad,292.4216,19.7591
2G0392267-0005054,2G0392267-0005054,39.2268,-0.0505,0.23,0.53,0.42,0.48,0.12,40,140,0.61,0.09,0.13,R,,1G039226-000482,G039.225-00.053,11.8,,Simbad,285.7841,5.5769
2G3551951-0003577,2G3551951-0003577,355.1952,-0.0358,0.05,0.11,0.1,0.11,0.08,85,111,0.4,0.12,0.2,R,,,G355.195-00.037,,CS37,Simbad,263.4578,-33.0238
2G3412883-0008272,2G3412883-0008272,341.2884,-0.0827,0.07,0.31,0.25,0.28,0.06,170,47,0.59,0.16,0.31,R,,,G341.289-00.083,,,Simbad,252.9978,-44.3112
2G0292240-0026937,2G0292240-0026937,29.2241,-0.2694,0.17,1.3,1.19,1.25,0.09,74,68,0.4,,0.14,C,D,,G029.224-00.271,,,Simbad,281.407,-3.4225
2G0119034-0013728,2G0119034-0013728,11.9035,-0.1373,0.81,0.88,0.72,0.8,0.29,53,87,0.57,0.09,0.05,C,,,G011.890-00.134,,,Simbad,273.0439,-18.69
2G3515289-0054235,2G3515289-0054235,351.529,-0.5423,0.46,4.96,4.12,4.56,0.3,112,105,0.55,,0.2,C,,1G351498-005316,G351.516-00.540,,,Simbad,261.5132,-36.3619
2G0596039+0032403,2G0596039+0032403,59.6039,0.324,0.2,1.91,1.73,1.82,0.17,32,51,0.42,,0.26,C,,1G059602+003212,G059.600+00.316,4.3,N126,Simbad,295.4539,23.7078
2G0237025+0016745,2G0237025+0016745,23.7026,0.1675,0.05,0.28,0.19,0.24,0.03,52,71,0.74,,0.33,C,,,G023.705+00.165,6.0,,Simbad,278.4718,-8.1293
2G3410658-0003258,2G3410658-0003258,341.0658,-0.0326,1.16,2.99,2.06,2.56,0.7,36,65,0.73,,0.25,C,,1G341062-000433,G341.090-00.017,,,Simbad,252.7453,-44.4509
2G0420781+0035603,2G0420781+0035603,42.0782,0.356,0.12,0.83,0.66,0.75,0.07,172,32,0.61,,0.15,C,,1G042077+003567,G042.073+00.360,,,Simbad,286.739,8.2967
2G3492442+0010873,2G3492442+0010873,349.2443,0.1087,0.1,0.25,0.14,0.2,0.05,176,95,0.84,0.14,0.11,R,,,G349.246+00.108,,,Simbad,259.2112,-37.87
2G3498624+0006910,2G3498624+0006910,349.8624,0.0691,0.84,2.16,1.25,1.77,0.33,107,53,0.82,,0.17,C,,,G349.860+00.062,,,Simbad,259.7023,-37.388
2G0136554-0058668,2G0136554-0058668,13.6554,-0.5867,0.08,0.34,0.27,0.31,0.05,54,100,0.61,0.12,0.21,R,,1G013655-005866,G013.655-00.587,,,Simbad,274.3389,-17.3653
2G0389520-0073009,2G0389520-0073009,38.952,-0.7301,0.37,3.68,3.56,3.62,0.33,38,65,0.26,,0.34,C,,1G038962-007345,G038.945-00.732,,N76,Simbad,286.2641,5.021
2G0271442+0061903,2G0271442+0061903,27.1442,0.619,0.13,0.54,0.42,0.48,0.1,49,76,0.64,0.23,0.28,R,,1G027145+006201,G027.145+00.620,,,Simbad,279.6609,-4.8655
2G0193872-0003351,2G0193872-0003351,19.3873,-0.0335,0.11,0.39,0.28,0.34,0.05,177,72,0.69,,0.14,C,,1G019388-000313,G019.389-00.038,,,Simbad,276.6211,-12.0464
2G3239362-0001315,2G3239362-0001315,323.9363,-0.0132,0.44,3.15,1.63,2.5,0.25,91,85,0.86,0.07,0.35,R,,1G323937-000185,G323.936-00.038,,,Simbad,232.9714,-56.1971
2G0344863+0018076,2G0344863+0018076,34.4864,0.1808,0.1,0.67,0.4,0.55,0.05,71,116,0.8,,0.14,C,,,,,,Simbad,283.4075,1.4659
2G3005582+0023435,2G3005582+0023435,300.5582,0.2344,3.05,11.29,9.05,10.23,1.96,51,85,0.6,,0.29,C,,,G300.566+00.169,,,Simbad,187.706,-62.5423
2G0167868+0013572,2G0167868+0013572,16.7868,0.1357,0.56,1.55,1.12,1.35,0.38,135,34,0.69,,0.13,C,,,G016.798+00.126,,,Simbad,275.2163,-14.2645
2G3052009+0000985,2G3052009+0000985,305.201,0.0099,0.1,0.26,0.2,0.23,0.07,2,128,0.64,0.1,0.14,R,,1G305201+000102,G305.201+00.009,4.9,,Simbad,197.8242,-62.7743
2G3019100+0036152,2G3019100+0036152,301.9101,0.3615,0.54,0.61,0.49,0.56,0.22,176,117,0.6,0.09,0.09,C,,,G301.909+00.355,,,Simbad,190.6467,-62.4927
2G3318069-0015768,2G3318069-0015768,331.8069,-0.1577,0.59,1.52,1.01,1.29,0.3,37,18,0.75,,0.15,C,,1G331803-001579,G331.797-00.148,,,Simbad,243.4463,-51.3149
2G3470931-0005203,2G3470931-0005203,347.0931,-0.052,0.89,2.36,1.5,1.98,0.46,95,68,0.77,0.2,0.21,R,,1G347091-000511,G347.100-00.043,,,Simbad,257.7623,-39.708
2G3262346-0021503,2G3262346-0021503,326.2346,-0.215,0.1,0.99,0.93,0.96,0.08,17,76,0.35,,0.34,C,,1G326234-002135,,,,Simbad,236.4567,-54.9943
2G0060109-0037044,2G0060109-0037044,6.0109,-0.3705,0.29,1.43,1.06,1.26,0.24,6,65,0.67,,0.13,C,,,G006.005-00.368,,,Simbad,270.1742,-23.9471
2G3364647+0003264,2G3364647+0003264,336.4648,0.0326,0.24,1.19,0.75,1.0,0.15,59,40,0.78,0.08,0.12,R,,1G336457+000318,G336.455+00.042,11.4,,Simbad,248.2936,-47.8685
2G3026034-0081909,2G3026034-0081909,302.6035,-0.8191,1.37,4.92,3.7,4.35,1.0,59,79,0.66,0.11,0.13,R,,1G302597-007907,G302.614-00.756,,,Simbad,192.1186,-63.689
2G0552668+0025000,2G0552668+0025000,55.2668,0.25,0.28,1.34,1.27,1.3,0.33,26,115,0.31,0.46,0.31,R,,1G055267+002505,G055.268+00.250,,N120,Simbad,293.2375,19.889
2G3330387-0043347,2G3330387-0043347,333.0387,-0.4335,0.35,1.39,1.2,1.3,0.2,29,97,0.5,0.14,0.11,R,,,,,,Simbad,245.1564,-50.6556
2G0194075+0012237,2G0194075+0012237,19.4076,0.1224,0.04,0.2,0.13,0.17,0.04,21,107,0.76,,0.21,C,,,,,,Simbad,276.4898,-11.9558
2G3406367+0036334,2G3406367+0036334,340.6367,0.3633,0.16,1.44,1.33,1.39,0.09,176,65,0.39,,0.15,C,,1G340634+003620,G340.628+00.357,,,Simbad,251.9337,-44.5257
2G0162421+0003926,2G0162421+0003926,16.2422,0.0393,0.23,0.63,0.54,0.59,0.11,2,74,0.52,,0.26,C,,1G016244+000407,G016.243+00.039,,,Simbad,275.0389,-14.7903
2G0090333-0014410,2G0090333-0014410,9.0333,-0.1441,0.45,4.18,3.95,4.07,0.34,172,74,0.33,,0.13,C,,1G009043-001432,G009.035-00.144,,,Simbad,271.5714,-21.2045
2G0139995-0020308,2G0139995-0020308,13.9996,-0.2031,0.71,1.6,1.07,1.36,0.42,163,62,0.75,,0.18,C,,1G014001-002048,G014.000-00.206,,,Simbad,274.1567,-16.8802
2G3167741-0006516,2G3167741-0006516,316.7741,-0.0652,1.26,2.35,1.49,1.96,0.6,52,66,0.77,,0.17,C,,1G316758-000613,G316.796-00.056,2.5,S111,Simbad,221.3003,-59.8439
2G0530951+0024920,2G0530951+0024920,53.0951,0.2492,0.59,1.23,0.97,1.11,0.32,32,86,0.61,,0.13,C,,,,,,Simbad,292.1348,17.9842
2G0327787-0012570,2G0327787-0012570,32.7788,-0.1257,0.06,0.35,0.23,0.29,0.04,49,31,0.74,,0.16,C,,,G032.779-00.126,,,Simbad,282.9015,-0.1936
2G0120682-0002744,2G0120682-0002744,12.0683,-0.0274,0.11,0.88,0.69,0.79,0.11,168,66,0.63,,0.13,C,,1G012068-000239,G012.067-00.028,,,Simbad,273.0258,-18.4926
2G0506282+0028866,2G0506282+0028866,50.6283,0.2887,0.4,1.39,0.76,1.12,0.31,145,135,0.84,0.17,0.24,R,,1G050623+002820,G050.623+00.281,,,Simbad,290.8731,15.8325
2G3373145-0020488,2G3373145-0020488,337.3146,-0.2049,0.12,0.23,0.19,0.21,0.05,39,116,0.59,0.18,0.15,R,,,G337.314-00.205,,,Simbad,249.405,-47.4019
2G3498863+0013262,2G3498863+0013262,349.8864,0.1326,0.43,2.22,1.32,1.83,0.2,100,57,0.81,,0.19,C,,1G349889+001407,G349.894+00.145,,,Simbad,259.6543,-37.3318
2G0562736-0057164,2G0562736-0057164,56.2737,-0.5716,0.19,0.53,0.4,0.47,0.15,33,69,0.66,0.43,0.06,R,,1G056274-005712,G056.274-00.571,,,Simbad,294.5239,20.3687
2G3326480-0060623,2G3326480-0060623,332.648,-0.6062,0.09,0.5,0.32,0.42,0.07,54,98,0.77,0.11,0.35,R,,1G332649-006069,,,,Simbad,244.9086,-51.0531
2G0443582-0005831,2G0443582-0005831,44.3582,-0.0583,0.54,1.89,1.24,1.6,0.29,57,77,0.75,,0.15,C,,,G044.375-00.076,6.1,,Simbad,288.1775,10.1281
2G3125926-0050597,2G3125926-0050597,312.5927,-0.506,0.28,0.74,0.52,0.64,0.18,161,81,0.71,0.11,0.16,R,,1G312592-005035,G312.591-00.503,,,Simbad,213.6646,-61.8068
2G3361097+0001933,2G3361097+0001933,336.1097,0.0193,0.99,2.26,1.65,1.98,0.46,88,120,0.68,0.07,0.13,R,,1G336106+000084,G336.097+00.005,,,Simbad,247.9462,-48.1372
2G3501054+0006472,2G3501054+0006472,350.1055,0.0647,0.06,0.21,0.13,0.18,0.03,94,54,0.8,,0.22,C,,,G350.105+00.064,,,Simbad,259.8822,-37.1915
2G3039101-0072147,2G3039101-0072147,303.9101,-0.7215,1.8,2.98,2.1,2.58,0.91,17,111,0.71,0.19,0.18,R,P,1G303913-007165,G303.915-00.735,,S163,Simbad,195.0579,-63.5765
2G3278894-0005292,2G3278894-0005292,327.8894,-0.0529,1.05,4.31,3.24,3.81,0.88,54,101,0.66,,0.13,C,,1G327889-000446,G327.889-00.045,,,Simbad,238.5023,-53.8332
2G3101623-0012775,2G3101623-0012775,310.1623,-0.1278,0.35,0.98,0.7,0.85,0.2,112,109,0.7,0.1,0.15,R,D,,G310.168-00.132,11.5,,Simbad,208.4728,-62.1196
2G0023189-0014641,2G0023189-0014641,2.3189,-0.1464,0.2,0.91,0.81,0.86,0.12,43,57,0.46,,0.14,C,,1G002319-001476,G002.317-00.149,,,Simbad,267.9014,-27.025
2G3090233-0027870,2G3090233-0027870,309.0234,-0.2787,0.19,0.84,0.59,0.72,0.1,29,63,0.71,,0.13,C,,1G309021-002784,G309.026-00.277,,,Simbad,206.1544,-62.5198
2G3285712-0051854,2G3285712-0051854,328.5712,-0.5185,0.67,1.12,0.93,1.03,0.28,86,118,0.56,0.12,0.13,R,,1G328561-005077,G328.572-00.527,3.4,,Simbad,239.8929,-53.7505
2G0577963+0004120,2G0577963+0004120,57.7964,0.0412,0.78,0.76,0.58,0.68,0.29,52,122,0.65,0.1,0.16,R,,,G057.801+00.042,,,Simbad,294.7528,21.9961
2G0043857+0007361,2G0043857+0007361,4.3857,0.0736,0.19,0.96,0.68,0.83,0.09,147,52,0.71,,0.15,C,,,,,CN58,Simbad,268.8579,-25.1323
2G0220283+0021485,2G0220283+0021485,22.0283,0.2149,0.76,1.07,0.78,0.94,0.64,164,99,0.68,0.07,0.12,R,,1G022027+002159,G022.026+00.212,,,Simbad,277.6464,-9.5923
2G3330424-0039830,2G3330424-0039830,333.0425,-0.3983,0.22,0.53,0.39,0.46,0.11,14,90,0.69,0.09,0.13,R,,1G333042-003996,,,,Simbad,245.1216,-50.628
2G2957929-0014970,2G2957929-0014970,295.7929,-0.1497,0.38,0.76,0.62,0.69,0.25,65,74,0.59,0.17,0.21,R,D,,,,,Simbad,177.4249,-62.1627
2G0215196-0025384,2G0215196-0025384,21.5197,-0.2539,0.26,1.54,1.08,1.33,0.14,7,36,0.71,,0.12,C,,,G021.521-00.253,,,Simbad,277.8293,-10.2601
2G3317574+0007777,2G3317574+0007777,331.7574,0.0778,0.28,2.17,1.58,1.9,0.16,17,14,0.69,,0.14,C,,,G331.760+00.064,,,Simbad,243.1307,-51.1775
2G0107506-0007229,2G0107506-0007229,10.7507,-0.0723,0.19,0.54,0.3,0.44,0.21,54,54,0.83,,0.13,C,,,G010.749-00.072,,,Simbad,272.3951,-19.6686
2G0152934-0088028,2G0152934-0088028,15.2934,-0.8803,0.23,1.61,0.85,1.29,0.22,23,22,0.85,0.15,0.22,R,,1G015294-008798,G015.277-00.872,,,Simbad,275.4168,-16.0603
2G0278135-0024243,2G0278135-0024243,27.8135,-0.2424,0.06,0.23,0.16,0.2,0.06,178,157,0.74,0.12,0.23,R,,1G027814-002424,G027.814-00.242,,,Simbad,280.7369,-4.6649
2G0297628+0007774,2G0297628+0007774,29.7629,0.0777,0.19,0.45,0.35,0.4,0.11,131,14,0.63,,0.16,C,,,,,,Simbad,281.3441,-2.7846
2G3033986-0095529,2G3033986-0095529,303.3986,-0.9553,0.12,1.74,1.12,1.47,0.12,14,49,0.76,,0.2,C,,,G303.384-00.965,,,Simbad,193.9173,-63.8232
2G0310592+0048650,2G0310592+0048650,31.0593,0.4865,0.76,1.23,0.86,1.06,0.45,89,69,0.72,,0.17,C,,1G031061+004885,G031.054+00.491,12.6,,Simbad,281.5723,-1.4446
2G0181553+0009660,2G0181553+0009660,18.1553,0.0966,0.52,0.99,0.63,0.83,0.23,132,97,0.78,,0.13,C,,1G018154+000992,G018.152+00.090,4.1,,Simbad,275.9134,-13.0748
2G0072070+0008837,2G0072070+0008837,7.207,0.0884,0.16,0.31,0.26,0.29,0.05,9,73,0.58,,0.2,C,,,G007.207+00.091,,,Simbad,270.3855,-22.6808
2G0140484-0081899,2G0140484-0081899,14.0484,-0.819,0.72,2.48,2.05,2.28,0.61,176,102,0.56,0.19,0.13,R,,,,,,Simbad,274.748,-17.1293
2G0382741+0003442,2G0382741+0003442,38.2741,0.0344,0.7,6.1,3.85,5.1,0.63,67,66,0.78,,0.15,C,,1G038293+000200,,,N71,Simbad,285.2703,4.7688
2G3195040-0042304,2G3195040-0042304,319.5041,-0.423,0.48,0.86,0.72,0.79,0.21,176,66,0.54,,0.15,C,,1G319509-004204,G319.514-00.415,,,Simbad,226.3872,-58.9105
2G3110793-0003649,2G3110793-0003649,311.0794,-0.0365,0.15,1.2,1.01,1.11,0.1,10,87,0.55,,0.17,C,,1G311080-000380,G311.085-00.035,,,Simbad,210.311,-61.799
2G0376666+0018271,2G0376666+0018271,37.6667,0.1827,0.6,2.34,1.77,2.08,0.29,180,62,0.65,,0.13,C,,1G037660+001702,G037.677+00.155,6.7,,Simbad,284.8594,4.2964
2G3062863-0034496,2G3062863-0034496,306.2864,-0.345,0.27,0.69,0.59,0.64,0.15,22,89,0.5,0.07,0.07,C,,,G306.286-00.344,,,Simbad,200.2706,-63.0235
2G3062447-0055097,2G3062447-0055097,306.2447,-0.551,0.24,0.5,0.32,0.42,0.12,26,110,0.77,0.16,0.07,R,,,,,,Simbad,200.2311,-63.2329
2G3364868-0021999,2G3364868-0021999,336.4869,-0.22,0.67,3.32,2.7,3.03,0.56,28,77,0.58,0.32,0.22,R,P,1G336488-002027,G336.446-00.198,,S41,Simbad,248.5929,-48.0237
2G0169039-0066287,2G0169039-0066287,16.904,-0.6629,0.06,0.2,0.16,0.18,0.04,29,83,0.57,0.32,0.15,R,,,G016.905-00.662,,,Simbad,276.001,-14.5361
2G0248975+0020996,2G0248975+0020996,24.8975,0.21,0.28,0.78,0.52,0.66,0.17,66,75,0.75,0.19,0.26,R,,1G024900+002113,G024.897+00.211,,,Simbad,278.9889,-7.0491
2G0370210-0019391,2G0370210-0019391,37.021,-0.1939,0.5,5.4,4.19,4.83,0.57,8,90,0.63,,0.16,C,P,,G037.028-00.202,6.8,,Simbad,284.8994,3.55
2G0241107+0026827,2G0241107+0026827,24.1107,0.2683,0.05,0.17,0.13,0.15,0.06,60,74,0.64,,0.2,C,,,,,,Simbad,278.5714,-7.7207
2G0438050-0011961,2G0438050-0011961,43.8051,-0.1196,0.16,0.61,0.39,0.51,0.08,60,92,0.77,,0.2,C,,1G043806-001188,,,,Simbad,287.9726,9.6095
2G0214052+0070588,2G0214052+0070588,21.4052,0.7059,0.83,2.19,1.26,1.79,0.52,102,51,0.82,,0.13,C,,,,,,Simbad,276.9117,-9.9164
2G3550320-0021529,2G3550320-0021529,355.032,-0.2153,1.43,2.01,1.39,1.73,0.73,1,88,0.72,0.06,0.23,R,,1G355032-002175,G355.026-00.211,,,Simbad,263.532,-33.2583
2G3518947+0012160,2G3518947+0012160,351.8947,0.1216,0.38,1.09,0.83,0.97,0.2,54,76,0.64,,0.13,C,,1G351894+001223,,,,Simbad,261.0875,-35.6866
2G0312627+0002934,2G0312627+0002934,31.2627,0.0294,0.25,0.91,0.58,0.77,0.1,170,57,0.77,,0.23,C,,1G031264+000355,G031.264+00.031,,,Simbad,282.072,-1.4721
2G0306617-0054208,2G0306617-0054208,30.6617,-0.5421,0.19,0.86,0.75,0.8,0.12,179,104,0.48,0.15,0.18,R,,1G030660-005418,G030.660-00.542,,,Simbad,282.3066,-2.2676
2G0361185+0015375,2G0361185+0015375,36.1186,0.1538,1.03,5.94,4.43,5.24,0.56,26,63,0.67,,0.19,C,,,G036.106+00.145,,,Simbad,284.1767,2.906
2G2993903-0023528,2G2993903-0023528,299.3904,-0.2353,0.25,0.7,0.49,0.6,0.33,24,121,0.71,0.04,0.15,R,,1G299389-002316,G299.399-00.235,,,Simbad,185.0682,-62.8926
2G3556870+0001888,2G3556870+0001888,355.6871,0.0189,0.63,2.07,1.6,1.85,0.5,85,74,0.64,,0.23,C,,1G355684+000170,G355.680+00.006,,,Simbad,263.7206,-32.5809
2G0264332+0061488,2G0264332+0061488,26.4333,0.6149,0.64,1.64,1.19,1.43,0.39,17,67,0.69,,0.13,C,,1G026436+006111,G026.433+00.614,,,Simbad,279.3371,-5.499
2G3039365-0069463,2G3039365-0069463,303.9365,-0.6946,0.06,0.6,0.31,0.48,0.03,87,5,0.85,,0.17,C,D,,G303.938-00.690,12.4,,Simbad,195.1151,-63.5487
2G0495866-0035350,2G0495866-0035350,49.5866,-0.3535,0.15,0.6,0.35,0.49,0.09,77,72,0.82,0.27,0.2,R,D,1G049586-003526,,,,Simbad,290.9493,14.611
2G0458707-0008110,2G0458707-0008110,45.8708,-0.0811,1.02,2.16,1.57,1.89,0.36,51,36,0.69,,0.14,C,,,G045.882-00.088,,,Simbad,288.9132,11.457
2G0083352-0034735,2G0083352-0034735,8.3353,-0.3474,0.76,2.19,1.82,2.01,0.41,173,85,0.56,0.09,0.08,C,D,1G008331-003531,G008.332-00.354,,CN113,Simbad,271.3955,-21.9128
2G0318914-0033428,2G0318914-0033428,31.8914,-0.3343,0.4,3.11,2.17,2.68,0.32,28,69,0.72,,0.31,C,,1G031890-003336,G031.907-00.352,,,Simbad,282.6825,-1.0785
2G0037201-0022807,2G0037201-0022807,3.7201,-0.2281,0.74,1.98,1.61,1.8,0.55,40,138,0.58,0.06,0.25,R,,1G003720-002258,G003.716-00.225,,CN46,Simbad,268.7745,-25.8592
2G3521749+0030103,2G3521749+0030103,352.1749,0.301,1.6,5.19,4.43,4.82,0.87,55,109,0.52,0.26,0.29,R,,1G352168+003074,G352.171+00.307,,CS73,Simbad,261.0991,-35.3541
2G0304558+0043802,2G0304558+0043802,30.4559,0.438,0.73,2.66,2.06,2.38,0.41,83,85,0.63,0.07,0.22,R,,1G030461+004237,,,,Simbad,281.3399,-2.0036
2G3020156-0011292,2G3020156-0011292,302.0156,-0.1129,0.22,0.82,0.71,0.77,0.21,36,86,0.51,0.15,0.26,R,,1G302017-001144,G302.024-00.113,4.5,S166,Simbad,190.8428,-62.9703
2G3392929+0032255,2G3392929+0032255,339.293,0.3226,0.54,1.65,1.22,1.45,0.24,63,76,0.68,,0.14,C,,,,,,Simbad,250.7383,-45.5716
2G0163791-0055329,2G0163791-0055329,16.3791,-0.5533,0.63,2.4,2.07,2.24,0.49,69,65,0.5,,0.2,C,,1G016386-005462,G016.363-00.559,,,Simbad,275.6465,-14.9484
2G3433471-0032421,2G3433471-0032421,343.3471,-0.3242,0.06,0.51,0.27,0.41,0.1,98,3,0.84,,0.16,C,,,G343.344-00.330,,,Simbad,255.0378,-42.8574
2G0347448-0032725,2G0347448-0032725,34.7448,-0.3272,0.25,1.04,0.86,0.95,0.14,42,83,0.56,0.2,0.15,R,,1G034748-003272,G034.745-00.330,,,Simbad,283.9776,1.4641
2G3358873+0015451,2G3358873+0015451,335.8874,0.1545,2.01,7.19,4.26,5.91,0.78,161,70,0.8,,0.13,C,,,G335.794+00.153,,,Simbad,247.5701,-48.2064
2G3558050+0010508,2G3558050+0010508,355.8051,0.1051,0.29,0.74,0.53,0.65,0.16,166,108,0.7,0.15,0.19,R,,1G355806+001066,G355.805+00.104,,,Simbad,263.7104,-32.435
2G0296428-0045821,2G0296428-0045821,29.6429,-0.4582,0.49,1.36,1.06,1.22,0.32,168,110,0.63,0.1,0.18,R,,1G029641-004548,G029.640-00.451,,,Simbad,281.7667,-3.136
2G0364048+0002354,2G0364048+0002354,36.4048,0.0236,0.63,0.72,0.54,0.64,0.31,22,99,0.67,0.11,0.08,C,,,G036.405+00.021,3.5,,Simbad,284.4236,3.1012
2G0488104-0035731,2G0488104-0035731,48.8105,-0.3573,2.64,4.12,2.5,3.41,0.92,39,80,0.79,,0.16,C,,1G048797-003839,,,,Simbad,290.5747,13.925
2G3364984-0026321,2G3364984-0026321,336.4984,-0.2632,0.29,0.5,0.32,0.42,0.09,82,64,0.77,,0.15,C,D,,G336.497-00.261,,,Simbad,248.6521,-48.0445
2G3570320-0012638,2G3570320-0012638,357.032,-0.1264,0.1,0.28,0.19,0.24,0.03,79,49,0.74,,0.15,C,,,,,,Simbad,264.718,-31.5248
2G0120616-0028389,2G0120616-0028389,12.0617,-0.2839,0.29,0.54,0.32,0.44,0.16,38,156,0.8,0.07,0.12,C,,1G012060-002856,G012.064-00.284,,,Simbad,273.2598,-18.6216
2G0418007+0009156,2G0418007+0009156,41.8008,0.0916,0.19,0.73,0.58,0.66,0.17,31,58,0.61,0.1,0.15,R,,1G041803+000946,G041.800+00.094,,,Simbad,286.8472,7.9288
2G0184502-0001680,2G0184502-0001680,18.4503,-0.0168,0.3,0.89,0.74,0.82,0.2,28,110,0.55,0.15,0.17,R,,1G018452-000152,G018.451-00.016,11.9,,Simbad,276.158,-12.8672
2G0158773+0055351,2G0158773+0055351,15.8774,0.5535,0.22,1.15,0.85,1.02,0.33,66,125,0.67,0.32,0.26,R,,1G015877+005533,G015.883+00.550,,,Simbad,274.3917,-14.8684
2G0023739-0005297,2G0023739-0005297,2.3739,-0.053,0.15,0.52,0.38,0.45,0.08,13,68,0.67,0.22,0.16,R,,1G002374-000491,G002.374-00.053,,,Simbad,267.8428,-26.93
2G0328717-0042695,2G0328717-0042695,32.8717,-0.427,0.66,1.08,0.88,0.98,0.34,175,109,0.58,0.23,0.13,R,,1G032868-004262,G032.870-00.427,10.9,,Simbad,283.2121,-0.2483
2G3052625+0021386,2G3052625+0021386,305.2626,0.2139,0.46,1.79,1.59,1.69,0.52,27,114,0.45,0.37,0.36,R,,1G305263+002133,,,S156,Simbad,197.9234,-62.5661
2G0500331+0017011,2G0500331+0017011,50.0332,0.1701,1.2,5.37,4.97,5.18,0.61,13,127,0.38,0.13,0.2,R,,1G050050+001773,,,,Simbad,290.69,15.2519
2G3022952-0033992,2G3022952-0033992,302.2953,-0.3399,0.07,1.15,0.8,0.99,0.11,68,27,0.72,,0.16,C,,,,,,Simbad,191.4472,-63.2047
2G0313061+0052740,2G0313061+0052740,31.3061,0.5274,0.05,0.26,0.15,0.21,0.03,139,86,0.81,,0.15,C,,,,,,Simbad,281.6485,-1.2063
2G3470831+0011101,2G3470831+0011101,347.0832,0.111,1.28,9.06,4.25,7.08,1.33,77,97,0.88,0.1,0.24,R,,1G347107+000749,G347.087+00.091,,,Simbad,257.5841,-39.6194
2G3234822-0025897,2G3234822-0025897,323.4823,-0.259,0.7,4.66,3.47,4.11,0.45,60,51,0.67,,0.27,C,,1G323488-002609,G323.485-00.271,,,Simbad,232.5512,-56.6581
2G0200761-0014312,2G0200761-0014312,20.0761,-0.1431,0.12,0.34,0.27,0.31,0.08,40,109,0.61,0.18,0.3,R,,,G020.077-00.141,12.6,,Simbad,277.0477,-11.4878
2G3245437-0027836,2G3245437-0027836,324.5438,-0.2784,0.88,1.56,1.08,1.34,0.4,107,143,0.72,0.05,0.24,R,,1G324543-002836,G324.538-00.287,,,Simbad,234.1353,-56.0605
2G0382646+0062098,2G0382646+0062098,38.2647,0.621,0.07,0.18,0.11,0.15,0.07,63,80,0.77,0.16,0.12,R,,1G038265+006216,G038.264+00.621,,,Simbad,284.7424,5.0286
2G3551657-0005365,2G3551657-0005365,355.1657,-0.0537,0.04,0.34,0.27,0.31,0.04,88,62,0.63,,0.2,C,,,G355.166-00.054,,,Simbad,263.4566,-33.0583
2G3015312+0022870,2G3015312+0022870,301.5312,0.2287,0.76,1.7,1.36,1.54,0.36,33,128,0.6,0.06,0.09,C,,1G301522+002145,,,,Simbad,189.8136,-62.6099
2G3328333-0057047,2G3328333-0057047,332.8333,-0.5705,0.1,0.52,0.32,0.43,0.07,165,61,0.79,,0.21,C,,1G332834-005694,G332.833-00.569,,,Simbad,245.0781,-50.8975
2G3488816-0017371,2G3488816-0017371,348.8816,-0.1737,0.08,0.24,0.14,0.2,0.02,48,33,0.81,,0.18,C,,,G348.881-00.174,,,Simbad,259.2369,-38.3292
2G3369902-0002026,2G3369902-0002026,336.9903,-0.0203,0.05,0.3,0.24,0.27,0.02,1,30,0.62,,0.19,C,,,G336.990-00.021,7.8,,Simbad,248.8804,-47.5178
2G3336152-0003677,2G3336152-0003677,333.6152,-0.0368,0.27,0.67,0.44,0.57,0.2,29,76,0.76,0.04,0.13,R,,1G333613-000408,G333.618-00.037,,,Simbad,245.3585,-49.9678
2G3085981+0089609,2G3085981+0089609,308.5982,0.8961,1.52,1.84,1.44,1.65,0.78,74,91,0.63,,0.15,C,,,G308.614+00.876,,,Simbad,204.7805,-61.4499
2G3502837-0051659,2G3502837-0051659,350.2838,-0.5166,0.07,0.47,0.31,0.4,0.05,123,74,0.75,,0.15,C,,1G350284-005160,G350.283-00.516,,,Simbad,260.6102,-37.3764
2G0270892+0051277,2G0270892+0051277,27.0893,0.5128,0.08,0.27,0.21,0.24,0.1,33,93,0.64,0.18,0.11,R,,,,,,Simbad,279.7304,-4.963
2G0181969-0016992,2G0181969-0016992,18.1969,-0.1699,0.41,0.48,0.39,0.44,0.15,32,70,0.58,0.29,0.24,R,,1G018198-001688,G018.195-00.171,12.4,,Simbad,276.1752,-13.1628
2G0303584+0037600,2G0303584+0037600,30.3584,0.376,0.19,0.53,0.4,0.47,0.09,175,97,0.65,0.05,0.14,R,,,G030.357+00.378,,,Simbad,281.3506,-2.1186
2G0315303-0012168,2G0315303-0012168,31.5303,-0.1217,0.27,1.68,0.95,1.36,0.18,71,69,0.83,,0.19,C,,1G031532-001273,G031.534-00.134,,,Simbad,282.3286,-1.3029
2G3571996-0009292,2G3571996-0009292,357.1996,-0.0929,0.07,0.46,0.3,0.39,0.04,163,109,0.76,,0.15,C,,,,,,Simbad,264.7895,-31.3652
2G0310890+0019911,2G0310890+0019911,31.089,0.1991,0.25,0.34,0.29,0.31,0.1,42,85,0.51,,0.38,C,,,G031.090+00.202,,,Simbad,281.8417,-1.5493
2G0324378+0041290,2G0324378+0041290,32.4379,0.4129,0.1,0.36,0.3,0.33,0.07,71,117,0.54,0.08,0.25,R,,1G032439+004146,G032.437+00.413,,,Simbad,282.2667,-0.2514
2G0536488-0005315,2G0536488-0005315,53.6488,-0.0532,0.16,0.39,0.3,0.35,0.17,118,132,0.63,0.05,0.1,C,,,G053.649-00.054,,,Simbad,292.6934,18.3252
2G3279010-0072911,2G3279010-0072911,327.901,-0.7291,0.33,1.67,1.32,1.51,0.16,49,49,0.62,,0.13,C,P,,G327.878-00.727,,,Simbad,239.2558,-54.3451
2G0032285-0009293,2G0032285-0009293,3.2286,-0.0929,0.42,1.36,0.93,1.16,0.22,173,104,0.73,0.07,0.09,C,,,,,,Simbad,268.3678,-26.2147
2G0203496-0092771,2G0203496-0092771,20.3497,-0.9277,0.22,1.42,1.11,1.27,0.2,28,83,0.62,,0.22,C,,1G020350-009252,,,,Simbad,277.8867,-11.609
2G0270255-0014887,2G0270255-0014887,27.0256,-0.1489,0.51,1.19,0.89,1.05,0.28,28,84,0.67,,0.24,C,,1G027025-001486,G027.033-00.151,,,Simbad,280.2917,-5.3228
2G0606303-0068883,2G0606303-0068883,60.6303,-0.6888,0.16,0.54,0.43,0.49,0.17,49,86,0.61,0.07,0.09,C,,1G060630-006893,G060.627-00.689,,,Simbad,296.9747,24.0899
2G3583224-0073882,2G3583224-0073882,358.3224,-0.7388,0.75,2.31,1.83,2.08,0.47,77,87,0.61,0.19,0.16,R,,1G358324-007417,G358.322-00.749,,CS16,Simbad,266.1219,-30.7527
2G3327646-0058618,2G3327646-0058618,332.7647,-0.5862,0.13,0.7,0.56,0.64,0.1,51,79,0.6,0.08,0.09,C,,1G332764-005867,G332.762-00.595,3.8,,Simbad,245.0182,-50.9569
2G3520581+0064493,2G3520581+0064493,352.0582,0.6449,0.23,0.59,0.48,0.54,0.21,52,60,0.6,0.11,0.09,C,,1G352059+006405,,,,Simbad,260.6705,-35.2562
2G3108001-0038539,2G3108001-0038539,310.8001,-0.3854,0.4,1.3,1.05,1.18,0.16,26,62,0.59,,0.14,C,,,G310.808-00.399,,,Simbad,209.9334,-62.2093
2G0283111+0007409,2G0283111+0007409,28.3111,0.0741,0.29,0.37,0.19,0.29,0.11,65,92,0.86,0.11,0.1,C,D,,G028.314+00.077,,,Simbad,280.6828,-4.0777
2G3479244+0050266,2G3479244+0050266,347.9245,0.5027,0.42,1.74,0.96,1.4,0.25,62,14,0.83,,0.17,C,,,G347.931+00.492,,,Simbad,257.82,-38.7096
2G3320898-0042362,2G3320898-0042362,332.0898,-0.4236,0.54,0.49,0.31,0.41,0.23,77,113,0.78,0.05,0.07,C,,,G332.092-00.422,,,Simbad,244.0674,-51.3118
2G3564796+0055184,2G3564796+0055184,356.4797,0.5518,0.38,0.66,0.51,0.59,0.38,11,103,0.64,0.09,0.13,R,,1G356479+005523,G356.480+00.552,,,Simbad,263.6982,-31.626
2G3045451-0084163,2G3045451-0084163,304.5451,-0.8416,0.09,0.3,0.28,0.29,0.07,18,96,0.41,0.28,0.19,R,,1G304548-008416,,,S159,Simbad,196.4978,-63.6678
2G3411540-0003948,2G3411540-0003948,341.154,-0.0395,0.05,0.32,0.29,0.31,0.05,51,87,0.39,,0.18,C,,1G341153-000423,G341.154-00.038,,,Simbad,252.8315,-44.3873
2G0186330-0048556,2G0186330-0048556,18.6331,-0.4856,0.83,1.64,1.42,1.53,0.28,82,74,0.5,,0.15,C,,,G018.631-00.492,,,Simbad,276.6708,-12.9244
2G3203345-0017845,2G3203345-0017845,320.3346,-0.1784,0.05,0.21,0.2,0.21,0.04,36,72,0.3,,0.44,C,,,,,,Simbad,227.5343,-58.2842
2G0415215+0082790,2G0415215+0082790,41.5215,0.8279,0.24,0.48,0.41,0.45,0.13,78,82,0.53,0.12,0.17,R,,1G041521+008270,G041.522+00.826,,,Simbad,286.0572,8.0189
2G3411737-0039851,2G3411737-0039851,341.1737,-0.3985,1.26,5.8,4.19,5.06,0.86,150,100,0.69,,0.35,C,P,1G341176-003905,G341.151-00.400,,,Simbad,253.2377,-44.6003
2G0182306+0039130,2G0182306+0039130,18.2306,0.3913,0.61,1.42,1.08,1.26,0.3,21,74,0.64,,0.24,C,,1G018224+004006,G018.218+00.397,16.3,,Simbad,275.6826,-12.8701
2G3405865+0034828,2G3405865+0034828,340.5866,0.3483,0.35,2.84,2.16,2.52,0.29,22,105,0.65,,0.2,C,P,1G340597+003518,G340.573+00.359,,,Simbad,251.9043,-44.5736
2G0042751+0003483,2G0042751+0003483,4.2752,0.0348,0.15,1.81,1.71,1.76,0.06,13,91,0.33,,0.13,C,P,1G004275+000372,G004.270+00.038,,CN54 CN55,Simbad,268.8334,-25.2473
2G0430730-0001678,2G0430730-0001678,43.073,-0.0168,0.15,0.43,0.35,0.39,0.09,143,101,0.59,0.22,0.13,R,,,G043.073-00.020,,N85,Simbad,287.5373,9.0078
2G0283748+0007529,2G0283748+0007529,28.3749,0.0753,1.06,4.19,3.51,3.86,0.81,134,113,0.55,0.09,0.1,C,P,,G028.394+00.076,,,Simbad,280.7109,-4.0204
2G3357080+0011283,2G3357080+0011283,335.7081,0.1128,0.63,5.15,4.28,4.74,0.5,63,80,0.56,,0.24,C,,1G335747+001275,G335.693+00.119,,,Simbad,247.4302,-48.3653
2G3081949-0004693,2G3081949-0004693,308.195,-0.0469,0.92,2.73,2.07,2.42,0.5,89,112,0.65,,0.16,C,,1G308199-000374,G308.192-00.042,,,Simbad,204.2985,-62.4502
2G3091660-0085227,2G3091660-0085227,309.166,-0.8523,0.81,1.32,1.07,1.2,0.36,59,121,0.59,0.28,0.31,R,,1G309169-008521,G309.171-00.849,,,Simbad,206.7214,-63.051
2G3478610+0000968,2G3478610+0000968,347.861,0.0097,0.5,1.16,0.84,1.01,0.26,20,61,0.69,,0.29,C,,1G347868+000126,G347.862+00.004,,,Simbad,258.2836,-39.0514
2G0282958-0020259,2G0282958-0020259,28.2959,-0.2026,0.13,0.74,0.56,0.66,0.09,8,74,0.65,,0.17,C,,1G028297-002017,G028.293-00.202,,,Simbad,280.9225,-4.2177
2G2975935-0003173,2G2975935-0003173,297.5935,-0.0317,0.78,2.54,1.68,2.16,0.5,19,70,0.75,,0.13,C,,,G297.570-00.036,,,Simbad,181.2661,-62.4218
2G3479527+0025094,2G3479527+0025094,347.9527,0.2509,0.3,1.02,0.82,0.93,0.16,41,78,0.59,,0.15,C,,,G347.955+00.249,,,Simbad,258.1021,-38.8354
2G3291187-0084574,2G3291187-0084574,329.1187,-0.8457,0.17,0.48,0.41,0.45,0.07,179,74,0.53,,0.2,C,,1G329119-008454,,,,Simbad,240.953,-53.6376
2G3563481-0022945,2G3563481-0022945,356.3482,-0.2295,0.16,0.67,0.41,0.55,0.09,155,140,0.79,0.09,0.25,R,,1G356348-002294,G356.347-00.230,,CS29,Simbad,264.39,-32.1578
2G0326626-0007524,2G0326626-0007524,32.6626,-0.0752,0.46,2.47,2.08,2.29,0.38,177,76,0.54,0.05,0.27,R,,1G032662-000722,G032.661-00.072,7.2,,Simbad,282.8036,-0.274
2G3153633-0023178,2G3153633-0023178,315.3634,-0.2318,0.33,0.73,0.66,0.7,0.17,66,85,0.43,0.06,0.18,R,,1G315363-002320,G315.363-00.235,,,Simbad,218.8432,-60.5703
2G3205989-0020602,2G3205989-0020602,320.599,-0.206,0.08,0.26,0.21,0.24,0.05,11,47,0.57,,0.24,C,,1G320599-002058,G320.599-00.206,,,Simbad,227.9931,-58.1733
2G3329394-0044375,2G3329394-0044375,332.9395,-0.4437,0.5,2.51,2.13,2.33,0.26,12,43,0.53,,0.22,C,,,G332.918-00.457,,,Simbad,245.0564,-50.7327
2G0319196+0019320,2G0319196+0019320,31.9196,0.1932,0.04,0.26,0.17,0.22,0.03,37,8,0.78,,0.27,C,D,,,,,Simbad,282.2259,-0.8128
2G3450957+0013294,2G3450957+0013294,345.0958,0.133,0.25,1.13,0.92,1.03,0.13,25,69,0.57,,0.21,C,,1G345096+001309,G345.095+00.136,,,Simbad,255.9929,-41.195
2G0445899+0035916,2G0445899+0035916,44.59,0.3592,0.48,0.62,0.53,0.57,0.18,159,104,0.52,0.18,0.07,R,,1G044590+003597,G044.585+00.362,,,Simbad,287.9104,10.5268
2G3269452-0001062,2G3269452-0001062,326.9452,-0.0106,1.21,5.68,4.65,5.19,0.6,48,40,0.57,,0.22,C,,1G326957-000292,G326.951+00.009,,S76,Simbad,237.2049,-54.3945
2G3043396+0062286,2G3043396+0062286,304.3397,0.6229,2.5,2.64,1.73,2.23,1.0,47,63,0.76,,0.22,C,,,G304.317+00.600,,,Simbad,195.8805,-62.2158
2G3479098+0005215,2G3479098+0005215,347.9098,0.0522,0.15,0.4,0.26,0.34,0.14,83,78,0.76,0.08,0.5,R,,1G347910+000557,G347.908+00.051,,,Simbad,258.2762,-38.987
2G2995034+0002367,2G2995034+0002367,299.5035,0.0237,0.17,0.63,0.5,0.57,0.15,145,98,0.61,0.11,0.11,C,,1G299504+000244,G299.505+00.025,,,Simbad,185.3806,-62.6487
2G3359374-0028758,2G3359374-0028758,335.9374,-0.2876,0.07,0.22,0.17,0.2,0.05,94,100,0.65,0.24,0.29,R,,1G335938-002870,,,,Simbad,248.1064,-48.4727
2G3522644-0006139,2G3522644-0006139,352.2644,-0.0614,0.74,1.15,0.79,0.99,0.25,66,83,0.73,,0.18,C,,,G352.263-00.059,,,Simbad,261.5288,-35.4833
2G3252889+0034948,2G3252889+0034948,325.289,0.3495,0.28,2.08,1.3,1.73,0.12,140,67,0.78,,0.15,C,,1G325301+003644,G325.314+00.360,,,Simbad,234.5455,-55.114
2G3399422-0058853,2G3399422-0058853,339.9422,-0.5885,0.65,2.53,1.85,2.21,0.33,14,91,0.68,0.08,0.24,R,,1G339941-005833,G339.938-00.581,,,Simbad,252.3317,-45.6699
2G3056277+0006304,2G3056277+0006304,305.6277,0.063,0.87,2.77,2.03,2.43,0.61,49,102,0.68,0.22,0.28,R,,,G305.627+00.041,,,Simbad,198.7424,-62.6855
2G0043999+0013282,2G0043999+0013282,4.4,0.1328,0.44,1.25,0.68,1.01,0.19,163,65,0.84,0.07,0.09,C,,1G004400+001326,,,CN59,Simbad,268.8094,-25.0901
2G3123674-0039725,2G3123674-0039725,312.3675,-0.3972,0.12,0.45,0.37,0.41,0.11,25,75,0.58,,0.17,C,,,G312.367-00.395,,,Simbad,213.1401,-61.7738
2G0271795+0004281,2G0271795+0004281,27.1795,0.0428,0.12,0.58,0.44,0.51,0.07,41,71,0.64,,0.2,C,,1G027179+000445,G027.177+00.041,,,Simbad,280.1913,-5.0982
2G3311457+0025158,2G3311457+0025158,331.1458,0.2516,0.22,0.61,0.49,0.55,0.13,39,115,0.6,0.28,0.14,R,,1G331150+002496,G331.140+00.254,,,Simbad,242.224,-51.4659
2G0207138-0029106,2G0207138-0029106,20.7139,-0.2911,0.13,0.39,0.38,0.39,0.09,167,108,0.29,0.13,0.1,R,,1G020715-002896,G020.710-00.290,,,Simbad,277.4832,-10.9916
2G0386277+0081133,2G0386277+0081133,38.6278,0.8113,0.08,0.43,0.27,0.36,0.04,179,49,0.77,,0.17,C,,1G038629+008115,G038.627+00.812,,,Simbad,284.7389,5.4385
2G0217233+0024908,2G0217233+0024908,21.7233,0.2491,0.07,0.44,0.36,0.4,0.05,170,23,0.57,,0.14,C,,,,,,Simbad,277.4722,-9.8468
2G3322871+0052574,2G3322871+0052574,332.2872,0.5257,0.09,0.97,0.73,0.86,0.11,65,47,0.66,,0.19,C,,1G332287+005250,,,,Simbad,243.2559,-50.4883
2G0292414-0019956,2G0292414-0019956,29.2414,-0.1996,1.35,5.94,4.67,5.34,1.02,129,111,0.62,0.04,0.08,C,P,,,,,Simbad,281.3527,-3.3752
2G3354532-0025208,2G3354532-0025208,335.4532,-0.2521,0.16,0.53,0.4,0.47,0.06,31,43,0.66,,0.14,C,,1G335453-002494,G335.454-00.248,,,Simbad,247.5655,-48.8013
2G0039421-0038185,2G0039421-0038185,3.9422,-0.3819,0.16,0.51,0.45,0.48,0.11,18,59,0.45,,0.13,C,,,G003.940-00.383,,,Simbad,269.0463,-25.7449
2G0170632+0030290,2G0170632+0030290,17.0633,0.3029,0.61,4.83,3.59,4.26,0.44,108,95,0.67,,0.32,C,,,G017.037+00.320,,,Simbad,275.1985,-13.9419
2G0420114+0034784,2G0420114+0034784,42.0115,0.3478,0.13,0.83,0.49,0.68,0.11,54,52,0.81,,0.18,C,,1G042011+003486,G042.008+00.352,16.9,,Simbad,286.7153,8.2337
2G3111244-0029062,2G3111244-0029062,311.1244,-0.2906,0.79,2.91,2.5,2.71,0.46,66,79,0.51,,0.27,C,,1G311121-002914,G311.138-00.278,14.7,,Simbad,210.548,-62.0317
2G0516194-0038236,2G0516194-0038236,51.6195,-0.3824,0.53,1.53,1.1,1.33,0.37,24,87,0.7,0.09,0.15,R,,1G051620-003819,G051.612-00.368,,,Simbad,291.9778,16.3861
2G3053971+0044567,2G3053971+0044567,305.3972,0.4457,0.78,1.85,1.42,1.65,0.67,164,115,0.64,,0.2,C,,,G305.397+00.449,,,Simbad,198.1731,-62.3243
2G0435665+0011511,2G0435665+0011511,43.5666,0.1151,0.1,0.67,0.64,0.65,0.06,62,98,0.33,,0.17,C,,1G043568+001140,G043.571+00.112,,,Simbad,287.6498,9.5065
2G2985410-0027224,2G2985410-0027224,298.541,-0.2722,0.5,1.8,1.49,1.65,0.25,49,63,0.56,,0.35,C,,,G298.529-00.251,10.5,,Simbad,183.2127,-62.8145
2G0383777+0016867,2G0383777+0016867,38.3778,0.1687,0.08,0.29,0.24,0.27,0.1,18,64,0.53,0.18,0.18,R,,1G038378+001703,G038.376+00.171,,,Simbad,285.1981,4.9224
2G0435370+0001857,2G0435370+0001857,43.5371,0.0186,0.01,0.19,0.17,0.18,0.03,134,52,0.44,,0.18,C,,,G043.537+00.018,6.2,,Simbad,287.7227,9.4358
2G0316135+0033467,2G0316135+0033467,31.6135,0.3347,0.26,1.4,1.2,1.3,0.15,171,92,0.51,,0.36,C,,1G031613+003353,G031.610+00.335,,,Simbad,281.9603,-1.0207
2G0381021-0023462,2G0381021-0023462,38.1021,-0.2346,0.19,0.45,0.34,0.4,0.13,15,61,0.64,0.26,0.11,R,,1G038103-002337,G038.101-00.238,,,Simbad,285.4313,4.4927
2G0229432+0005184,2G0229432+0005184,22.9433,0.0519,0.44,0.7,0.46,0.59,0.13,75,104,0.75,,0.13,C,,1G022945+000497,,,,Simbad,278.2214,-8.8563
2G0592996-0006873,2G0592996-0006873,59.2996,-0.0687,1.07,7.57,6.29,6.96,1.15,82,168,0.56,0.16,0.45,R,,1G059282-000655,,,,Simbad,295.661,23.2487
2G3465290+0011555,2G3465290+0011555,346.529,0.1156,0.03,0.24,0.2,0.22,0.03,25,18,0.55,,0.26,C,,,G346.530+00.115,,,Simbad,257.1495,-40.0619
2G0109280+0006553,2G0109280+0006553,10.9281,0.0655,0.26,1.0,0.63,0.84,0.2,123,131,0.78,0.07,0.12,R,,1G010931+000683,G010.925+00.069,,,Simbad,272.3582,-19.4466
2G3276500-0033468,2G3276500-0033468,327.65,-0.3347,0.43,1.75,1.4,1.59,0.27,10,99,0.6,,0.32,C,P,1G327648-003352,G327.651-00.334,,,Simbad,238.4931,-54.2029
2G3365833+0002587,2G3365833+0002587,336.5833,0.0259,0.75,0.99,0.74,0.87,0.25,43,93,0.66,0.1,0.11,C,,1G336590+000291,G336.585+00.019,,,Simbad,248.4209,-47.7861
2G3196731+0032098,2G3196731+0032098,319.6732,0.321,0.07,0.37,0.33,0.35,0.09,17,110,0.43,,0.16,C,,,G319.675+00.325,,,Simbad,225.9729,-58.1788
2G0448070-0048566,2G0448070-0048566,44.8071,-0.4857,1.36,2.92,1.93,2.48,0.67,81,123,0.75,0.14,0.48,R,,1G044811-004866,G044.811-00.492,8.9,N94,Simbad,288.7739,10.3272
2G3443663-0024223,2G3443663-0024223,344.3663,-0.2422,0.67,2.22,1.88,2.06,0.51,53,82,0.53,,0.31,C,,1G344372-002400,G344.366-00.262,,,Simbad,255.7969,-42.0021
2G3234792-0010029,2G3234792-0010029,323.4792,-0.1003,0.16,0.67,0.57,0.62,0.16,15,56,0.51,0.12,0.11,R,,1G323478-001036,G323.478-00.106,,,Simbad,232.383,-56.5292
2G0450619+0045149,2G0450619+0045149,45.062,0.4515,0.08,0.37,0.26,0.32,0.08,66,20,0.71,,0.14,C,,1G045062+004515,G045.061+00.451,,,Simbad,288.0495,10.9879
2G3035403+0008432,2G3035403+0008432,303.5404,0.0843,0.22,0.84,0.65,0.75,0.15,6,71,0.63,,0.19,C,,1G303540+000848,G303.540+00.087,,,Simbad,194.1899,-62.7812
2G0253574+0010087,2G0253574+0010087,25.3575,0.1009,0.44,1.72,1.49,1.61,0.32,166,85,0.5,0.19,0.27,R,,1G025358+001044,G025.357+00.102,,,Simbad,279.2994,-6.6907
2G3479891-0038050,2G3479891-0038050,347.9892,-0.3805,0.18,0.84,0.55,0.71,0.09,89,26,0.75,,0.13,C,,,G347.996-00.380,,,Simbad,258.7881,-39.1758
2G3552545-0023865,2G3552545-0023865,355.2546,-0.2387,0.48,0.48,0.42,0.45,0.19,132,118,0.49,0.11,0.09,C,,1G355258-002399,G355.258-00.242,,,Simbad,263.6996,-33.084
2G3278785-0072277,2G3278785-0072277,327.8785,-0.7228,0.1,0.62,0.39,0.52,0.09,77,81,0.77,,0.24,C,D,1G327879-007232,,,,Simbad,239.2193,-54.3548
2G0380685-0026073,2G0380685-0026073,38.0685,-0.2607,0.09,0.4,0.33,0.37,0.1,52,141,0.54,0.17,0.21,R,,1G038069-002602,G038.068-00.261,,,Simbad,285.4392,4.4509
2G3288051-0007321,2G3288051-0007321,328.8051,-0.0732,0.31,1.17,1.01,1.09,0.21,31,114,0.52,0.26,0.39,R,,1G328807-000775,G328.807-00.078,,,Simbad,239.7048,-53.2601
2G0044265+0009332,2G0044265+0009332,4.4265,0.0933,0.32,1.93,1.69,1.81,0.14,13,76,0.48,,0.13,C,,1G004415+001019,G004.409+00.110,,CN60,Simbad,268.8619,-25.0872
2G0234136-0020558,2G0234136-0020558,23.4136,-0.2056,0.17,0.89,0.67,0.79,0.13,20,86,0.65,0.11,0.13,R,,1G023425-002105,,,,Simbad,278.6719,-8.5578
2G0024160+0007501,2G0024160+0007501,2.4161,0.075,0.68,1.13,0.85,1.0,0.4,13,82,0.66,0.14,0.1,R,,1G002420+000786,G002.418+00.078,,CN29,Simbad,267.7437,-26.8282
2G0043520+0013886,2G0043520+0013886,4.352,0.1389,1.07,2.41,2.01,2.22,0.59,176,85,0.55,0.08,0.22,R,,1G004346+001351,G004.343+00.115,,CN56,Simbad,268.7769,-25.1285
2G3380009+0008317,2G3380009+0008317,338.001,0.0832,0.13,0.43,0.29,0.36,0.06,30,69,0.74,,0.14,C,,,G337.996+00.081,,,Simbad,249.7634,-46.6987
2G0494940-0034552,2G0494940-0034552,49.4941,-0.3455,0.21,0.37,0.29,0.33,0.14,20,85,0.63,0.07,0.14,R,D,1G049494-003448,G049.494-00.345,5.5,,Simbad,290.8969,14.5333
2G3458390+0001208,2G3458390+0001208,345.8391,0.0121,0.05,0.28,0.25,0.27,0.02,28,52,0.5,,0.29,C,,,G345.839+00.011,,,Simbad,256.7154,-40.6761
2G3278122+0010797,2G3278122+0010797,327.8123,0.108,0.26,1.77,1.68,1.72,0.16,33,63,0.32,,0.19,C,,1G327811+001150,G327.824+00.117,7.2,,Simbad,238.2285,-53.7579
2G0101641-0033960,2G0101641-0033960,10.1642,-0.3396,0.63,2.54,1.64,2.13,0.38,10,78,0.76,,0.22,C,,1G010162-003491,G010.160-00.350,,CN143,Simbad,272.342,-20.3112
2G0444394+0054801,2G0444394+0054801,44.4394,0.548,0.21,0.74,0.42,0.6,0.11,98,79,0.82,,0.12,C,,,,,,Simbad,287.6694,10.4806
2G3566387+0013542,2G3566387+0013542,356.6388,0.1354,0.22,0.9,0.7,0.81,0.18,5,82,0.63,,0.25,C,,1G356638+001355,G356.637+00.134,,,Simbad,264.211,-31.7167
2G0498026-0045162,2G0498026-0045162,49.8027,-0.4516,0.88,4.39,3.13,3.81,0.52,47,84,0.7,,0.24,C,,,G049.801-00.436,,,Simbad,291.1444,14.7549
2G3268030-0061679,2G3268030-0061679,326.8031,-0.6168,1.46,5.96,3.74,4.97,0.73,139,145,0.78,0.04,0.12,C,P,1G326817-006260,G326.746-00.616,,S78,Simbad,237.6679,-54.9567
2G0261296-0009831,2G0261296-0009831,26.1296,-0.0983,0.2,1.68,0.82,1.32,0.16,33,68,0.87,,0.15,C,,,G026.109-00.094,,,Simbad,279.834,-6.0961
2G3176012-0025091,2G3176012-0025091,317.6013,-0.2509,2.2,3.16,2.37,2.8,1.13,45,124,0.66,0.06,0.06,C,,,G317.570-00.257,,,Simbad,222.9391,-59.6512
2G0574324+0006348,2G0574324+0006348,57.4325,0.0635,0.21,0.48,0.39,0.44,0.12,4,77,0.59,0.11,0.12,C,,,,,,Simbad,294.5394,21.69
2G3198806-0007373,2G3198806-0007373,319.8807,-0.0737,1.62,1.89,1.37,1.65,0.61,72,103,0.69,0.18,0.12,R,,1G319888-000699,G319.883-00.066,,,Simbad,226.6856,-58.4209
2G0167676+0002100,2G0167676+0002100,16.7676,0.021,0.17,0.97,0.75,0.87,0.09,32,111,0.64,,0.14,C,,,G016.770+00.019,,,Simbad,275.3113,-14.3355
2G3051545+0012104,2G3051545+0012104,305.1545,0.1211,1.54,3.48,2.74,3.13,1.1,20,108,0.62,0.17,0.34,R,,1G305155+001160,,,,Simbad,197.7046,-62.667
2G3307193+0016817,2G3307193+0016817,330.7193,0.1682,1.14,1.16,0.92,1.05,0.46,53,71,0.61,,0.16,C,,,G330.712+00.173,7.4,,Simbad,241.8063,-51.8147
2G0555787+0066402,2G0555787+0066402,55.5788,0.664,0.66,2.78,1.99,2.42,0.42,34,69,0.7,,0.13,C,,,G055.567+00.701,,,Simbad,293.0118,20.3621
2G0501203+0061876,2G0501203+0061876,50.1204,0.6188,0.32,0.61,0.42,0.52,0.11,81,104,0.73,,0.17,C,,,G050.124+00.616,,,Simbad,290.3221,15.5402
2G3459441-0055363,2G3459441-0055363,345.9442,-0.5536,0.06,0.59,0.57,0.58,0.12,44,122,0.26,,0.19,C,,1G345946-005534,G345.946-00.555,,,Simbad,257.3973,-40.9304
2G0508472-0016963,2G0508472-0016963,50.8473,-0.1696,0.13,0.3,0.26,0.28,0.16,179,93,0.5,0.2,0.1,R,,1G050847-001696,G050.848-00.170,,,Simbad,291.4005,15.8083
2G3432517+0073544,2G3432517+0073544,343.2517,0.7355,0.34,0.66,0.57,0.61,0.09,14,49,0.51,0.08,0.15,R,,,G343.251+00.733,,,Simbad,253.831,-42.2725
2G0216898+0006995,2G0216898+0006995,21.6898,0.0699,0.08,0.85,0.72,0.79,0.09,53,25,0.54,,0.15,C,,1G021690+000707,G021.688+00.074,,,Simbad,277.6177,-9.9595
2G0023153+0024455,2G0023153+0024455,2.3153,0.2446,0.23,0.82,0.58,0.71,0.17,28,103,0.71,0.18,0.12,R,,,,,,Simbad,267.5226,-26.8279
2G0117612-0009724,2G0117612-0009724,11.7613,-0.0972,0.3,1.12,0.92,1.02,0.19,29,52,0.56,,0.29,C,,1G011762-000972,G011.758-00.102,,,Simbad,272.9345,-18.7954
2G0292543+0006880,2G0292543+0006880,29.2543,0.0688,0.96,0.85,0.62,0.74,0.3,46,138,0.68,0.17,0.14,R,,,G029.261+00.064,,,Simbad,281.1194,-3.2411
2G3217038+0024078,2G3217038+0024078,321.7038,0.2408,0.14,0.97,0.89,0.93,0.08,27,105,0.38,,0.16,C,,1G321703+002405,,,,Simbad,229.323,-57.2166
2G3384506-0024877,2G3384506-0024877,338.4507,-0.2488,0.08,0.35,0.26,0.31,0.09,50,75,0.65,,0.15,C,,,G338.450-00.250,,,Simbad,250.5596,-46.5818
2G0299775+0054720,2G0299775+0054720,29.9775,0.5472,0.41,1.57,0.98,1.31,0.23,36,96,0.78,,0.13,C,,1G029977+005476,G029.976+00.547,,,Simbad,281.0241,-2.3793
2G3209903-0050827,2G3209903-0050827,320.9903,-0.5083,0.26,1.28,1.15,1.22,0.15,32,92,0.44,0.1,0.17,R,,1G320991-005084,,,,Simbad,228.9255,-58.2291
2G3379224-0015599,2G3379224-0015599,337.9224,-0.156,0.13,0.42,0.3,0.36,0.06,44,57,0.69,,0.15,C,,,G337.920-00.158,,,Simbad,249.9479,-46.9165
2G3344710-0022515,2G3344710-0022515,334.471,-0.2251,0.87,2.38,2.14,2.26,0.5,68,127,0.44,0.05,0.3,R,,1G334471-002300,G334.468-00.229,,,Simbad,246.4962,-49.4913
2G0290885-0024849,2G0290885-0024849,29.0886,-0.2485,0.63,2.13,1.64,1.9,0.4,38,85,0.64,0.08,0.16,R,,1G029089-002370,G029.088-00.265,,,Simbad,281.3264,-3.5335
2G3205764+0018991,2G3205764+0018991,320.5764,0.1899,0.84,5.07,4.47,4.78,0.61,33,133,0.47,0.12,0.27,R,,1G320587+002504,G320.590+00.190,,S92,Simbad,227.5757,-57.8441
2G0485894+0008190,2G0485894+0008190,48.5894,0.0819,0.07,0.81,0.4,0.64,0.03,30,47,0.87,,0.17,C,,,,,,Simbad,290.0683,13.9365
2G0445146+0036718,2G0445146+0036718,44.5146,0.3672,0.22,0.96,0.73,0.85,0.14,144,122,0.65,,0.16,C,,1G044512+003691,G044.516+00.359,,,Simbad,287.8677,10.4637
2G2999221+0000659,2G2999221+0000659,299.9221,0.0066,0.11,0.47,0.3,0.39,0.11,32,54,0.77,0.2,0.16,R,,,G299.922+00.006,,,Simbad,186.2832,-62.7113
2G0509373+0035330,2G0509373+0035330,50.9374,0.3533,0.59,0.56,0.47,0.52,0.21,40,110,0.54,0.03,0.11,C,,,G050.938+00.354,,,Simbad,290.9659,16.1354
2G0369192-0029494,2G0369192-0029494,36.9193,-0.2949,0.15,0.5,0.46,0.48,0.14,18,90,0.4,0.14,0.14,R,,1G036920-002944,G036.922-00.292,,,Simbad,284.9428,3.4134
2G3272394-0046915,2G3272394-0046915,327.2395,-0.4692,0.09,0.36,0.29,0.32,0.04,6,72,0.61,,0.17,C,,1G327239-004689,G327.237-00.468,,,Simbad,238.0945,-54.5672
2G0551554+0026311,2G0551554+0026311,55.1555,0.2631,0.38,2.71,2.14,2.44,0.3,9,85,0.61,0.12,0.18,R,,1G055148+002681,G055.148+00.271,,,Simbad,293.1682,19.7979
2G3201908-0017448,2G3201908-0017448,320.1908,-0.1745,0.55,1.92,1.45,1.7,0.32,77,92,0.66,,0.21,C,,1G320191-001752,G320.190-00.172,,,Simbad,227.2942,-58.3534
2G3217983-0054091,2G3217983-0054091,321.7984,-0.5409,0.15,0.71,0.58,0.65,0.11,66,159,0.58,0.13,0.29,R,,1G321799-005406,G321.798-00.537,,,Simbad,230.2502,-57.8266
2G3443932-0013116,2G3443932-0013116,344.3932,-0.1312,1.8,3.51,2.51,3.05,1.61,91,76,0.7,,0.13,C,,,G344.392-00.127,,,Simbad,255.7007,-41.9131
2G0524066-0059330,2G0524066-0059330,52.4066,-0.5933,0.52,1.07,0.8,0.95,0.27,6,131,0.66,0.13,0.27,R,,1G052406-005919,G052.398-00.591,5.2,,Simbad,292.5644,16.9763
2G0050583+0026524,2G0050583+0026524,5.0583,0.2652,0.56,2.34,1.81,2.09,0.4,20,84,0.63,,0.14,C,,,G005.068+00.275,,,Simbad,269.0487,-24.4548
2G0366080-0055035,2G0366080-0055035,36.608,-0.5504,0.41,3.27,1.9,2.67,0.26,42,130,0.81,,0.25,C,,,G036.620-00.557,,,Simbad,285.0279,3.0197
2G3341987-0006984,2G3341987-0006984,334.1987,-0.0698,0.08,0.48,0.32,0.41,0.03,89,44,0.75,,0.13,C,,1G334199-000687,G334.199-00.066,,,Simbad,246.0317,-49.5773
2G3295599+0025609,2G3295599+0025609,329.5599,0.2561,0.72,2.83,2.23,2.55,0.63,27,83,0.62,,0.26,C,,1G329561+002615,G329.567+00.242,,,Simbad,240.2968,-52.5181
2G3330037+0084076,2G3330037+0084076,333.0038,0.8408,0.34,1.75,1.18,1.49,0.27,86,82,0.74,0.1,0.21,R,,1G333005+008375,,,,Simbad,243.7287,-49.7666
2G2984263+0039029,2G2984263+0039029,298.4264,0.3903,0.35,3.42,2.26,2.9,0.57,58,58,0.75,,0.18,C,,1G298426+003753,,,,Simbad,183.1816,-62.1423
2G2973119-0028682,2G2973119-0028682,297.312,-0.2868,0.7,1.52,1.18,1.36,0.33,39,97,0.63,,0.16,C,,1G297314-002877,G297.312-00.295,,,Simbad,180.5646,-62.6207
2G3424397-0005582,2G3424397-0005582,342.4397,-0.0558,0.18,0.51,0.26,0.41,0.11,61,77,0.87,0.07,0.1,C,,,G342.438-00.061,,,Simbad,253.9767,-43.4013
2G3207013+0018599,2G3207013+0018599,320.7013,0.186,0.71,2.81,2.15,2.5,0.42,10,97,0.64,0.05,0.29,R,,1G320702+001734,G320.692+00.185,12.8,,Simbad,227.7813,-57.784
2G3050452+0019765,2G3050452+0019765,305.0453,0.1977,0.94,3.05,2.15,2.64,0.44,38,56,0.71,,0.14,C,,1G305042+002016,G305.037+00.202,,,Simbad,197.4554,-62.5986
2G0040123-0029873,2G0040123-0029873,4.0123,-0.2987,0.55,0.77,0.54,0.67,0.39,27,97,0.71,0.32,0.12,R,,1G004011-002990,G004.009-00.295,,,Simbad,269.0057,-25.6424
2G0358163+0027053,2G0358163+0027053,35.8164,0.2705,0.18,1.74,0.91,1.39,0.07,33,32,0.85,,0.19,C,,1G035812+002630,G035.809+00.262,,,Simbad,283.9347,2.6904
2G0363543+0065224,2G0363543+0065224,36.3543,0.6522,0.48,1.19,0.91,1.06,0.25,28,104,0.65,0.09,0.08,C,,,G036.360+00.641,,,Simbad,283.8403,3.3432
2G3112243+0073310,2G3112243+0073310,311.2243,0.7331,0.9,3.32,2.82,3.08,0.5,41,100,0.53,0.08,0.16,R,P,1G311214+007524,G311.216+00.762,5.6,S136,Simbad,210.1752,-61.0186
2G3296029+0040162,2G3296029+0040162,329.6029,0.4016,0.91,3.59,2.77,3.21,0.68,13,84,0.64,0.11,0.26,R,,1G329602+004009,G329.596+00.397,,,Simbad,240.1938,-52.38
2G3240054+0009938,2G3240054+0009938,324.0054,0.0994,1.16,1.98,1.51,1.76,0.58,45,132,0.65,0.07,0.14,R,,1G324012+001006,G324.025+00.089,,,Simbad,232.9572,-56.0652
2G0568974+0047338,2G0568974+0047338,56.8975,0.4734,0.59,2.27,1.52,1.93,0.38,34,159,0.74,0.17,0.26,R,,1G056895+004700,G056.889+00.468,,,Simbad,293.8739,21.4234
2G3113130-0050649,2G3113130-0050649,311.3131,-0.5065,0.4,1.25,0.86,1.07,0.18,54,72,0.73,,0.19,C,,1G311313-005101,G311.313-00.505,,,Simbad,211.0625,-62.1876
2G3171550-0037496,2G3171550-0037496,317.155,-0.375,0.06,0.29,0.22,0.26,0.03,170,33,0.67,,0.27,C,,,G317.155-00.372,,,Simbad,222.2517,-59.9596
2G0344348-0007255,2G0344348-0007255,34.4348,-0.0726,0.14,0.48,0.33,0.41,0.1,41,7,0.72,,0.3,C,,1G034435-000701,G034.428-00.073,,,Simbad,283.6095,1.3044
2G0356453-0005958,2G0356453-0005958,35.6453,-0.0596,0.31,5.2,2.74,4.15,0.24,8,88,0.85,,0.21,C,P,1G035652-000348,,,N68,Simbad,284.1505,2.3875
2G0040235-0010447,2G0040235-0010447,4.0236,-0.1045,0.09,0.3,0.21,0.26,0.04,62,24,0.71,,0.32,C,,,G004.021-00.105,,,Simbad,268.826,-25.5348
2G0101529-0041742,2G0101529-0041742,10.153,-0.4174,0.18,1.04,0.62,0.85,0.1,47,35,0.8,,0.17,C,,1G010151-004169,G010.140-00.423,,,Simbad,272.4088,-20.3586
2G3272562-0059007,2G3272562-0059007,327.2563,-0.5901,0.54,1.47,0.96,1.24,0.27,37,86,0.76,0.11,0.06,C,,,G327.273-00.578,,,Simbad,238.249,-54.6502
2G3142210-0000137,2G3142210-0000137,314.2211,-0.0014,1.12,4.57,3.86,4.23,0.91,18,118,0.54,0.05,0.25,R,,1G314223+000009,G314.217-00.009,,,Simbad,216.5036,-60.7832
2G3149567+0006711,2G3149567+0006711,314.9567,0.0671,1.18,3.56,2.05,2.9,0.83,170,77,0.82,,0.14,C,,,,,,Simbad,217.8474,-60.4499
2G0028894-0004549,2G0028894-0004549,2.8894,-0.0455,0.43,2.9,2.11,2.54,0.26,52,30,0.69,,0.18,C,,1G002894-000458,G002.889-00.044,,,Simbad,268.1299,-26.4827
2G3419136+0017241,2G3419136+0017241,341.9137,0.1724,0.17,0.62,0.34,0.5,0.11,166,109,0.84,0.24,0.34,R,,1G341914+001729,G341.916+00.173,,,Simbad,253.2752,-43.666
2G3487471+0028210,2G3487471+0028210,348.7471,0.2821,0.24,3.48,3.17,3.33,0.23,9,58,0.41,,0.25,C,,1G348746+002874,G348.770+00.282,,,Simbad,258.6651,-38.1737
2G3405777-0032883,2G3405777-0032883,340.5777,-0.3288,1.29,1.55,1.02,1.31,0.58,161,83,0.75,0.05,0.14,R,,,,,,Simbad,252.6272,-45.0156
2G3293383+0013013,2G3293383+0013013,329.3383,0.1301,0.24,0.79,0.71,0.75,0.19,43,95,0.42,0.15,0.3,R,,1G329338+001292,G329.340+00.121,7.3,,Simbad,240.1568,-52.7584
2G0217023-0012332,2G0217023-0012332,21.7024,-0.1233,0.48,1.27,0.81,1.06,0.26,160,99,0.77,0.07,0.14,R,,1G021704-001197,G021.706-00.122,,,Simbad,277.7975,-10.0377
2G0280832+0014006,2G0280832+0014006,28.0832,0.1401,0.88,2.19,1.5,1.88,0.62,125,119,0.73,0.06,0.14,R,,,G028.078+00.144,,,Simbad,280.5194,-4.2502
2G3512268+0065677,2G3512268+0065677,351.2268,0.6568,0.51,1.25,0.86,1.08,0.29,71,69,0.73,,0.13,C,,1G351224+006647,,,,Simbad,260.0768,-35.9331
2G0207014-0028155,2G0207014-0028155,20.7014,-0.2816,0.04,0.17,0.1,0.14,0.02,73,13,0.79,,0.16,C,,,,,,Simbad,277.4687,-10.9982
2G3356175-0071670,2G3356175-0071670,335.6176,-0.7167,0.28,1.63,1.2,1.43,0.25,70,38,0.68,,0.14,C,,1G335611-007168,,,,Simbad,248.2522,-48.9991
2G0084794-0038405,2G0084794-0038405,8.4794,-0.3841,1.87,2.94,2.14,2.57,0.78,10,64,0.68,,0.16,C,,1G008444-003599,G008.456-00.351,,,Simbad,271.5058,-21.805
2G3329522-0032635,2G3329522-0032635,332.9522,-0.3263,1.52,5.25,4.35,4.82,0.75,179,97,0.56,0.04,0.31,R,,1G332953-003021,G332.956-00.316,,,Simbad,244.9405,-50.6402
2G3073194+0086433,2G3073194+0086433,307.3195,0.8643,0.14,0.73,0.64,0.69,0.06,23,71,0.46,,0.13,C,,1G307318+008643,,,,Simbad,202.1419,-61.6907
2G3341981+0006399,2G3341981+0006399,334.1982,0.064,0.16,0.8,0.74,0.77,0.07,9,58,0.37,,0.15,C,,1G334200+000649,,,,Simbad,245.8844,-49.4836
2G0459088+0048424,2G0459088+0048424,45.9089,0.4842,0.04,0.3,0.25,0.28,0.04,7,39,0.55,,0.25,C,,1G045909+004836,G045.909+00.483,,,Simbad,288.4203,11.7535
2G0497327-0063401,2G0497327-0063401,49.7328,-0.634,0.43,1.37,1.23,1.3,0.28,13,91,0.45,0.25,0.31,R,,1G049733-006297,G049.733-00.633,5.5,,Simbad,291.2762,14.6069
2G0248325-0001338,2G0248325-0001338,24.8326,-0.0134,1.15,2.89,2.12,2.54,0.71,1,87,0.68,0.02,0.07,C,,,G024.846-00.026,,,Simbad,279.1587,-7.2094
2G0258695+0034530,2G0258695+0034530,25.8695,0.3453,0.31,0.98,0.84,0.92,0.15,56,103,0.51,0.14,0.18,R,,1G025869+003440,G025.873+00.343,,,Simbad,279.3176,-6.1237
2G3355916-0078866,2G3355916-0078866,335.5916,-0.7887,0.27,3.63,2.36,3.06,0.22,70,52,0.76,,0.26,C,,1G335595-007918,G335.605-00.813,,,Simbad,248.3057,-49.0672
2G0025156-0013932,2G0025156-0013932,2.5156,-0.1393,0.42,1.53,1.34,1.44,0.22,56,135,0.48,0.16,0.29,R,,1G002517-001367,G002.516-00.141,,CN32,Simbad,268.0071,-26.8522
2G0117830+0017640,2G0117830+0017640,11.783,0.1764,0.1,0.48,0.33,0.41,0.09,13,88,0.73,0.3,0.21,R,,1G011784+001763,G011.782+00.175,,,Simbad,272.6924,-18.6446
2G3478905+0004328,2G3478905+0004328,347.8906,0.0433,0.09,0.47,0.41,0.44,0.08,15,97,0.49,0.09,0.39,R,,1G347890+000432,G347.891+00.042,,,Simbad,258.2709,-39.0077
2G0253998+0003174,2G0253998+0003174,25.3998,0.0317,0.14,0.41,0.3,0.36,0.08,112,76,0.69,,0.13,C,,1G025399+000360,G025.397+00.033,17.3,,Simbad,279.3809,-6.6849
2G0251858+0011510,2G0251858+0011510,25.1858,0.1151,0.43,0.53,0.34,0.45,0.34,75,87,0.76,0.04,0.07,C,,,G025.183+00.117,,,Simbad,279.2073,-6.8367
2G0224260+0029453,2G0224260+0029453,22.426,0.2945,0.28,0.48,0.34,0.42,0.16,87,61,0.71,,0.24,C,,,G022.425+00.298,,,Simbad,277.7615,-9.2029
2G0066188+0014320,2G0066188+0014320,6.6189,0.1432,0.21,0.99,0.85,0.92,0.11,40,103,0.52,,0.16,C,,1G006617+001436,G006.614+00.138,,CN85,Simbad,270.0171,-23.1643
2G3329974-0045540,2G3329974-0045540,332.9975,-0.4554,0.19,1.16,0.87,1.03,0.1,36,73,0.66,0.1,0.16,R,,1G333001-004562,,,S48,Simbad,245.1345,-50.7002
2G3405326-0014891,2G3405326-0014891,340.5326,-0.1489,0.4,0.59,0.43,0.51,0.12,93,68,0.68,,0.13,C,,,G340.538-00.147,,,Simbad,252.3911,-44.935
2G3329436-0052024,2G3329436-0052024,332.9436,-0.5202,0.31,1.29,1.24,1.26,0.16,3,53,0.27,,0.14,C,,1G332949-005219,G332.950-00.521,,,Simbad,245.1461,-50.7842
2G0181858+0055171,2G0181858+0055171,18.1859,0.5517,0.2,0.9,0.6,0.77,0.11,78,70,0.75,,0.32,C,,,G018.186+00.553,,,Simbad,275.5158,-12.8343
2G3153260-0021176,2G3153260-0021176,315.3261,-0.2118,0.15,0.67,0.34,0.53,0.08,146,78,0.86,0.1,0.12,C,,1G315329-002129,,,,Simbad,218.7574,-60.5664
2G2957292-0029682,2G2957292-0029682,295.7292,-0.2968,0.13,0.39,0.3,0.35,0.08,135,109,0.62,0.1,0.19,R,,,,,,Simbad,177.2168,-62.2903
2G3504695-0037856,2G3504695-0037856,350.4695,-0.3786,0.22,2.15,1.81,1.99,0.22,62,70,0.54,,0.28,C,,1G350467-003797,G350.455-00.385,,,Simbad,260.5997,-37.1452
2G3040671+0011416,2G3040671+0011416,304.0671,0.1142,0.12,1.02,0.81,0.92,0.12,172,91,0.61,0.21,0.22,R,,1G304071+001137,G304.069+00.114,,,Simbad,195.3381,-62.7357
2G0150172+0006606,2G0150172+0006606,15.0172,0.0661,0.08,0.37,0.29,0.33,0.07,26,88,0.62,,0.2,C,D,1G015018+000667,,,N17 N16,Simbad,274.4135,-15.8569
2G0221449-0004429,2G0221449-0004429,22.1449,-0.0443,1.3,9.73,9.09,9.41,0.67,26,87,0.36,,0.18,C,,1G022160-000447,G022.090-00.117,,,Simbad,277.9341,-9.6089
2G3384430+0015659,2G3384430+0015659,338.4431,0.1566,1.06,2.49,1.47,2.04,0.5,20,113,0.81,0.11,0.22,R,,1G338453+001787,,,,Simbad,250.1108,-46.3196
2G0355368+0004082,2G0355368+0004082,35.5369,0.0408,0.33,0.96,0.76,0.87,0.17,170,65,0.6,,0.18,C,,1G035538+000410,G035.539+00.040,,,Simbad,284.0116,2.3369
2G0546745+0059955,2G0546745+0059955,54.6746,0.5996,0.49,0.83,0.42,0.66,0.17,3,55,0.87,,0.22,C,,,G054.680+00.599,,,Simbad,292.6091,19.5385
2G0396072-0002163,2G0396072-0002163,39.6073,-0.0216,0.2,0.78,0.6,0.7,0.13,40,61,0.64,,0.21,C,,1G039608-000203,G039.607-00.021,,,Simbad,285.9336,5.9283
2G3375597-0067013,2G3375597-0067013,337.5598,-0.6701,0.51,0.82,0.58,0.71,0.07,46,65,0.71,,0.13,C,,1G337563-006700,G337.555-00.680,,,Simbad,250.1598,-47.5289
2G3388931+0061032,2G3388931+0061032,338.8931,0.6103,1.76,8.82,6.92,7.93,1.44,100,111,0.62,0.07,0.25,R,P,1G338895+006166,G338.861+00.597,,S29 S30,Simbad,250.0518,-45.6819
2G0422033+0003784,2G0422033+0003784,42.2033,0.0379,0.65,2.65,2.08,2.38,0.36,26,80,0.62,,0.41,C,,1G042203+000464,G042.204+00.038,,,Simbad,287.0825,8.2613
2G0486177+0002294,2G0486177+0002294,48.6178,0.0229,0.07,0.32,0.29,0.31,0.08,8,109,0.37,0.16,0.12,R,,,,,,Simbad,290.1357,13.9339
2G3583538-0004448,2G3583538-0004448,358.3538,-0.0445,0.15,0.73,0.6,0.67,0.09,160,107,0.56,,0.23,C,,,G358.358-00.042,,,Simbad,265.4551,-30.3611
2G0244615+0050422,2G0244615+0050422,24.4616,0.5042,0.18,1.03,0.69,0.88,0.13,56,61,0.74,0.08,0.16,R,,1G024464+004973,,,,Simbad,278.5234,-7.3006
2G0124624+0005738,2G0124624+0005738,12.4624,0.0574,0.03,0.12,0.1,0.11,0.01,46,52,0.52,,0.18,C,,,G012.462+00.057,,,Simbad,273.1468,-18.1062
2G0495522-0089207,2G0495522-0089207,49.5523,-0.8921,0.26,0.79,0.59,0.7,0.08,118,120,0.66,,0.15,C,,1G049551-008868,G049.548-00.887,,,Simbad,291.4224,14.3256
2G3141237+0047740,2G3141237+0047740,314.1237,0.4774,0.94,1.57,1.06,1.34,0.46,16,91,0.74,0.09,0.11,C,,,,,,Simbad,215.9739,-60.3697
2G3501052+0003609,2G3501052+0003609,350.1052,0.0361,0.12,0.99,0.5,0.79,0.07,52,55,0.86,,0.14,C,,,G350.112+00.036,,,Simbad,259.9114,-37.2081
2G0086521-0093513,2G0086521-0093513,8.6521,-0.9351,0.18,1.14,0.77,0.97,0.25,70,154,0.74,,0.12,C,,,G008.650-00.940,,,Simbad,272.115,-21.9224
2G0099019-0010173,2G0099019-0010173,9.9019,-0.1017,0.13,0.56,0.42,0.49,0.1,160,133,0.65,0.14,0.15,R,,,G009.904-00.101,,,Simbad,271.9844,-20.4252
2G3392275+0017904,2G3392275+0017904,339.2276,0.179,1.55,4.31,3.78,4.05,0.92,153,122,0.48,0.08,0.18,R,,1G339228+001939,G339.233+00.243,11.2,,Simbad,250.8318,-45.7152
2G0324554+0040729,2G0324554+0040729,32.4554,0.4073,0.18,0.54,0.47,0.51,0.11,21,86,0.51,0.2,0.34,R,,1G032455+004085,G032.455+00.407,,,Simbad,282.2797,-0.2384
2G0042333+0062787,2G0042333+0062787,4.2334,0.6279,0.06,0.42,0.37,0.39,0.08,180,43,0.44,,0.14,C,,,G004.232+00.625,,,Simbad,268.2451,-24.9831
2G3368532-0001764,2G3368532-0001764,336.8533,-0.0176,0.43,1.16,0.93,1.05,0.25,6,123,0.59,0.17,0.2,R,,,G336.854-00.018,,,Simbad,248.7403,-47.617
2G0099957-0003203,2G0099957-0003203,9.9958,-0.032,0.18,0.68,0.46,0.58,0.14,40,76,0.74,0.21,0.14,R,,1G009997-000305,G009.997-00.033,,CN142,Simbad,271.9681,-20.3092
2G3142555+0010064,2G3142555+0010064,314.2555,0.1007,0.08,0.32,0.25,0.29,0.06,31,46,0.61,,0.27,C,,1G314256+001017,G314.254+00.101,,,Simbad,216.4948,-60.6756
2G0265229-0056388,2G0265229-0056388,26.523,-0.5639,3.6,3.46,2.6,3.06,1.65,43,110,0.66,0.13,0.21,R,,1G026516-005592,G026.503-00.545,,,Simbad,280.4314,-5.9596
2G2988617+0018920,2G2988617+0018920,298.8617,0.1892,1.17,1.45,1.26,1.36,0.47,42,89,0.5,0.09,0.07,C,,1G298861+001940,G298.878+00.192,,,Simbad,184.0458,-62.4036
2G0323887+0034506,2G0323887+0034506,32.3888,0.3451,0.52,2.82,2.56,2.69,0.36,54,85,0.42,0.16,0.43,R,,1G032390+003455,G032.388+00.345,,,Simbad,282.3047,-0.326
2G0293682-0035055,2G0293682-0035055,29.3683,-0.3505,0.09,0.3,0.23,0.27,0.1,0,62,0.61,,0.14,C,,,,,,Simbad,281.5452,-3.3312
2G0241105+0021523,2G0241105+0021523,24.1105,0.2152,0.21,1.39,1.14,1.27,0.14,107,96,0.57,,0.14,C,,1G024109+002170,G024.109+00.214,,,Simbad,278.6189,-7.7454
2G3113033-0045230,2G3113033-0045230,311.3033,-0.4523,0.3,1.03,0.65,0.86,0.14,61,82,0.78,0.14,0.16,R,,1G311302-004587,G311.302-00.456,,,Simbad,211.0101,-62.1382
2G0451181+0015544,2G0451181+0015544,45.1181,0.1554,0.69,0.95,0.75,0.85,0.29,3,95,0.61,0.09,0.14,R,,1G045123+001453,G045.118+00.144,7.7,,Simbad,288.3432,10.9004
2G3395767-0009958,2G3395767-0009958,339.5767,-0.0996,1.82,2.58,1.77,2.21,0.77,14,64,0.73,,0.17,C,,1G339585-000986,G339.585-00.104,13.3,,Simbad,251.46,-45.6329
2G3211147-0027822,2G3211147-0027822,321.1148,-0.2782,0.31,0.81,0.67,0.74,0.18,33,95,0.57,0.25,0.27,R,,1G321115-002772,G321.114-00.273,14.7,,Simbad,228.8981,-57.9679
2G0118219-0010242,2G0118219-0010242,11.822,-0.1024,0.68,2.09,1.66,1.89,0.43,93,102,0.61,0.07,0.27,R,,1G011824-001021,G011.822-00.097,,,Simbad,272.9702,-18.7446
2G0170741-0009583,2G0170741-0009583,17.0741,-0.0958,0.19,2.36,1.61,2.02,0.15,158,94,0.73,,0.15,C,,,G017.073-00.096,,,Simbad,275.5664,-14.1199
2G0330500+0007419,2G0330500+0007419,33.05,0.0742,0.16,0.35,0.3,0.32,0.05,53,98,0.5,0.1,0.13,R,,,G033.049+00.075,,,Simbad,282.8473,0.1389
2G0254771+0004124,2G0254771+0004124,25.4771,0.0413,0.12,0.45,0.37,0.41,0.11,50,88,0.55,,0.16,C,,,G025.477+00.040,17.3,,Simbad,279.408,-6.6118
2G0329944+0015615,2G0329944+0015615,32.9945,0.1562,0.07,0.29,0.25,0.27,0.1,174,84,0.52,0.24,0.21,R,,1G032995+001557,G032.992+00.155,,,Simbad,282.749,0.1269
2G0356521-0002439,2G0356521-0002439,35.6522,-0.0244,0.75,3.06,2.41,2.76,0.57,36,114,0.62,0.25,0.3,R,,1G035652-000348,G035.649-00.053,10.4,N68,Simbad,284.1224,2.4097
2G0238839+0016971,2G0238839+0016971,23.884,0.1697,0.14,0.8,0.72,0.76,0.12,179,65,0.43,0.32,0.08,R,,1G023885+001701,G023.887+00.177,,,Simbad,278.5543,-7.9673
2G0284006+0051020,2G0284006+0051020,28.4007,0.5102,0.94,3.49,2.57,3.07,0.66,23,73,0.68,,0.28,C,,1G028398+005151,G028.407+00.496,,,Simbad,280.3351,-3.7985
2G3518613+0019900,2G3518613+0019900,351.8614,0.199,0.07,1.08,0.97,1.03,0.06,169,72,0.43,,0.33,C,,1G351861+002001,G351.862+00.202,,CS76,Simbad,260.9856,-35.6705
2G3114966-0045977,2G3114966-0045977,311.4967,-0.4598,0.51,2.24,1.64,1.96,0.45,83,78,0.68,,0.18,C,,1G311493-004567,G311.501-00.465,5.6,,Simbad,211.4116,-62.0912
2G3335977-0029241,2G3335977-0029241,333.5978,-0.2924,1.23,3.45,2.56,3.04,0.75,148,116,0.67,0.05,0.1,C,,,G333.594-00.291,,,Simbad,245.621,-50.1608
2G0032155-0010920,2G0032155-0010920,3.2156,-0.1092,0.21,0.55,0.42,0.49,0.11,30,71,0.66,0.16,0.17,R,P,1G003214-001080,,,CN38 CN37,Simbad,268.3761,-26.2342
2G0343009+0007986,2G0343009+0007986,34.3009,0.0799,0.2,1.62,1.37,1.5,0.12,28,42,0.53,,0.2,C,,1G034297+000812,G034.295+00.089,,,Simbad,283.4127,1.2548
2G0175047-0021217,2G0175047-0021217,17.5047,-0.2122,0.05,0.56,0.48,0.52,0.06,25,41,0.5,,0.18,C,,,G017.502-00.211,,,Simbad,275.8805,-13.7943
2G0515274-0007582,2G0515274-0007582,51.5275,-0.0758,0.4,1.62,1.2,1.43,0.24,41,134,0.67,,0.2,C,,,G051.524-00.072,,,Simbad,291.6511,16.4514
2G3415821-0026772,2G3415821-0026772,341.5822,-0.2677,0.09,0.28,0.2,0.24,0.11,60,79,0.72,0.13,0.14,R,,1G341582-002676,G341.582-00.268,,,Simbad,253.4575,-44.2011
2G3075416+0078081,2G3075416+0078081,307.5416,0.7808,0.75,1.17,0.91,1.05,0.34,178,52,0.63,,0.13,C,,,G307.543+00.786,,,Simbad,202.6315,-61.7406
2G3423222+0037115,2G3423222+0037115,342.3223,0.3712,1.96,6.34,4.19,5.38,0.87,50,67,0.75,,0.16,C,,1G342342+003922,G342.277+00.311,,,Simbad,253.4191,-43.2238
2G0450137-0062972,2G0450137-0062972,45.0138,-0.6297,1.23,3.64,2.19,3.01,1.0,57,55,0.8,,0.19,C,,1G045003-006410,G045.002-00.611,6.0,,Simbad,289.0013,10.4432
2G0109565+0003088,2G0109565+0003088,10.9566,0.0309,0.05,0.19,0.14,0.17,0.05,82,90,0.68,0.13,0.15,R,,,G010.956+00.030,,,Simbad,272.4049,-19.4384
2G0219273+0010946,2G0219273+0010946,21.9274,0.1095,0.1,0.8,0.66,0.73,0.08,81,73,0.56,,0.25,C,,1G021932+001076,G021.931+00.104,,,Simbad,277.6937,-9.7305
2G0085615-0021176,2G0085615-0021176,8.5616,-0.2118,0.11,0.71,0.56,0.64,0.14,148,120,0.62,,0.16,C,,,G008.560-00.214,,,Simbad,271.3873,-21.6491
2G3178228+0022737,2G3178228+0022737,317.8228,0.2274,0.74,3.13,2.12,2.67,0.38,51,99,0.74,,0.31,C,,,G317.817+00.217,,,Simbad,222.9096,-59.1244
2G3303234-0019453,2G3303234-0019453,330.3234,-0.1945,0.51,1.56,1.21,1.4,0.28,50,50,0.63,,0.17,C,,1G330328-001939,G330.327-00.206,,,Simbad,241.7244,-52.3493
2G0350047-0011862,2G0350047-0011862,35.0048,-0.1186,1.24,3.72,2.87,3.32,0.97,16,100,0.64,0.06,0.14,R,,1G035018-001114,G035.035-00.132,,,Simbad,283.9106,1.7906
2G0117712-0003706,2G0117712-0003706,11.7712,-0.0371,0.47,0.49,0.3,0.4,0.33,111,137,0.78,0.13,0.1,R,,,G011.770-00.039,,,Simbad,272.8839,-18.7578
2G3567337+0003313,2G3567337+0003313,356.7338,0.0331,0.16,0.64,0.54,0.59,0.07,73,80,0.53,,0.2,C,,,G356.727+00.037,,,Simbad,264.3724,-31.6915
2G0235512-0003683,2G0235512-0003683,23.5513,-0.0368,0.29,0.72,0.53,0.63,0.19,66,104,0.68,0.12,0.13,R,,1G023550-000348,G023.551-00.034,,,Simbad,278.5846,-8.3578
2G0333254-0027325,2G0333254-0027325,33.3254,-0.2733,0.59,0.75,0.47,0.63,0.21,66,79,0.78,0.07,0.22,R,,1G033328-002722,G033.328-00.273,,,Simbad,283.2821,0.2256
2G0168433-0002540,2G0168433-0002540,16.8434,-0.0254,0.05,0.2,0.17,0.18,0.04,4,89,0.49,,0.5,C,,,G016.842-00.025,,,Simbad,275.3904,-14.2904
2G3314133+0000590,2G3314133+0000590,331.4134,0.0059,0.2,0.59,0.41,0.51,0.13,172,80,0.73,0.23,0.27,R,,1G331413+000075,G331.412+00.011,,,Simbad,242.8071,-51.4649
2G0200942-0031368,2G0200942-0031368,20.0943,-0.3137,1.17,6.28,5.41,5.86,0.74,60,99,0.51,,0.14,C,,,G020.150-00.335,,,Simbad,277.2105,-11.5509
2G3368849+0045587,2G3368849+0045587,336.885,0.4559,0.11,1.18,1.0,1.09,0.22,55,58,0.52,,0.15,C,,,G336.886+00.452,,,Simbad,248.2577,-47.2725
2G0299738-0058948,2G0299738-0058948,29.9738,-0.5895,0.58,1.77,1.35,1.58,0.32,50,99,0.65,,0.16,C,,1G029966-005883,G029.979-00.587,,,Simbad,282.0349,-2.9014
2G3036008-0062700,2G3036008-0062700,303.6008,-0.627,0.42,1.77,1.26,1.54,0.28,74,90,0.7,0.09,0.28,R,,1G303599-006307,G303.593-00.631,,,Simbad,194.3581,-63.491
2G3563124-0068010,2G3563124-0068010,356.3124,-0.6801,0.34,1.6,1.45,1.53,0.26,46,76,0.42,,0.15,C,,1G356311-006764,G356.319-00.676,,,Simbad,264.8179,-32.4288
2G0236865-0020436,2G0236865-0020436,23.6865,-0.2044,0.2,0.61,0.47,0.55,0.11,59,87,0.63,0.23,0.27,R,,1G023687-002046,G023.689-00.205,6.2,,Simbad,278.7979,-8.315
2G0149143-0041200,2G0149143-0041200,14.9143,-0.412,0.27,0.72,0.57,0.65,0.22,84,85,0.62,0.16,0.29,R,,1G014913-004121,G014.915-00.416,,,Simbad,274.8009,-16.1739
2G0422210-0005965,2G0422210-0005965,42.2211,-0.0597,0.93,2.7,1.9,2.34,0.52,50,94,0.71,0.04,0.08,C,,1G042224-000557,G042.227-00.067,,,Simbad,287.1783,8.2322
2G3457483-0045415,2G3457483-0045415,345.7484,-0.4542,0.72,9.11,7.72,8.44,0.85,72,58,0.53,,0.24,C,,,G345.761-00.466,,,Simbad,257.1369,-41.0282
2G3295688-0030947,2G3295688-0030947,329.5688,-0.3095,0.08,0.6,0.37,0.5,0.05,102,91,0.79,,0.16,C,,,,,,Simbad,240.9232,-52.9378
2G3089300-0008290,2G3089300-0008290,308.9301,-0.0829,0.14,0.28,0.21,0.25,0.15,159,47,0.64,,0.13,C,,,,,,Simbad,205.8713,-62.347
2G3107533-0035302,2G3107533-0035302,310.7534,-0.353,0.24,0.49,0.28,0.4,0.12,6,69,0.82,0.08,0.28,R,,,G310.755-00.354,,,Simbad,209.8186,-62.1902
