,MWP,GLON,GLAT,Disp,MajAxis,MinAxis,Reff,e_Reff,theta,e_theta,Ecc,HR2,HR3,RelFlag,HierFlag,IDDR1,IDA14,Dist,IDCW,Simbad,_RA.icrs,_DE.icrs
2G3339631+0006229,2G3339631+0006229,333.9631,0.0623,0.18,0.63,0.44,0.54,0.23,133,121,0.72,0.28,0.32,R,,1G333963+000644,G333.962+00.063,,,Simbad,245.6309,-49.6517
2G0509727+0007641,2G0509727+0007641,50.9728,0.0764,1.45,10.62,9.25,9.96,1.13,66,120,0.49,0.14,0.38,R,,1G050955+001074,G051.010+00.060,7.2,N107,Simbad,291.2372,16.0355
2G0131880+0003775,2G0131880+0003775,13.1881,0.0377,0.5,1.4,1.19,1.3,0.33,33,111,0.53,0.15,0.33,R,,1G013189+000428,G013.186+00.042,,N10,Simbad,273.5302,-17.4787
2G0435246-0064704,2G0435246-0064704,43.5246,-0.6471,0.38,0.44,0.39,0.42,0.2,9,153,0.49,0.17,0.19,R,,1G043523-006486,G043.523-00.648,8.3,,Simbad,288.3147,9.1165
2G0430398-0044099,2G0430398-0044099,43.0399,-0.441,0.18,0.55,0.43,0.5,0.15,25,76,0.63,0.14,0.15,R,,1G043039-004430,G043.040-00.445,,,Simbad,287.9026,8.7824
2G0082602-0044345,2G0082602-0044345,8.2603,-0.4435,0.35,0.92,0.8,0.86,0.26,36,106,0.5,0.16,0.28,R,,1G008258-004429,G008.250-00.440,,CN110,Simbad,271.4463,-22.0252
2G0288010+0017290,2G0288010+0017290,28.8011,0.1729,0.12,0.6,0.54,0.57,0.13,170,74,0.45,0.19,0.62,R,,1G028801+001734,G028.801+00.170,8.2,,Simbad,280.8192,-3.5967
2G0513575+0001985,2G0513575+0001985,51.3575,0.0199,1.14,2.94,1.62,2.37,0.54,33,68,0.83,,0.13,C,,,,,,Simbad,291.4791,16.3473
2G0195864-0005056,2G0195864-0005056,19.5864,-0.0506,0.06,0.48,0.43,0.46,0.06,59,102,0.41,0.25,0.37,R,,1G019588-000480,G019.588-00.049,,N26,Simbad,276.7314,-11.8782
2G3142149+0034135,2G3142149+0034135,314.215,0.3413,0.25,1.19,0.79,1.01,0.24,111,136,0.75,0.29,0.37,R,,1G314216+003417,G314.219+00.343,,S117,Simbad,216.2439,-60.465
2G0140012-0014003,2G0140012-0014003,14.0012,-0.14,0.33,0.99,0.77,0.89,0.25,172,86,0.63,0.29,0.06,R,,1G013992-001288,G013.992-00.131,,N14,Simbad,274.0995,-16.8488
2G3434810-0004398,2G3434810-0004398,343.4811,-0.044,0.22,1.96,1.21,1.63,0.23,75,95,0.79,0.19,0.35,R,,1G343478-000364,G343.480-00.043,,S17,Simbad,254.8505,-42.579
2G0303030+0004086,2G0303030+0004086,30.3031,0.0409,0.14,0.4,0.35,0.38,0.09,31,72,0.47,0.17,0.19,R,,1G030303+000444,G030.303+00.041,7.3,,Simbad,281.6237,-2.3208
2G0306206-0062732,2G0306206-0062732,30.6207,-0.6273,1.93,5.05,3.84,4.48,1.38,25,112,0.65,0.24,0.48,R,,1G030613-006253,G030.613-00.617,,,Simbad,282.3638,-2.343
2G0587650+0065427,2G0587650+0065427,58.765,0.6543,0.25,0.85,0.76,0.8,0.24,24,123,0.45,0.27,0.25,R,,1G058766+006541,G058.769+00.648,4.4,N125,Simbad,294.6898,23.141
2G0341633+0014499,2G0341633+0014499,34.1633,0.145,0.49,2.86,2.41,2.64,0.38,70,145,0.54,0.2,0.51,R,,1G034164+001462,G034.158+00.147,,N61,Simbad,283.292,1.162
2G0538194-0006169,2G0538194-0006169,53.8195,-0.0617,0.3,0.91,0.7,0.81,0.33,19,104,0.63,0.1,0.11,C,,,G053.822-00.057,5.0,,Simbad,292.7877,18.4708
2G0291175+0009285,2G0291175+0009285,29.1175,0.0929,0.11,0.22,0.13,0.18,0.11,178,85,0.82,0.13,0.11,R,,,G029.117+00.091,,,Simbad,281.0353,-3.3518
2G3040214+0044881,2G3040214+0044881,304.0214,0.4488,0.38,1.05,0.78,0.92,0.38,11,101,0.67,0.4,0.35,R,,1G304021+004503,G304.021+00.450,,S162,Simbad,195.2118,-62.403
2G0184420+0001217,2G0184420+0001217,18.4421,0.0122,0.05,0.28,0.2,0.24,0.03,172,97,0.73,,0.28,C,,,G018.441+00.013,,,Simbad,276.1277,-12.8609
2G3368789+0000037,2G3368789+0000037,336.8789,0.0004,0.06,0.26,0.21,0.23,0.04,52,93,0.59,0.18,0.31,R,,,G336.879+00.000,,S39,Simbad,248.7463,-47.586
2G0495731-0027082,2G0495731-0027082,49.5732,-0.2708,0.09,0.3,0.22,0.27,0.09,4,92,0.67,0.1,0.26,R,D,1G049573-002712,G049.573-00.272,,,Simbad,290.8675,14.6383
2G0137285-0001699,2G0137285-0001699,13.7285,-0.017,0.58,4.11,3.96,4.04,0.57,83,75,0.27,0.23,0.58,R,,1G013733-000160,G013.725-00.024,,N12,Simbad,273.8507,-17.03
2G0554436+0088760,2G0554436+0088760,55.4436,0.8876,0.15,0.59,0.54,0.57,0.26,16,94,0.42,0.43,0.49,R,,1G055445+008879,G055.442+00.886,,N121,Simbad,292.7333,20.3512
2G3336031-0000891,2G3336031-0000891,333.6031,-0.0089,0.32,0.49,0.35,0.43,0.12,26,83,0.71,0.03,0.12,C,,1G333603-000099,G333.603-00.009,,,Simbad,245.3145,-49.9566
2G0119536-0004049,2G0119536-0004049,11.9536,-0.0405,0.58,0.61,0.5,0.56,0.32,176,102,0.56,0.17,0.2,R,,1G011949-000353,,,,Simbad,272.9797,-18.5995
2G3234490+0009811,2G3234490+0009811,323.4491,0.0981,0.44,1.21,0.95,1.09,0.42,16,101,0.62,0.05,0.11,C,,1G323450+000978,G323.449+00.095,,,Simbad,232.1352,-56.3824
2G3294734+0037459,2G3294734+0037459,329.4735,0.3746,0.06,0.26,0.19,0.23,0.04,162,117,0.67,0.16,0.24,R,,1G329474+003750,G329.472+00.373,,,Simbad,240.0621,-52.485
2G0196058-0090608,2G0196058-0090608,19.6058,-0.9061,0.12,0.38,0.23,0.31,0.11,133,132,0.8,0.19,0.33,R,,1G019605-009038,G019.604-00.905,12.8,,Simbad,277.5153,-12.2584
2G0560814-0017963,2G0560814-0017963,56.0814,-0.1796,0.39,1.11,0.83,0.98,0.23,13,29,0.66,0.05,0.12,C,,1G056083-001780,G056.083-00.176,4.7,N122,Simbad,294.0588,20.3926
2G3344213-0024892,2G3344213-0024892,334.4213,-0.2489,0.08,0.47,0.35,0.42,0.11,50,68,0.66,0.52,0.37,R,,1G334421-002485,G334.422-00.251,,S45,Simbad,246.4691,-49.5436
2G0061424-0063722,2G0061424-0063722,6.1425,-0.6372,0.3,1.03,0.78,0.92,0.24,3,127,0.65,0.26,0.49,R,,1G006142-006403,G006.142-00.641,,CN77,Simbad,270.4991,-23.9648
2G3429163-0011993,2G3429163-0011993,342.9163,-0.1199,0.14,0.63,0.46,0.55,0.12,41,79,0.68,0.29,0.32,R,,1G342915-001231,G342.916-00.120,,,Simbad,254.4539,-43.069
2G3114832+0035973,2G3114832+0035973,311.4832,0.3597,0.21,0.58,0.47,0.53,0.13,82,112,0.57,0.07,0.35,R,,1G311483+003617,G311.484+00.361,5.6,S134,Simbad,210.9013,-61.3081
2G0500559-0027704,2G0500559-0027704,50.0559,-0.2771,0.28,1.5,0.95,1.26,0.22,92,164,0.78,0.05,0.1,C,,1G050067-002920,G050.038-00.274,5.5,N104,Simbad,291.1094,15.0606
2G0597934+0024121,2G0597934+0024121,59.7935,0.2412,0.18,1.23,0.94,1.09,0.16,166,12,0.65,,0.13,C,,1G059797+002436,G059.796+00.241,9.1,,Simbad,295.6352,23.8313
2G3213952-0031392,2G3213952-0031392,321.3952,-0.3139,0.26,1.15,0.95,1.06,0.36,33,98,0.56,0.48,0.56,R,,1G321395-003135,G321.392-00.315,,S89,Simbad,229.3822,-57.8506
2G0228769+0015600,2G0228769+0015600,22.8769,0.156,0.08,0.37,0.26,0.32,0.05,28,92,0.72,0.15,0.14,R,,,G022.876+00.153,,,Simbad,278.0969,-8.8672
2G0193539-0009211,2G0193539-0009211,19.3539,-0.0921,0.17,1.15,0.85,1.01,0.13,164,57,0.67,,0.17,C,,1G019359-000967,G019.362-00.097,,,Simbad,276.6582,-12.1033
2G3174001+0009332,2G3174001+0009332,317.4001,0.0933,0.65,1.19,0.81,1.02,0.36,52,83,0.73,0.06,0.16,R,,1G317404+000973,G317.405+00.091,2.8,,Simbad,222.2831,-59.4313
2G0186563-0004901,2G0186563-0004901,18.6563,-0.049,0.22,0.63,0.5,0.57,0.14,26,86,0.62,0.25,0.24,R,,1G018658-000495,G018.657-00.057,12.5,,Simbad,276.2859,-12.7002
2G0389274-0038612,2G0389274-0038612,38.9275,-0.3861,0.2,0.72,0.59,0.66,0.21,174,119,0.57,0.38,0.38,R,,1G038928-003861,G038.926-00.389,,N75,Simbad,285.9459,5.157
2G3119145+0022631,2G3119145+0022631,311.9146,0.2263,0.65,1.85,1.25,1.58,0.47,32,75,0.74,0.12,0.21,R,,1G311910+002181,G311.919+00.204,7.9,,Simbad,211.8418,-61.3142
2G0562579-0010555,2G0562579-0010555,56.258,-0.1056,0.37,1.1,0.7,0.92,0.32,21,102,0.77,0.15,0.19,R,,1G056259-001024,G056.260-00.104,,,Simbad,294.0818,20.5829
2G0373636-0022119,2G0373636-0022119,37.3636,-0.2212,0.76,0.77,0.51,0.65,0.23,43,60,0.76,,0.24,C,,,,,,Simbad,285.0806,3.8422
2G0522299+0073761,2G0522299+0073761,52.23,0.7376,0.12,0.59,0.38,0.5,0.15,50,69,0.76,0.41,0.36,R,,1G052231+007378,G052.232+00.735,10.9,N113,Simbad,291.2516,17.4559
2G0412488+0036669,2G0412488+0036669,41.2489,0.3667,0.25,2.1,1.44,1.8,0.17,43,45,0.73,,0.41,C,,1G041237+003647,G041.235+00.367,5.4,,Simbad,286.3446,7.5651
2G3277704-0034396,2G3277704-0034396,327.7704,-0.344,0.34,1.16,0.96,1.06,0.15,14,68,0.56,,0.19,C,,1G327770-003461,G327.770-00.346,4.6,,Simbad,238.6617,-54.1334
2G3362151+0015250,2G3362151+0015250,336.2151,0.1525,0.06,0.27,0.19,0.23,0.07,7,153,0.72,0.17,0.18,R,,1G336215+001526,G336.216+00.151,,,Simbad,247.9086,-47.9693
2G3017509+0028355,2G3017509+0028355,301.7509,0.2836,0.08,0.35,0.29,0.32,0.13,59,92,0.54,0.15,0.16,R,,,G301.751+00.283,,,Simbad,190.2956,-62.5646
2G3360136-0036879,2G3360136-0036879,336.0137,-0.3688,0.07,0.25,0.21,0.23,0.08,23,125,0.52,0.41,0.18,R,,,,,,Simbad,248.2744,-48.4722
2G3058358-0006030,2G3058358-0006030,305.8358,-0.0603,0.14,0.61,0.36,0.5,0.09,180,107,0.81,,0.21,C,,1G305837-000638,G305.838-00.059,,,Simbad,199.2202,-62.7885
2G3165194-0060160,2G3165194-0060160,316.5195,-0.6016,0.54,1.24,0.99,1.12,0.39,39,112,0.61,0.41,0.36,R,,1G316519-005993,G316.516-00.600,,S114,Simbad,221.2937,-60.4376
2G3271392-0026172,2G3271392-0026172,327.1392,-0.2617,0.24,0.75,0.62,0.69,0.33,41,112,0.55,0.36,0.23,R,,1G327138-002613,G327.139-00.261,,S75,Simbad,237.7351,-54.4693
2G0257219+0005879,2G0257219+0005879,25.722,0.0588,0.13,0.38,0.32,0.35,0.1,56,119,0.56,0.16,0.39,R,,1G025723+000585,G025.724+00.058,9.5,,Simbad,279.5055,-6.3862
2G3546141+0048790,2G3546141+0048790,354.6141,0.4879,0.51,1.21,1.04,1.13,0.43,14,95,0.51,0.5,0.43,R,,1G354612+004841,G354.611+00.483,,CS46,Simbad,262.5548,-33.2238
2G3058024+0001722,2G3058024+0001722,305.8024,0.0172,0.08,0.31,0.25,0.28,0.05,39,110,0.56,0.09,0.19,R,,1G305803+000171,G305.805+00.017,,,Simbad,199.131,-62.7146
2G0383528-0013276,2G0383528-0013276,38.3529,-0.1328,0.27,0.92,0.83,0.88,0.23,37,100,0.44,0.24,0.39,R,,1G038354-001328,G038.353-00.135,,N72,Simbad,285.4557,4.7623
2G0088666-0032504,2G0088666-0032504,8.8667,-0.3251,0.63,1.13,0.84,1.0,0.39,23,84,0.67,0.06,0.33,R,,1G008867-003251,G008.865-00.323,,CN123,Simbad,271.6538,-21.4382
2G3179763-0001082,2G3179763-0001082,317.9763,-0.0108,0.07,0.34,0.3,0.32,0.12,28,88,0.43,0.13,0.1,R,,1G317976-000135,G317.976-00.011,,,Simbad,223.3863,-59.2683
2G3087116+0062461,2G3087116+0062461,308.7116,0.6246,0.98,5.76,4.52,5.18,0.91,49,59,0.62,0.32,0.66,R,P,1G308715+006317,G308.713+00.646,5.3,S145 S144,Simbad,205.1209,-61.6955
2G0193126-0037337,2G0193126-0037337,19.3127,-0.3734,0.46,0.81,0.58,0.7,0.44,28,96,0.69,0.08,0.07,C,,1G019309-003739,G019.309-00.375,,,Simbad,276.8933,-12.2707
2G0499983-0012861,2G0499983-0012861,49.9984,-0.1286,0.6,1.27,0.8,1.06,0.3,179,165,0.77,0.04,0.34,R,,1G049997-001215,G049.997-00.130,,,Simbad,290.9457,15.0802
2G3239210+0040036,2G3239210+0040036,323.9211,0.4004,0.12,0.55,0.42,0.49,0.18,154,90,0.65,0.22,0.25,R,,1G323920+004007,G323.921+00.399,,,Simbad,232.5266,-55.8661
2G0500788+0056955,2G0500788+0056955,50.0789,0.5696,0.19,0.89,0.82,0.86,0.32,52,97,0.41,0.53,0.55,R,,1G050078+005703,G050.079+00.571,11.2,N105,Simbad,290.3469,15.4805
2G3200379-0054927,2G3200379-0054927,320.0379,-0.5493,0.21,0.77,0.69,0.73,0.17,65,108,0.45,0.09,0.12,C,,,G320.037-00.551,,,Simbad,227.4031,-58.7542
2G3126958-0011417,2G3126958-0011417,312.6958,-0.1142,0.44,1.93,1.5,1.73,0.42,53,54,0.63,0.17,0.51,R,,1G312693-001139,G312.681-00.110,,S127,Simbad,213.6101,-61.4025
2G3239745+0005725,2G3239745+0005725,323.9745,0.0573,0.1,0.47,0.39,0.44,0.11,176,99,0.56,0.27,0.36,R,,1G323974+000576,G323.973+00.057,,S83,Simbad,232.9551,-56.1174
2G3526407-0035517,2G3526407-0035517,352.6408,-0.3552,0.22,1.32,1.02,1.18,0.13,3,47,0.63,,0.14,C,,1G352658-003636,G352.649-00.358,,CS68 CS67,Simbad,262.0854,-35.3343
2G0081129+0023166,2G0081129+0023166,8.113,0.2317,0.23,1.35,0.97,1.18,0.2,108,128,0.69,0.24,0.27,R,,1G008120+002342,,,CN107,Simbad,270.7342,-21.8222
2G3202816+0044453,2G3202816+0044453,320.2817,0.4445,0.78,3.29,2.18,2.79,0.53,146,107,0.75,0.05,0.09,C,,1G320281+004505,G320.248+00.442,2.1,,Simbad,226.8573,-57.772
2G3274868-0049692,2G3274868-0049692,327.4868,-0.4969,0.23,0.91,0.59,0.77,0.24,172,69,0.76,,0.15,C,,1G327492-004930,G327.487-00.492,,,Simbad,238.4541,-54.4319
2G3202580-0032150,2G3202580-0032150,320.2581,-0.3215,0.25,1.41,1.17,1.29,0.16,39,76,0.55,,0.46,C,P,1G320258-003210,G320.255-00.326,,,Simbad,227.5467,-58.4463
2G0218729+0000495,2G0218729+0000495,21.873,0.005,0.28,0.43,0.36,0.4,0.2,43,89,0.56,0.14,0.13,R,,1G021873+000095,G021.873+00.005,13.5,,Simbad,277.7622,-9.8271
2G0110378+0006837,2G0110378+0006837,11.0378,0.0684,0.32,0.5,0.39,0.45,0.2,38,105,0.63,0.1,0.16,R,,1G011035+000657,G011.035+00.065,,,Simbad,272.4118,-19.3492
2G3178713+0014404,2G3178713+0014404,317.8714,0.144,0.35,1.03,0.74,0.89,0.22,152,110,0.69,0.12,0.19,R,,1G317862+001517,,,,Simbad,223.0671,-59.1773
2G0108438-0011291,2G0108438-0011291,10.8438,-0.1129,0.09,0.37,0.28,0.33,0.06,178,84,0.66,0.28,0.15,R,,,G010.842-00.112,,,Simbad,272.4806,-19.6067
2G3347223-0065354,2G3347223-0065354,334.7223,-0.6535,0.19,0.6,0.48,0.54,0.24,180,100,0.59,0.22,0.4,R,,1G334723-006518,G334.721-00.653,17.5,,Simbad,247.2404,-49.6076
2G0246817-0016924,2G0246817-0016924,24.6817,-0.1693,0.44,1.0,0.73,0.87,0.24,176,109,0.68,0.14,0.26,R,,1G024682-001645,G024.678-00.164,,,Simbad,279.2284,-7.4151
2G3073895-0072222,2G3073895-0072222,307.3895,-0.7222,0.25,1.67,1.25,1.48,0.29,90,134,0.66,0.27,0.51,R,,1G307391-007207,G307.392-00.724,,,Simbad,202.8018,-63.2492
2G3285789-0014150,2G3285789-0014150,328.579,-0.1415,0.16,0.36,0.23,0.3,0.12,19,160,0.78,0.2,0.27,R,,1G328578-001448,G328.576-00.144,,,Simbad,239.4904,-53.4587
2G3021312-0000545,2G3021312-0000545,302.1312,-0.0054,0.12,0.55,0.39,0.48,0.2,6,53,0.71,0.11,0.16,R,,1G302131-000076,G302.131-00.005,,,Simbad,191.1036,-62.8662
2G0459357-0040163,2G0459357-0040163,45.9358,-0.4016,0.22,0.65,0.56,0.6,0.3,43,99,0.51,0.17,0.15,R,,1G045934-004012,G045.933-00.403,5.9,,Simbad,289.2334,11.3652
2G3323166-0056648,2G3323166-0056648,332.3166,-0.5665,0.35,0.97,0.87,0.92,0.26,34,97,0.45,0.14,0.31,R,,1G332317-005665,G332.311-00.567,,S54,Simbad,244.4869,-51.2567
2G0493210-0041003,2G0493210-0041003,49.3211,-0.41,0.38,1.2,0.92,1.07,0.23,80,103,0.64,0.21,0.27,R,,1G049321-004225,G049.315-00.425,,,Simbad,290.8711,14.3503
2G3246473-0031274,2G3246473-0031274,324.6474,-0.3127,0.17,1.06,0.89,0.98,0.13,34,47,0.54,,0.17,C,,1G324650-003130,G324.642-00.321,,S81,Simbad,234.3214,-56.0273
2G0420562-0012027,2G0420562-0012027,42.0562,-0.1203,0.13,0.55,0.38,0.47,0.15,6,67,0.72,0.26,0.25,R,,1G042056-001204,G042.057-00.121,,,Simbad,287.1559,8.0579
2G3512615+0101773,2G3512615+0101773,351.2615,1.0177,0.35,1.09,0.83,0.97,0.36,139,123,0.65,0.34,0.37,R,,,G351.261+01.016,,CS87,Simbad,259.7365,-35.6979
2G0245572-0013312,2G0245572-0013312,24.5572,-0.1331,0.1,0.85,0.69,0.78,0.09,9,72,0.58,0.1,0.35,R,,1G024558-001329,G024.557-00.132,,,Simbad,279.1383,-7.509
2G0118917+0074913,2G0118917+0074913,11.8918,0.7491,0.37,1.89,1.64,1.77,0.35,44,70,0.5,0.48,0.7,R,,1G011895+007508,G011.893+00.748,3.2,N4,Simbad,272.2193,-18.2725
2G3055340+0035769,2G3055340+0035769,305.5341,0.3577,0.22,1.07,0.99,1.03,0.31,71,93,0.38,0.45,0.5,R,D,1G305535+003577,G305.535+00.357,4.9,S150,Simbad,198.4832,-62.4003
2G0214268-0065820,2G0214268-0065820,21.4269,-0.6582,0.15,0.7,0.53,0.62,0.13,151,36,0.65,,0.15,C,,1G021423-006577,G021.424-00.661,,,Simbad,278.1502,-10.5293
2G3211262-0052216,2G3211262-0052216,321.1263,-0.5222,0.64,2.3,1.45,1.92,0.52,57,82,0.78,0.36,0.44,R,,1G321119-004957,G321.115-00.546,3.8,,Simbad,229.1589,-58.1695
2G0213516-0013702,2G0213516-0013702,21.3517,-0.137,0.12,0.65,0.61,0.63,0.22,40,102,0.33,0.39,0.22,R,,1G021352-001363,G021.348-00.136,4.5,N28,Simbad,277.6449,-10.3549
2G3203471-0020182,2G3203471-0020182,320.3471,-0.2018,0.46,1.05,0.78,0.92,0.27,8,102,0.67,0.12,0.4,R,,1G320347-002024,G320.346-00.215,,,Simbad,227.5773,-58.298
2G0244499+0010248,2G0244499+0010248,24.45,0.1025,0.25,0.81,0.52,0.68,0.18,148,108,0.76,0.14,0.26,R,,1G024453+001018,G024.454+00.106,,,Simbad,278.8776,-7.4959
2G0096648+0058667,2G0096648+0058667,9.6649,0.5867,0.14,0.72,0.51,0.62,0.18,38,47,0.7,,0.13,C,,1G009662+005892,G009.660+00.589,,,Simbad,271.2201,-20.2962
2G3128746-0045661,2G3128746-0045661,312.8746,-0.4566,0.2,0.64,0.36,0.52,0.09,148,137,0.83,0.11,0.29,R,,1G312875-004567,G312.877-00.460,,,Simbad,214.1952,-61.6698
2G3455103+0015943,2G3455103+0015943,345.5104,0.1594,0.07,0.27,0.23,0.25,0.12,39,102,0.47,0.18,0.25,R,,1G345511+001596,G345.510+00.160,,,Simbad,256.2985,-40.8494
2G3412718-0026649,2G3412718-0026649,341.2719,-0.2665,0.2,0.62,0.39,0.52,0.14,92,131,0.78,0.1,0.2,R,,1G341269-002656,G341.271-00.265,,,Simbad,253.1818,-44.4406
2G3313968-0018167,2G3313968-0018167,331.3969,-0.1817,0.06,0.29,0.24,0.27,0.09,48,97,0.59,0.39,0.3,R,,1G331397-001815,G331.398-00.182,,S58,Simbad,242.9935,-51.6134
2G3294466+0050506,2G3294466+0050506,329.4466,0.5051,0.15,0.8,0.47,0.66,0.18,38,96,0.81,0.23,0.25,R,,1G329448+005067,G329.445+00.504,,,Simbad,239.8891,-52.4036
2G3323137+0008143,2G3323137+0008143,332.3138,0.0814,0.16,0.72,0.53,0.63,0.13,39,91,0.68,,0.2,C,,1G332316+000812,,,,Simbad,243.7685,-50.7923
2G3115428+0032224,2G3115428+0032224,311.5429,0.3222,0.11,0.31,0.23,0.27,0.03,40,41,0.65,,0.24,C,,1G311541+003202,G311.540+00.319,,,Simbad,211.0424,-61.3276
2G3129754-0043644,2G3129754-0043644,312.9754,-0.4365,0.63,2.16,1.93,2.05,0.49,34,93,0.45,0.48,0.63,R,,1G312975-004354,G312.979-00.432,,S123,Simbad,214.3821,-61.618
2G0186790-0023498,2G0186790-0023498,18.6791,-0.235,0.15,0.58,0.46,0.53,0.17,9,94,0.61,0.27,0.24,R,,1G018679-002347,G018.677-00.236,,N23,Simbad,276.4654,-12.7669
2G3095512-0072054,2G3095512-0072054,309.5513,-0.7206,0.64,1.53,1.26,1.41,0.6,37,129,0.57,0.33,0.41,R,,1G309550-007199,G309.540-00.720,5.4,S141,Simbad,207.4845,-62.8381
2G0244974+0048379,2G0244974+0048379,24.4974,0.4838,0.22,0.8,0.64,0.72,0.19,32,80,0.59,0.18,0.27,R,,1G024497+004850,G024.497+00.482,,,Simbad,278.5583,-7.2782
2G0586056+0063631,2G0586056+0063631,58.6057,0.6363,0.71,1.62,1.43,1.53,0.53,13,130,0.46,0.32,0.37,R,,1G058604+006396,G058.602+00.639,,N124,Simbad,294.6219,22.9934
2G3292760+0010972,2G3292760+0010972,329.276,0.1097,0.3,1.1,0.98,1.04,0.35,54,83,0.46,0.34,0.38,R,,1G329275+001097,G329.266+00.111,,S70,Simbad,240.1009,-52.8146
2G3413042-0030274,2G3413042-0030274,341.3043,-0.3027,0.6,1.27,1.04,1.16,0.37,18,86,0.58,0.17,0.38,R,,1G341301-003011,G341.305-00.306,,S22,Simbad,253.2497,-44.4385
2G0561570+0007610,2G0561570+0007610,56.1571,0.0761,0.12,0.45,0.36,0.41,0.09,91,109,0.61,0.17,0.36,R,,,G056.153+00.076,9.9,,Simbad,293.8598,20.5833
2G0494686-0025486,2G0494686-0025486,49.4686,-0.2549,0.14,0.98,0.84,0.91,0.11,47,137,0.51,0.12,0.3,R,,1G049468-002529,G049.465-00.254,,,Simbad,290.8019,14.5536
2G0373503+0068844,2G0373503+0068844,37.3504,0.6885,0.06,0.62,0.45,0.54,0.04,65,55,0.68,,0.7,C,,1G037349+006876,G037.344+00.684,10.5,,Simbad,284.2633,4.246
2G0377479-0021363,2G0377479-0021363,37.748,-0.2136,0.45,1.17,0.77,0.99,0.28,21,89,0.75,0.21,0.21,R,,1G037756-002127,G037.763-00.212,9.1,,Simbad,285.2501,4.1875
2G0288267-0022817,2G0288267-0022817,28.8267,-0.2282,0.33,1.26,1.09,1.18,0.36,39,143,0.51,0.54,0.65,R,,1G028828-002282,G028.823-00.226,5.5,N49,Simbad,281.1885,-3.7572
2G0300238+0011145,2G0300238+0011145,30.0239,0.1114,0.16,0.41,0.23,0.33,0.05,145,86,0.82,,0.13,C,,,G030.026+00.109,7.4,,Simbad,281.4334,-2.537
2G3322921-0053694,2G3322921-0053694,332.2922,-0.5369,0.11,0.5,0.37,0.44,0.09,40,90,0.67,,0.24,C,,1G332293-005367,G332.293-00.536,,S55,Simbad,244.4259,-51.2525
2G0195047-0044729,2G0195047-0044729,19.5048,-0.4473,0.14,0.53,0.34,0.44,0.17,24,66,0.77,0.08,0.08,C,,1G019507-004475,G019.504-00.449,4.5,,Simbad,277.0516,-12.135
2G0223919+0028955,2G0223919+0028955,22.3919,0.2896,0.54,0.6,0.48,0.54,0.29,16,145,0.61,0.08,0.07,C,,,G022.397+00.288,,,Simbad,277.7499,-9.2354
2G0081015+0034436,2G0081015+0034436,8.1015,0.3444,0.6,1.42,1.03,1.24,0.32,17,87,0.69,0.06,0.16,R,,1G008105+003444,G008.107+00.338,,,Simbad,270.6225,-21.7766
2G3485358-0097327,2G3485358-0097327,348.5358,-0.9733,0.07,0.81,0.44,0.65,0.04,35,5,0.84,,0.22,C,,,G348.533-00.973,1.9,,Simbad,259.8189,-39.0726
2G3217866-0068620,2G3217866-0068620,321.7867,-0.6862,0.16,0.5,0.42,0.46,0.19,24,104,0.57,0.19,0.11,R,,1G321787-006866,G321.786-00.687,,,Simbad,230.3797,-57.9551
2G0197420+0027985,2G0197420+0027985,19.742,0.2798,0.09,0.47,0.33,0.4,0.2,15,91,0.71,0.25,0.16,R,,1G019742+002800,G019.741+00.280,14.4,,Simbad,276.5069,-11.5865
2G3134915+0032080,2G3134915+0032080,313.4916,0.3208,0.27,0.51,0.37,0.45,0.15,69,134,0.68,0.19,0.14,R,,1G313492+003226,G313.492+00.319,,,Simbad,214.8744,-60.7328
2G3352895-0015994,2G3352895-0015994,335.2896,-0.16,0.06,0.41,0.29,0.35,0.05,71,79,0.7,,0.41,C,,1G335290-001611,G335.288-00.162,,,Simbad,247.293,-48.8565
2G0509932-0020584,2G0509932-0020584,50.9933,-0.2058,0.18,0.64,0.52,0.58,0.2,59,102,0.57,0.14,0.09,R,,1G050994-002061,G050.994-00.208,,,Simbad,291.5057,15.9196
2G0121973-0016416,2G0121973-0016416,12.1974,-0.1642,0.08,0.21,0.17,0.19,0.05,39,84,0.59,0.18,0.16,R,,,G012.197-00.165,,,Simbad,273.2176,-18.4451
2G0061563-0060975,2G0061563-0060975,6.1563,-0.6098,0.14,0.67,0.59,0.63,0.09,45,84,0.47,0.13,0.23,R,,1G006158-006085,G006.160-00.608,,CN78,Simbad,270.4805,-23.9392
2G0203210+0007528,2G0203210+0007528,20.321,0.0753,0.13,0.45,0.31,0.38,0.08,48,76,0.72,,0.26,C,,1G020322+000746,G020.321+00.075,11.3,,Simbad,276.9666,-11.1694
2G3321428+0004378,2G3321428+0004378,332.1428,0.0438,0.09,0.38,0.24,0.32,0.11,12,95,0.78,0.31,0.19,R,,1G332143+000436,G332.143+00.043,,,Simbad,243.6135,-50.9375
2G0575396-0028315,2G0575396-0028315,57.5397,-0.2832,0.5,1.41,1.15,1.28,0.55,8,137,0.58,0.54,0.35,R,,1G057544-002820,G057.541-00.279,8.8,N123,Simbad,294.921,21.6131
2G0195052-0019067,2G0195052-0019067,19.5052,-0.1907,0.27,0.78,0.55,0.67,0.13,41,101,0.71,0.25,0.36,R,,1G019505-001900,G019.504-00.193,12.8,N25,Simbad,276.8195,-12.0153
2G3292981-0038835,2G3292981-0038835,329.2982,-0.3884,0.33,0.61,0.46,0.54,0.24,15,85,0.67,0.11,0.07,C,,1G329298-003885,G329.300-00.386,,,Simbad,240.672,-53.1758
2G3221785+0062739,2G3221785+0062739,322.1786,0.6274,0.65,1.29,0.7,1.04,0.31,38,57,0.84,,0.22,C,,,G322.162+00.625,3.5,,Simbad,229.6838,-56.6368
2G3077951-0048175,2G3077951-0048175,307.7952,-0.4818,0.12,0.43,0.38,0.4,0.15,45,99,0.49,0.36,0.36,R,,1G307795-004815,G307.795-00.481,,S146,Simbad,203.602,-62.9471
2G3435216-0000424,2G3435216-0000424,343.5217,-0.0042,0.16,0.32,0.26,0.29,0.1,56,129,0.58,0.06,0.18,R,,1G343522-000060,G343.521-00.004,,S16,Simbad,254.8422,-42.5225
2G3342049+0019046,2G3342049+0019046,334.205,0.1905,0.16,0.71,0.49,0.61,0.24,71,107,0.72,0.24,0.33,R,,1G334204+001902,G334.202+00.193,,,Simbad,245.7536,-49.3898
2G0417315-0000245,2G0417315-0000245,41.7316,-0.0025,0.18,0.74,0.66,0.7,0.11,39,59,0.44,0.11,0.12,C,,1G041729+000005,G041.725-00.004,,,Simbad,286.8994,7.824
2G3462605+0028771,2G3462605+0028771,346.2605,0.2877,0.12,0.33,0.25,0.29,0.08,24,77,0.65,,0.22,C,,1G346261+002880,G346.259+00.288,,,Simbad,256.7589,-40.1737
2G3027400-0061615,2G3027400-0061615,302.7401,-0.6161,0.33,0.55,0.44,0.49,0.24,175,86,0.6,0.07,0.08,C,,1G302739-006172,G302.739-00.618,,,Simbad,192.4298,-63.4872
2G0378154-0037969,2G0378154-0037969,37.8154,-0.3797,0.25,0.29,0.23,0.26,0.11,71,118,0.61,0.09,0.1,C,,1G037816-003756,G037.816-00.379,9.2,,Simbad,285.4291,4.1714
2G0273369+0017822,2G0273369+0017822,27.337,0.1782,0.35,1.47,0.9,1.22,0.24,59,67,0.79,,0.27,C,,1G027335+001852,G027.336+00.184,,,Simbad,280.1428,-4.8962
2G0172885-0020147,2G0172885-0020147,17.2886,-0.2015,0.04,0.26,0.18,0.22,0.02,18,46,0.73,,0.25,C,,1G017290-002020,G017.290-00.202,,,Simbad,275.7664,-13.9801
2G0522060+0072073,2G0522060+0072073,52.2061,0.7207,0.06,0.32,0.22,0.27,0.06,120,124,0.72,0.17,0.22,R,,1G052205+007216,,,N112,Simbad,291.2553,17.4268
2G0262625+0028192,2G0262625+0028192,26.2625,0.2819,0.28,0.67,0.48,0.59,0.18,27,95,0.7,0.15,0.36,R,,1G026261+002812,G026.261+00.280,,N41,Simbad,279.5556,-5.8036
2G0233741+0045730,2G0233741+0045730,23.3742,0.4573,1.03,1.1,0.69,0.92,0.5,40,71,0.78,0.1,0.16,R,,1G023371+004598,G023.376+00.452,,,Simbad,278.059,-8.2869
2G0352593+0011960,2G0352593+0011960,35.2593,0.1196,0.1,0.52,0.45,0.49,0.13,35,78,0.51,0.38,0.35,R,,1G035260+001198,G035.258+00.118,,N66,Simbad,283.8147,2.1258
2G3114739+0040356,2G3114739+0040356,311.4739,0.4036,0.11,0.35,0.28,0.32,0.09,62,96,0.58,0.08,0.17,R,D,1G311474+004029,,,S135,Simbad,210.8575,-61.2685
2G3395596+0028630,2G3395596+0028630,339.5596,0.2863,0.17,0.8,0.65,0.73,0.13,4,116,0.58,0.26,0.44,R,,1G339559+002861,G339.556+00.282,,,Simbad,251.0267,-45.3941
2G0054861-0023595,2G0054861-0023595,5.4862,-0.236,0.13,0.66,0.51,0.59,0.07,58,84,0.63,0.03,0.12,C,,,G005.484-00.232,,CN66 CN65,Simbad,269.7604,-24.3354
2G3162911-0026765,2G3162911-0026765,316.2912,-0.2676,0.07,0.24,0.15,0.2,0.05,85,110,0.77,0.18,0.33,R,,,G316.290-00.267,,,Simbad,220.5922,-60.23
2G3510021+0064492,2G3510021+0064492,351.0022,0.6449,1.13,5.1,4.17,4.66,0.71,57,112,0.58,0.32,0.57,R,,1G350997+006381,G350.995+00.654,,CS94,Simbad,259.93,-36.1241
2G3277324-0039534,2G3277324-0039534,327.7324,-0.3953,0.08,0.44,0.37,0.41,0.07,68,114,0.56,0.15,0.39,R,,1G327733-003947,G327.735-00.396,,,Simbad,238.6677,-54.1971
2G3053839-0024531,2G3053839-0024531,305.3839,-0.2453,0.35,1.4,1.19,1.3,0.35,63,85,0.53,0.34,0.49,R,,1G305384-002439,G305.384-00.248,,S152,Simbad,198.2694,-63.014
2G0541090-0006651,2G0541090-0006651,54.109,-0.0665,0.6,2.0,1.58,1.8,0.5,40,84,0.61,0.29,0.32,R,,1G054106-000635,G054.099-00.068,,N117 N116,Simbad,292.9392,18.7222
2G0265958+0009773,2G0265958+0009773,26.5959,0.0977,0.29,0.73,0.59,0.66,0.24,9,114,0.59,0.35,0.4,R,,1G026593+000972,G026.595+00.095,9.2,N43,Simbad,279.8737,-5.5918
2G0058964-0045843,2G0058964-0045843,5.8964,-0.4584,1.71,5.78,5.02,5.42,1.07,39,90,0.5,0.2,0.39,R,P,1G005899-004548,G005.887-00.443,3.0,CN71,Simbad,270.1956,-24.0901
2G3203146-0017732,2G3203146-0017732,320.3147,-0.1773,0.09,0.71,0.53,0.63,0.07,170,78,0.66,,0.44,C,,1G320316-001745,G320.311-00.176,12.4,,Simbad,227.5006,-58.2933
2G3421385+0043135,2G3421385+0043135,342.1385,0.4314,0.22,0.74,0.54,0.65,0.2,165,103,0.68,0.09,0.3,R,,1G342139+004302,G342.139+00.430,,,Simbad,253.1953,-43.328
2G3528272+0093591,2G3528272+0093591,352.8272,0.9359,0.71,1.42,1.18,1.31,0.31,167,84,0.56,,0.13,C,,1G352835+009401,G352.838+00.934,,,Simbad,260.9078,-34.4574
2G3277104-0038887,2G3277104-0038887,327.7105,-0.3889,0.17,0.4,0.29,0.35,0.07,6,128,0.69,0.11,0.08,C,,,G327.708-00.392,,,Simbad,238.6319,-54.2062
2G0098340-0071368,2G0098340-0071368,9.834,-0.7137,0.37,1.01,0.85,0.93,0.34,38,124,0.54,0.2,0.42,R,,,G009.834-00.713,,CN138,Simbad,272.5212,-20.7811
2G3424942+0098569,2G3424942+0098569,342.4943,0.9857,0.18,0.98,0.7,0.85,0.22,39,93,0.7,0.39,0.56,R,,1G342493+009855,G342.492+00.986,,,Simbad,252.9189,-42.7011
2G0081228-0047126,2G0081228-0047126,8.1229,-0.4713,0.93,5.39,5.1,5.24,0.86,28,96,0.33,0.41,0.63,R,,1G008122-004823,G008.123-00.482,,CN108,Simbad,271.4,-22.1587
2G3324127+0004717,2G3324127+0004717,332.4128,0.0472,0.5,2.68,2.52,2.6,0.51,57,105,0.35,0.26,0.44,R,,1G332413+000521,G332.415+00.053,,S52,Simbad,243.919,-50.7485
2G3439159-0064927,2G3439159-0064927,343.916,-0.6493,0.35,1.79,1.61,1.71,0.32,54,90,0.44,0.28,0.5,R,,1G343918-006487,G343.914-00.646,,S15,Simbad,255.8622,-42.6072
2G3454919+0035618,2G3454919+0035618,345.4919,0.3562,0.1,0.61,0.44,0.53,0.1,18,78,0.7,0.14,0.38,R,,1G345494+003552,G345.491+00.354,,,Simbad,256.0769,-40.7448
2G3387105+0064497,2G3387105+0064497,338.7105,0.645,0.43,1.74,1.33,1.55,0.31,41,83,0.64,0.16,0.54,R,,1G338712+006434,G338.706+00.645,4.3,,Simbad,249.8407,-45.7953
2G3302887-0039974,2G3302887-0039974,330.2887,-0.3997,0.43,1.13,0.82,0.99,0.36,44,69,0.7,0.11,0.17,R,,1G330288-003989,G330.290-00.395,10.0,,Simbad,241.9081,-52.5247
2G3160966-0050924,2G3160966-0050924,316.0967,-0.5092,0.29,0.8,0.55,0.69,0.17,42,63,0.73,,0.3,C,,1G316095-005112,G316.093-00.511,,,Simbad,220.4357,-60.5304
2G3317441-0006599,2G3317441-0006599,331.7441,-0.066,0.14,0.89,0.57,0.75,0.1,77,61,0.77,,0.21,C,,1G331744-000672,G331.744-00.068,,,Simbad,243.2726,-51.2914
2G0179176-0068641,2G0179176-0068641,17.9176,-0.6864,0.19,1.12,0.94,1.04,0.21,169,101,0.55,0.39,0.38,R,,1G017921-006843,G017.928-00.677,12.8,N20,Simbad,276.5107,-13.651
2G0336961+0004836,2G0336961+0004836,33.6961,0.0484,0.15,0.44,0.36,0.4,0.16,6,91,0.59,0.14,0.21,R,,1G033695+000497,G033.695+00.048,,,Simbad,283.1649,0.7022
2G0102937-0018543,2G0102937-0018543,10.2937,-0.1854,0.48,3.55,2.44,3.05,0.36,35,83,0.72,,0.27,C,,1G010302-001710,,,,Simbad,272.265,-20.1232
2G3313186-0035664,2G3313186-0035664,331.3186,-0.3567,0.82,1.94,1.48,1.72,0.45,25,93,0.65,0.29,0.47,R,,1G331330-003571,G331.338-00.365,4.1,S62,Simbad,243.0943,-51.7946
2G3392150+0026439,2G3392150+0026439,339.215,0.2644,0.17,0.41,0.26,0.34,0.12,143,157,0.79,0.17,0.14,R,,1G339213+002630,G339.216+00.263,,,Simbad,250.7277,-45.6686
2G0058988-0042475,2G0058988-0042475,5.8989,-0.4248,0.6,1.31,1.08,1.2,0.38,41,94,0.56,0.13,0.27,R,D,1G005893-004202,G005.900-00.431,3.0,CN71,Simbad,270.165,-24.0713
2G0516856-0025310,2G0516856-0025310,51.6856,-0.2531,0.9,1.17,1.02,1.1,0.65,68,97,0.49,0.11,0.11,C,,1G051684-002563,G051.681-00.256,5.3,,Simbad,291.8922,16.5059
2G0059770-0042570,2G0059770-0042570,5.977,-0.4257,0.1,0.43,0.35,0.39,0.09,90,88,0.58,0.08,0.09,C,D,1G005977-004255,G005.975-00.431,,,Simbad,270.2083,-24.0039
2G0412281+0016933,2G0412281+0016933,41.2282,0.1693,0.15,0.45,0.35,0.4,0.17,31,121,0.62,0.3,0.22,R,,1G041229+001685,G041.226+00.167,,N78,Simbad,286.5119,7.456
2G0100769-0042035,2G0100769-0042035,10.077,-0.4204,0.27,1.27,0.89,1.09,0.19,167,82,0.71,,0.31,C,,1G010078-004186,G010.083-00.418,,,Simbad,272.3724,-20.4266
2G3311175-0053113,2G3311175-0053113,331.1176,-0.5311,0.15,1.37,1.0,1.2,0.15,91,111,0.68,,0.42,C,,,G331.123-00.530,4.3,,Simbad,243.05,-52.0593
2G3327691-0000634,2G3327691-0000634,332.7691,-0.0063,0.17,0.46,0.36,0.41,0.26,42,85,0.62,0.22,0.21,R,,1G332768-000089,G332.766-00.006,,,Simbad,244.3818,-50.5396
2G3376895-0034188,2G3376895-0034188,337.6896,-0.3419,0.33,1.15,0.9,1.03,0.22,34,106,0.62,0.36,0.46,R,,1G337683-003402,G337.684-00.343,,S37,Simbad,249.9245,-47.214
2G0314757-0035027,2G0314757-0035027,31.4758,-0.3503,0.23,1.09,0.74,0.94,0.18,115,116,0.73,0.12,0.3,R,,1G031473-003459,G031.470-00.344,9.0,,Simbad,282.5072,-1.4557
2G3138493-0024279,2G3138493-0024279,313.8494,-0.2428,0.13,0.55,0.44,0.5,0.12,17,89,0.61,0.33,0.26,R,,1G313851-002426,G313.851-00.243,,,Simbad,215.9628,-61.1403
2G0083463+0006358,2G0083463+0006358,8.3464,0.0636,0.12,0.55,0.48,0.51,0.11,23,134,0.48,0.17,0.43,R,,1G008347+000642,G008.347+00.065,,CN112,Simbad,271.0155,-21.7017
2G3279883-0009074,2G3279883-0009074,327.9883,-0.0907,0.32,1.71,1.08,1.43,0.25,7,66,0.78,,0.46,C,,1G327988-000931,G327.991-00.087,,S71,Simbad,238.6722,-53.7993
2G0289987-0060526,2G0289987-0060526,28.9988,-0.6053,0.37,2.42,2.0,2.22,0.22,9,63,0.57,0.04,0.13,R,,1G028991-006023,G028.983-00.604,3.5,,Simbad,281.6034,-3.7762
2G0327617-0014956,2G0327617-0014956,32.7617,-0.1496,0.13,0.44,0.34,0.39,0.19,55,93,0.65,0.34,0.41,R,,1G032762-001495,G032.761-00.151,,N57,Simbad,282.915,-0.2197
2G3120920+0006850,2G3120920+0006850,312.092,0.0685,0.25,0.75,0.51,0.64,0.24,41,153,0.74,0.1,0.19,R,,1G312091+000696,G312.091+00.069,,,Simbad,212.2921,-61.4131
2G3403020-0019718,2G3403020-0019718,340.302,-0.1972,1.21,1.63,1.25,1.45,0.46,34,90,0.64,0.1,0.37,R,,1G340299-001980,G340.294-00.193,3.5,S26,Simbad,252.2339,-45.1428
2G0431110+0001676,2G0431110+0001676,43.1111,0.0168,0.09,0.46,0.41,0.43,0.06,14,59,0.47,,0.17,C,,1G043112+000187,G043.110+00.016,,,Simbad,287.525,9.0571
2G0131364+0005941,2G0131364+0005941,13.1364,0.0594,0.19,0.36,0.26,0.31,0.11,45,99,0.69,0.08,0.12,C,,1G013134+000580,G013.135+00.058,,,Simbad,273.4843,-17.5137
2G0487324-0014174,2G0487324-0014174,48.7325,-0.1417,0.11,1.01,0.91,0.96,0.18,37,72,0.44,,0.32,C,,1G048733-001424,G048.731-00.141,,,Simbad,290.3409,13.9578
2G0227214-0000802,2G0227214-0000802,22.7215,-0.008,0.14,0.31,0.23,0.27,0.11,155,138,0.68,0.28,0.23,R,,,G022.724-00.010,12.7,,Simbad,278.1715,-9.0807
2G3452078-0053658,2G3452078-0053658,345.2078,-0.5366,0.17,0.4,0.27,0.34,0.09,172,90,0.74,0.19,0.08,R,,1G345210-005382,G345.211-00.538,,,Simbad,256.7938,-41.5104
2G3388846+0054228,2G3388846+0054228,338.8846,0.5423,0.13,0.68,0.47,0.58,0.11,42,66,0.73,0.13,0.26,R,D,1G338884+005415,G338.883+00.537,,S30,Simbad,250.1166,-45.7334
2G0182584-0030024,2G0182584-0030024,18.2585,-0.3002,0.53,1.79,1.48,1.64,0.41,77,115,0.56,0.41,0.65,R,,1G018261-002967,G018.253-00.298,4.0,N22,Simbad,276.3231,-13.1692
2G3253554-0003856,2G3253554-0003856,325.3554,-0.0386,0.47,0.79,0.66,0.73,0.34,93,121,0.55,0.17,0.28,R,,1G325356-000415,G325.354-00.036,,,Simbad,235.0441,-55.3865
2G0597991+0062756,2G0597991+0062756,59.7992,0.6276,0.3,0.87,0.77,0.82,0.29,10,99,0.45,0.12,0.23,R,,1G059799+006281,G059.801+00.630,4.3,,Simbad,295.2711,24.0277
2G0283015-0039017,2G0283015-0039017,28.3016,-0.3902,0.21,0.81,0.59,0.71,0.13,28,84,0.69,,0.24,C,,1G028301-003903,G028.305-00.390,4.8,,Simbad,281.0925,-4.2983
2G3268989-0027895,2G3268989-0027895,326.8989,-0.2789,0.24,0.93,0.72,0.83,0.36,24,129,0.64,0.2,0.17,R,,1G326897-002783,G326.890-00.277,,,Simbad,237.4307,-54.6332
2G0293708-0031661,2G0293708-0031661,29.3709,-0.3166,0.15,0.45,0.4,0.42,0.11,19,89,0.46,0.24,0.09,R,,1G029371-003162,G029.371-00.317,,,Simbad,281.5162,-3.3134
2G0287294-0023228,2G0287294-0023228,28.7295,-0.2323,0.06,0.25,0.21,0.23,0.05,36,92,0.54,0.26,0.31,R,,1G028730-002332,G028.730-00.234,,,Simbad,281.1476,-3.8455
2G3199334-0063384,2G3199334-0063384,319.9335,-0.6339,0.04,0.36,0.27,0.32,0.03,156,48,0.68,,0.36,C,,1G319934-006331,G319.934-00.635,,,Simbad,227.3113,-58.8798
2G0188806-0049112,2G0188806-0049112,18.8806,-0.4911,0.58,1.51,1.31,1.41,0.48,39,123,0.49,0.17,0.33,R,D,1G018879-004949,G018.881-00.493,4.6,,Simbad,276.794,-12.7079
2G0195150+0008191,2G0195150+0008191,19.515,0.0819,0.1,0.38,0.3,0.34,0.04,175,60,0.6,,0.29,C,,1G019515+000823,G019.516+00.084,9.3,,Simbad,276.5776,-11.8796
2G3456940-0005476,2G3456940-0005476,345.6941,-0.0548,0.38,0.7,0.54,0.62,0.21,21,105,0.64,0.17,0.21,R,,1G345692-000553,G345.696-00.055,,,Simbad,256.6708,-40.8322
2G0083668-0035395,2G0083668-0035395,8.3669,-0.3539,0.51,0.83,0.62,0.73,0.26,46,92,0.67,0.1,0.18,R,D,1G008368-003536,G008.368-00.356,,,Simbad,271.4182,-21.8884
2G3055315-0040387,2G3055315-0040387,305.5316,-0.4039,0.1,0.45,0.4,0.42,0.09,6,104,0.44,0.14,0.17,R,,1G305532-004027,G305.533-00.402,,,Simbad,198.6248,-63.1592
2G3526684-0037273,2G3526684-0037273,352.6684,-0.3727,0.3,1.4,0.96,1.2,0.16,126,83,0.73,,0.15,C,,1G352658-003636,,,CS67,Simbad,262.122,-35.321
2G0508458+0033876,2G0508458+0033876,50.8458,0.3388,0.15,0.43,0.34,0.39,0.09,47,101,0.61,,0.2,C,,,G050.849+00.334,,,Simbad,290.9341,16.0479
2G3310544-0043174,2G3310544-0043174,331.0544,-0.4317,0.14,0.5,0.39,0.45,0.11,21,100,0.62,0.1,0.21,R,,1G331055-004322,G331.056-00.437,,,Simbad,242.8645,-52.0298
2G3232439-0026801,2G3232439-0026801,323.2439,-0.268,0.32,0.38,0.24,0.32,0.2,30,80,0.77,0.12,0.08,C,,,G323.244-00.267,,,Simbad,232.2023,-56.8005
2G0176251+0004813,2G0176251+0004813,17.6252,0.0481,0.1,0.39,0.32,0.36,0.1,172,128,0.54,0.42,0.36,R,,1G017626+000493,G017.625+00.048,,,Simbad,275.702,-13.5658
2G0327305+0021206,2G0327305+0021206,32.7305,0.2121,0.17,0.56,0.51,0.53,0.1,178,118,0.42,0.13,0.28,R,,1G032731+002120,G032.733+00.209,13.2,,Simbad,282.5789,-0.0825
2G3526000-0018397,2G3526000-0018397,352.6,-0.184,0.63,1.19,0.98,1.09,0.49,20,97,0.57,0.35,0.17,R,,1G352598-001860,G352.597-00.188,,CS70,Simbad,261.8832,-35.2731
2G0454086-0050992,2G0454086-0050992,45.4087,-0.5099,0.25,0.65,0.39,0.54,0.16,55,56,0.8,,0.22,C,,1G045409-005108,G045.406-00.513,,,Simbad,289.0806,10.8484
2G3056881+0009793,2G3056881+0009793,305.6881,0.0979,0.17,0.85,0.76,0.8,0.14,72,100,0.46,0.13,0.17,R,,1G305687+000984,G305.685+00.096,,,Simbad,198.8664,-62.6452
2G0298888-0000388,2G0298888-0000388,29.8889,-0.0039,0.07,0.67,0.37,0.54,0.05,89,44,0.83,,0.28,C,,1G029887-000017,G029.889-00.007,,,Simbad,281.4744,-2.7098
2G3532194-0025383,2G3532194-0025383,353.2194,-0.2538,0.4,1.44,1.31,1.38,0.4,25,79,0.41,0.23,0.07,R,,1G353221-002500,G353.221-00.243,,CS60,Simbad,262.3734,-34.7962
2G2974946-0076141,2G2974946-0076141,297.4947,-0.7614,0.61,1.86,1.53,1.71,0.48,30,95,0.57,0.34,0.12,R,,1G297498-007625,G297.497-00.758,10.2,,Simbad,180.7625,-63.1212
2G0124166+0053860,2G0124166+0053860,12.4167,0.5386,0.11,0.57,0.4,0.49,0.17,150,65,0.72,,0.16,C,,1G012417+005383,G012.418+00.539,,,Simbad,272.6801,-17.9148
2G0244950+0024940,2G0244950+0024940,24.495,0.2494,0.87,3.69,2.85,3.3,0.64,41,12,0.64,,0.28,C,,1G024495+002399,G024.507+00.239,8.8,N35,Simbad,278.7669,-7.3883
2G3223977+0020201,2G3223977+0020201,322.3977,0.202,0.28,0.7,0.59,0.65,0.36,44,99,0.53,0.19,0.29,R,,1G322398+002040,G322.396+00.201,,,Simbad,230.4383,-56.8775
2G0128050-0031229,2G0128050-0031229,12.805,-0.3123,0.05,0.24,0.23,0.23,0.07,9,87,0.3,0.34,0.24,R,,1G012805-003119,G012.805-00.312,,N8,Simbad,273.6607,-17.9825
2G0371955-0042961,2G0371955-0042961,37.1955,-0.4296,0.1,0.43,0.38,0.4,0.1,59,88,0.46,0.28,0.56,R,D,1G037196-004296,G037.200-00.430,11.0,,Simbad,285.1893,3.5974
2G3511722+0048064,2G3511722+0048064,351.1723,0.4806,1.6,3.06,2.43,2.76,1.0,11,106,0.61,0.2,0.53,R,,1G351170+004718,,,CS90,Simbad,260.2172,-36.0785
2G3114943+0041581,2G3114943+0041581,311.4944,0.4158,0.04,0.16,0.12,0.14,0.03,156,96,0.62,0.11,0.13,R,D,1G311495+004153,,,S132,Simbad,210.8915,-61.2511
2G0233329-0044142,2G0233329-0044142,23.333,-0.4414,0.27,0.7,0.44,0.59,0.12,61,60,0.78,0.09,0.18,R,,1G023335-004406,G023.326-00.437,,,Simbad,278.8461,-8.7379
2G0135360-0018438,2G0135360-0018438,13.536,-0.1844,0.12,0.6,0.42,0.52,0.07,96,100,0.71,,0.35,C,,1G013536-001828,,,,Simbad,273.9087,-17.279
2G0240195+0018915,2G0240195+0018915,24.0196,0.1892,0.15,0.44,0.38,0.41,0.08,49,82,0.48,,0.24,C,,1G024019+001902,G024.020+00.190,,,Simbad,278.5999,-7.838
2G3480590+0024352,2G3480590+0024352,348.059,0.2435,0.28,0.63,0.55,0.59,0.14,69,154,0.48,0.12,0.24,R,,1G348059+002450,G348.060+00.247,,,Simbad,258.19,-38.7538
2G3354694+0002272,2G3354694+0002272,335.4694,0.0227,0.39,0.96,0.76,0.86,0.37,46,108,0.61,0.14,0.47,R,,1G335472+000230,G335.469+00.027,,,Simbad,247.2805,-48.6003
2G3224406+0096455,2G3224406+0096455,322.4406,0.9646,0.16,0.7,0.55,0.63,0.07,7,83,0.62,,0.16,C,,1G322442+009626,G322.440+00.963,,,Simbad,229.7588,-56.2118
2G0332906-0001910,2G0332906-0001910,33.2906,-0.0191,0.11,0.25,0.2,0.23,0.1,16,98,0.57,0.11,0.06,C,,,G033.288-00.018,7.1,,Simbad,283.04,0.3105
2G3121108+0031447,2G3121108+0031447,312.1109,0.3145,0.11,0.5,0.32,0.42,0.09,7,111,0.76,0.2,0.2,R,,,G312.110+00.311,5.7,,Simbad,212.1785,-61.1725
2G3038721-0037504,2G3038721-0037504,303.8721,-0.375,0.11,0.33,0.3,0.31,0.09,41,98,0.43,0.21,0.33,R,,1G303872-003748,G303.872-00.377,,,Simbad,194.9473,-63.2315
2G0124339-0003515,2G0124339-0003515,12.434,-0.0352,0.36,0.85,0.66,0.76,0.18,59,95,0.63,0.13,0.12,R,,1G012434-000294,,,,Simbad,273.218,-18.1756
2G3049137+0038007,2G3049137+0038007,304.9138,0.3801,0.3,1.0,0.76,0.89,0.17,44,75,0.65,0.05,0.2,R,,1G304911+003813,G304.909+00.378,,,Simbad,197.144,-62.4257
2G3530696+0032304,2G3530696+0032304,353.0697,0.323,1.33,4.69,3.44,4.11,0.76,5,122,0.68,0.04,0.44,R,,1G353085+003151,G353.076+00.287,,CS62,Simbad,261.6887,-34.6006
2G0173184+0039111,2G0173184+0039111,17.3185,0.3911,0.24,0.94,0.76,0.85,0.29,15,108,0.59,0.2,0.26,R,,1G017318+003905,G017.315+00.389,,,Simbad,275.2422,-13.6752
2G3405442+0012106,2G3405442+0012106,340.5443,0.1211,0.38,0.49,0.39,0.44,0.29,54,97,0.59,0.14,0.24,R,,1G340546+001178,G340.542+00.124,,,Simbad,252.11,-44.7525
2G2997749-0028581,2G2997749-0028581,299.7749,-0.2858,0.12,0.69,0.43,0.57,0.1,43,65,0.78,0.22,0.27,R,,1G299776-002838,G299.773-00.286,,S173,Simbad,185.8952,-62.9867
2G0180668-0029913,2G0180668-0029913,18.0669,-0.2991,0.05,0.3,0.23,0.27,0.05,61,72,0.67,,0.16,C,,1G018068-002989,G018.066-00.299,,,Simbad,276.2301,-13.3381
2G3280588+0038233,2G3280588+0038233,328.0588,0.3823,0.09,0.32,0.31,0.31,0.11,159,107,0.32,0.12,0.15,R,,1G328059+003823,G328.059+00.383,,,Simbad,238.257,-53.3895
2G0123913-0046282,2G0123913-0046282,12.3913,-0.4628,0.11,0.32,0.2,0.27,0.07,6,141,0.79,0.14,0.28,R,,,G012.394-00.465,,,Simbad,273.5918,-18.4178
2G0387371-0014120,2G0387371-0014120,38.7371,-0.1412,0.28,0.99,0.86,0.92,0.26,38,16,0.5,0.26,0.41,R,,1G038740-001385,G038.738-00.140,9.2,N73,Simbad,285.6398,5.1
2G3128114-0001408,2G3128114-0001408,312.8115,-0.0141,0.12,0.4,0.26,0.34,0.09,152,95,0.75,0.07,0.13,R,,,G312.812-00.015,,,Simbad,213.7729,-61.2709
2G3337250+0036573,2G3337250+0036573,333.725,0.3657,0.43,0.77,0.46,0.63,0.28,39,66,0.8,0.09,0.16,R,,1G333726+003642,G333.725+00.364,,,Simbad,245.0399,-49.6048
2G3320713+0049972,2G3320713+0049972,332.0713,0.4997,0.24,0.95,0.89,0.92,0.35,19,129,0.36,0.35,0.26,R,,1G332071+005004,G332.070+00.500,,S56,Simbad,243.0362,-50.655
2G3400512-0023264,2G3400512-0023264,340.0513,-0.2326,0.15,0.4,0.38,0.39,0.12,70,103,0.33,0.08,0.32,R,,1G340050-002321,G340.051-00.231,3.9,,Simbad,252.0431,-45.3574
2G3080808-0040004,2G3080808-0040004,308.0808,-0.4001,0.35,0.95,0.72,0.84,0.26,78,125,0.65,0.16,0.21,R,,1G308080-004027,G308.079-00.406,9.3,,Simbad,204.1889,-62.8179
2G3312626-0018387,2G3312626-0018387,331.2627,-0.1839,0.36,1.49,1.21,1.35,0.18,30,74,0.59,,0.31,C,,1G331265-001854,G331.259-00.188,,,Simbad,242.8378,-51.7065
2G3424336-0023237,2G3424336-0023237,342.4337,-0.2324,0.27,0.82,0.59,0.72,0.24,73,109,0.69,0.26,0.3,R,,1G342434-002329,G342.432-00.233,,,Simbad,254.1613,-43.5165
2G0325828+0000283,2G0325828+0000283,32.5828,0.0028,0.21,0.97,0.9,0.93,0.16,11,104,0.38,0.2,0.53,R,,1G032584+000057,G032.582+00.001,9.4,N56,Simbad,282.6978,-0.3094
2G0247356+0009368,2G0247356+0009368,24.7356,0.0937,0.54,1.48,0.89,1.22,0.27,25,57,0.8,,0.24,C,,1G024735+000889,G024.734+00.087,6.4,,Simbad,279.0179,-7.2463
2G0062114-0010549,2G0062114-0010549,6.2115,-0.1055,0.15,0.68,0.64,0.66,0.13,25,112,0.35,0.34,0.28,R,,1G006212-001048,G006.213-00.105,,CN80,Simbad,270.0317,-23.6414
2G3522351-0015251,2G3522351-0015251,352.2351,-0.1525,0.08,0.38,0.28,0.33,0.06,58,68,0.68,,0.29,C,,1G352235-001513,G352.234-00.152,,CS72,Simbad,261.6015,-35.5585
2G3549361+0033129,2G3549361+0033129,354.9362,0.3313,0.13,0.44,0.38,0.41,0.23,6,93,0.51,0.24,0.12,R,,1G354937+003314,G354.936+00.330,,CS40,Simbad,262.9223,-33.0406
2G0394864-0041037,2G0394864-0041037,39.4864,-0.4104,0.14,0.5,0.43,0.47,0.16,45,103,0.5,0.17,0.26,R,,1G039487-004100,G039.485-00.413,,,Simbad,286.2251,5.6425
2G0303803-0010861,2G0303803-0010861,30.3803,-0.1086,0.23,0.45,0.36,0.41,0.14,31,102,0.61,0.09,0.08,C,,1G030381-001074,G030.380-00.110,6.2,,Simbad,281.7921,-2.3203
2G3546822+0047269,2G3546822+0047269,354.6823,0.4727,0.38,1.44,1.22,1.33,0.4,30,85,0.54,0.5,0.53,R,,1G354683+004723,G354.685+00.469,,CS44,Simbad,262.6148,-33.1752
2G0125943-0008909,2G0125943-0008909,12.5943,-0.0891,0.07,0.24,0.16,0.21,0.04,3,94,0.76,0.35,0.15,R,,,G012.594-00.089,,,Simbad,273.3486,-18.0608
2G3526113+0017780,2G3526113+0017780,352.6114,0.1778,0.15,0.55,0.48,0.51,0.19,20,85,0.49,0.46,0.44,R,,1G352611+001775,G352.611+00.176,,CS69,Simbad,261.5236,-35.0619
2G3441057-0066680,2G3441057-0066680,344.1057,-0.6668,0.69,1.42,1.16,1.29,0.59,55,93,0.57,0.27,0.39,R,,1G344104-006669,G344.103-00.671,,,Simbad,256.0377,-42.4673
2G0507852+0016818,2G0507852+0016818,50.7852,0.1682,0.1,0.46,0.34,0.41,0.15,53,95,0.67,0.26,0.4,R,,1G050785+001683,G050.785+00.167,5.4,N106,Simbad,291.0607,15.9138
2G3139759+0013668,2G3139759+0013668,313.9759,0.1367,0.15,0.69,0.6,0.64,0.16,76,102,0.49,0.18,0.22,R,,1G313976+001373,G313.977+00.137,,S119,Simbad,215.9342,-60.7406
2G0227616-0048226,2G0227616-0048226,22.7617,-0.4823,0.08,1.15,0.9,1.03,0.08,16,62,0.62,,0.19,C,,1G022756-004827,G022.761-00.492,4.8,,Simbad,278.6166,-9.2638
2G3282857-0056651,2G3282857-0056651,328.2857,-0.5665,0.75,1.4,1.26,1.33,0.24,39,116,0.44,0.07,0.54,R,,1G328288-005656,G328.279-00.559,,,Simbad,239.5777,-53.9725
2G3137928+0070900,2G3137928+0070900,313.7929,0.709,0.3,0.94,0.61,0.79,0.27,115,137,0.76,0.3,0.57,R,,1G313791+007065,G313.790+00.705,,S121,Simbad,215.1859,-60.2659
2G0117612-0007093,2G0117612-0007093,11.7612,-0.0709,0.03,0.16,0.12,0.14,0.03,72,46,0.65,,0.25,C,,,G011.761-00.071,,,Simbad,272.9101,-18.7828
2G0286040-0037144,2G0286040-0037144,28.604,-0.3714,0.34,0.83,0.56,0.71,0.15,61,63,0.74,0.34,0.27,R,,1G028601-003690,G028.600-00.376,,,Simbad,281.2142,-4.0207
2G3413574-0028753,2G3413574-0028753,341.3575,-0.2875,0.14,0.83,0.64,0.74,0.2,67,84,0.64,0.47,0.41,R,,1G341358-002876,G341.358-00.287,,S21,Simbad,253.2804,-44.3877
2G3266875-0045366,2G3266875-0045366,326.6876,-0.4537,0.5,2.13,1.69,1.92,0.24,53,76,0.61,,0.17,C,,1G326689-004543,G326.685-00.452,,,Simbad,237.3336,-54.9016
2G3201660+0079627,2G3201660+0079627,320.166,0.7963,0.23,1.31,1.02,1.17,0.23,17,106,0.63,0.17,0.4,R,,1G320159+007984,G320.163+00.797,2.4,S96,Simbad,226.3444,-57.5234
2G3094673-0010358,2G3094673-0010358,309.4673,-0.1036,0.16,0.46,0.4,0.43,0.22,33,102,0.52,0.15,0.13,R,,1G309467-001070,G309.468-00.105,,,Simbad,207.0108,-62.2549
2G3187755-0014313,2G3187755-0014313,318.7755,-0.1431,0.26,0.64,0.53,0.59,0.27,33,72,0.56,0.09,0.15,R,,1G318776-001478,G318.774-00.150,2.6,,Simbad,224.8873,-59.0163
2G0355434+0001109,2G0355434+0001109,35.5434,0.0111,0.15,0.75,0.7,0.72,0.11,29,64,0.38,0.18,0.39,R,,1G035544+000131,G035.543+00.006,10.1,N67,Simbad,284.041,2.3291
2G0355907-0003409,2G0355907-0003409,35.5907,-0.0341,0.14,0.89,0.48,0.72,0.09,30,77,0.84,0.13,0.2,R,D,1G035595-000291,,,,Simbad,284.1029,2.3505
2G3235367-0034998,2G3235367-0034998,323.5367,-0.35,0.26,1.07,0.95,1.01,0.35,9,114,0.47,0.51,0.45,R,,1G323536-003512,G323.535-00.352,,S86,Simbad,232.7269,-56.7019
2G3379704-0047203,2G3379704-0047203,337.9705,-0.472,0.73,2.96,2.21,2.61,0.61,84,114,0.66,0.37,0.65,R,,1G337965-004696,G337.957-00.474,,S36,Simbad,250.3416,-47.0899
2G0024521+0013755,2G0024521+0013755,2.4522,0.1376,0.14,0.6,0.46,0.53,0.1,27,117,0.65,,0.13,C,,1G002452+001373,G002.451+00.136,,,Simbad,267.7041,-26.7652
2G3313940+0052765,2G3313940+0052765,331.3941,0.5276,0.9,3.89,3.06,3.5,0.58,46,83,0.62,0.22,0.5,R,,1G331374+005224,G331.365+00.521,,S57,Simbad,242.2187,-51.0947
2G0088122-0001982,2G0088122-0001982,8.8123,-0.0198,0.08,0.53,0.38,0.46,0.08,53,36,0.7,,0.26,C,,1G008813-000178,G008.811-00.023,,CN121,Simbad,271.3392,-21.3365
2G0194978+0014204,2G0194978+0014204,19.4978,0.1421,0.34,0.64,0.4,0.53,0.16,39,84,0.78,0.17,0.21,R,,1G019494+001406,,,,Simbad,276.515,-11.8668
2G0127511-0014385,2G0127511-0014385,12.7512,-0.1439,0.52,2.37,1.67,2.05,0.37,1,130,0.71,0.09,0.46,R,,1G012765-001320,G012.761-00.133,,,Simbad,273.4782,-17.9492
2G0300675+0009643,2G0300675+0009643,30.0675,0.0964,0.05,0.4,0.21,0.32,0.03,39,7,0.85,,0.13,C,,,G030.067+00.097,,,Simbad,281.4666,-2.5051
2G0329568+0012555,2G0329568+0012555,32.9569,0.1255,0.14,0.53,0.43,0.48,0.11,143,101,0.59,0.18,0.17,R,,1G032957+001262,G032.957+00.125,4.8,,Simbad,282.7592,0.0795
2G0198195-0032265,2G0198195-0032265,19.8196,-0.3226,0.13,0.66,0.55,0.61,0.14,54,90,0.54,0.12,0.1,C,,,G019.821-00.325,3.5,,Simbad,277.0883,-11.7983
2G3318627-0012178,2G3318627-0012178,331.8628,-0.1218,0.19,0.4,0.28,0.34,0.19,46,85,0.72,0.13,0.2,R,,,G331.865-00.122,,,Simbad,243.4717,-51.2504
2G3420755+0043311,2G3420755+0043311,342.0756,0.4331,0.33,1.3,1.15,1.23,0.33,5,97,0.48,0.4,0.36,R,,1G342073+004320,,,S18,Simbad,253.1386,-43.3756
2G0494860-0025799,2G0494860-0025799,49.486,-0.258,0.07,0.26,0.19,0.23,0.07,15,58,0.7,0.15,0.24,R,,,G049.485-00.258,,,Simbad,290.8132,14.5675
2G3449923-0026324,2G3449923-0026324,344.9924,-0.2632,0.08,0.45,0.39,0.42,0.11,72,121,0.47,,0.13,C,,1G344991-002642,G344.993-00.265,,,Simbad,256.3291,-41.5175
2G3399589+0005231,2G3399589+0005231,339.959,0.0523,0.46,0.65,0.4,0.54,0.26,12,86,0.79,0.09,0.11,C,,1G339960+000532,G339.952+00.052,,,Simbad,251.6493,-45.2436
2G3325833-0056189,2G3325833-0056189,332.5833,-0.5619,0.13,0.42,0.3,0.36,0.12,127,71,0.69,,0.13,C,,1G332584-005622,G332.585-00.561,,,Simbad,244.7857,-51.0669
2G0139644-0014848,2G0139644-0014848,13.9644,-0.1485,0.13,0.37,0.3,0.34,0.07,167,52,0.6,,0.13,C,,1G013964-001485,G013.962-00.149,,,Simbad,274.0891,-16.8852
2G3283139-0059136,2G3283139-0059136,328.314,-0.5914,0.18,0.64,0.58,0.61,0.16,71,132,0.42,0.22,0.49,R,,1G328314-005907,G328.315-00.594,,,Simbad,239.6418,-53.9731
2G3020798+0003142,2G3020798+0003142,302.0799,0.0314,0.37,0.99,0.8,0.9,0.25,28,100,0.59,0.17,0.41,R,,1G302079+000292,G302.076+00.029,,,Simbad,190.9935,-62.828
2G3463270-0017328,2G3463270-0017328,346.3271,-0.1733,0.07,0.37,0.2,0.3,0.06,29,86,0.85,0.13,0.2,R,,1G346327-001731,G346.327-00.174,,,Simbad,257.2952,-40.3963
2G0338290-0016215,2G0338290-0016215,33.829,-0.1621,0.12,0.24,0.19,0.21,0.08,66,81,0.62,0.14,0.1,R,,1G033830-001622,G033.829-00.163,,,Simbad,283.4128,0.7245
2G3118893+0008456,2G3118893+0008456,311.8894,0.0846,1.26,1.68,1.31,1.5,0.64,28,101,0.63,0.07,0.22,R,,1G311893+000861,G311.893+00.086,5.7,,Simbad,211.8772,-61.4571
2G3389133+0060595,2G3389133+0060595,338.9133,0.606,0.58,2.53,2.05,2.3,0.39,52,15,0.59,,0.33,C,D,1G338920+006008,,,S29,Simbad,250.0755,-45.6696
2G0368465-0013559,2G0368465-0013559,36.8466,-0.1356,0.09,0.4,0.29,0.35,0.05,42,63,0.7,,0.23,C,,1G036847-001361,G036.848-00.137,,,Simbad,284.7676,3.4215
2G0340879+0044049,2G0340879+0044049,34.0879,0.4405,0.2,0.67,0.43,0.56,0.3,56,106,0.77,0.2,0.67,R,,1G034088+004405,G034.089+00.438,11.8,,Simbad,282.9945,1.2297
2G0443311-0084125,2G0443311-0084125,44.3311,-0.8413,0.82,2.31,1.55,1.97,0.59,17,94,0.74,0.45,0.47,R,,1G044332-008343,G044.331-00.837,6.1,N92,Simbad,288.8687,9.7405
2G3544645+0007160,2G3544645+0007160,354.4646,0.0716,0.38,1.33,1.15,1.24,0.45,18,105,0.5,0.55,0.54,R,,1G354465+000747,G354.465+00.079,,CS48,Simbad,262.8731,-33.5774
2G0106232-0031596,2G0106232-0031596,10.6233,-0.316,0.23,0.56,0.38,0.48,0.13,37,84,0.72,0.18,0.31,R,,1G010624-003166,G010.621-00.318,19.8,,Simbad,272.5564,-19.8979
2G3574598+0061122,2G3574598+0061122,357.4599,0.6112,0.34,0.76,0.56,0.67,0.25,14,108,0.68,0.28,0.21,R,,1G357461+006093,G357.462+00.605,,CS22,Simbad,264.2577,-30.7686
2G3519206+0064400,2G3519206+0064400,351.9206,0.644,0.11,0.47,0.28,0.38,0.05,30,121,0.8,,0.16,C,,1G351922+006422,G351.922+00.638,,CS75,Simbad,260.5758,-35.3701
2G0083605-0029806,2G0083605-0029806,8.3606,-0.2981,0.46,1.21,1.05,1.13,0.32,57,123,0.51,0.18,0.4,R,D,1G008354-002977,G008.358-00.295,,CN114,Simbad,271.3625,-21.8666
2G0249634+0025599,2G0249634+0025599,24.9635,0.256,0.07,0.3,0.28,0.29,0.06,47,106,0.37,0.27,0.29,R,,1G024964+002566,G024.964+00.257,,,Simbad,278.9783,-6.9693
2G3346430+0043974,2G3346430+0043974,334.6431,0.4397,0.19,0.75,0.71,0.73,0.21,41,115,0.34,0.16,0.36,R,,1G334644+004391,G334.646+00.442,,S43,Simbad,245.9539,-48.9031
2G0118250+0083947,2G0118250+0083947,11.825,0.8395,0.17,0.46,0.35,0.41,0.1,43,86,0.65,0.14,0.26,R,,,G011.823+00.837,,,Simbad,272.102,-18.2871
2G3332526+0006757,2G3332526+0006757,333.2527,0.0676,0.13,0.76,0.5,0.64,0.08,15,61,0.75,,0.67,C,,1G333256+000644,G333.255+00.065,,,Simbad,244.8428,-50.1487
2G3306576+0057680,2G3306576+0057680,330.6577,0.5768,0.1,0.35,0.21,0.29,0.13,84,75,0.8,0.17,0.28,R,,1G330659+005769,G330.656+00.577,,,Simbad,241.2919,-51.552
2G0562494-0015751,2G0562494-0015751,56.2494,-0.1575,0.06,0.26,0.22,0.24,0.04,42,73,0.52,0.25,0.29,R,,,G056.250-00.158,4.7,,Simbad,294.1257,20.55
2G3105200-0021737,2G3105200-0021737,310.5201,-0.2174,0.23,0.43,0.34,0.38,0.18,22,109,0.61,0.28,0.14,R,,1G310519-002172,G310.519-00.220,13.3,,Simbad,209.2616,-62.1187
2G3236811+0063003,2G3236811+0063003,323.6812,0.63,0.26,0.82,0.65,0.74,0.25,70,81,0.61,,0.26,C,,1G323681+006311,G323.680+00.631,,,Simbad,231.9431,-55.8121
2G0431867-0052140,2G0431867-0052140,43.1868,-0.5214,0.15,0.46,0.32,0.39,0.09,47,84,0.72,0.11,0.5,R,,1G043185-005229,G043.185-00.525,8.1,,Simbad,288.0435,8.8754
2G3121517-0031324,2G3121517-0031324,312.1518,-0.3132,0.08,0.38,0.33,0.35,0.06,61,98,0.5,0.23,0.28,R,,1G312152-003132,G312.155-00.314,,S130,Simbad,212.6517,-61.7595
2G3455814-0003513,2G3455814-0003513,345.5815,-0.0351,0.46,1.73,1.72,1.73,0.35,36,77,0.08,0.05,0.2,R,,1G345580-000391,G345.586-00.040,,,Simbad,256.5603,-40.9102
2G3468728+0033006,2G3468728+0033006,346.8728,0.3301,0.07,0.67,0.58,0.63,0.07,26,71,0.48,,0.38,C,,1G346873+003295,G346.873+00.330,17.5,,Simbad,257.1928,-39.658
2G0369080-0030933,2G0369080-0030933,36.9081,-0.3093,0.1,0.42,0.41,0.42,0.07,180,92,0.18,0.12,0.1,C,,1G036910-003084,G036.907-00.310,,,Simbad,284.9505,3.3968
2G3370915-0096271,2G3370915-0096271,337.0915,-0.9627,0.17,1.01,0.86,0.94,0.11,60,60,0.52,,0.41,C,,1G337096-009586,G337.091-00.965,,,Simbad,250.0235,-48.0734
2G0088274-0038467,2G0088274-0038467,8.8274,-0.3847,0.26,0.92,0.73,0.83,0.26,36,95,0.61,0.15,0.29,R,,1G008828-003841,G008.825-00.387,,CN122,Simbad,271.6891,-21.5016
2G0257017+0002527,2G0257017+0002527,25.7018,0.0253,0.2,0.83,0.57,0.71,0.19,10,139,0.73,0.24,0.42,R,,1G025702+000298,G025.700+00.028,10.2,,Simbad,279.5261,-6.4195
2G0209913+0010005,2G0209913+0010005,20.9913,0.1001,0.17,0.6,0.48,0.54,0.1,32,81,0.6,0.16,0.24,R,,1G020991+000963,G020.988+00.092,14.1,,Simbad,277.2614,-10.5643
2G3516589+0051130,2G3516589+0051130,351.6589,0.5113,0.81,2.52,2.16,2.34,0.52,30,72,0.52,,0.43,C,,1G351660+005114,G351.651+00.510,,CS79,Simbad,260.5277,-35.6609
2G3049271+0055563,2G3049271+0055563,304.9271,0.5556,0.22,0.93,0.79,0.86,0.29,43,78,0.54,0.34,0.35,R,,1G304927+005553,G304.925+00.555,4.9,,Simbad,197.1474,-62.2497
2G0141021+0009117,2G0141021+0009117,14.1022,0.0912,0.06,0.35,0.26,0.31,0.04,9,60,0.69,,0.17,C,,,G014.103+00.091,,,Simbad,273.9374,-16.6499
2G0283195-0002341,2G0283195-0002341,28.3195,-0.0234,0.43,0.93,0.58,0.78,0.23,160,131,0.78,0.13,0.11,R,,1G028314-000245,G028.312-00.031,,,Simbad,280.7736,-4.1148
2G3267235+0077431,2G3267235+0077431,326.7236,0.7743,0.5,1.34,1.06,1.21,0.26,59,69,0.62,0.1,0.45,R,,1G326725+007745,G326.721+00.773,,,Simbad,236.0814,-53.9126
2G3090528+0017024,2G3090528+0017024,309.0528,0.1703,1.52,4.57,3.67,4.14,1.09,45,101,0.6,0.35,0.42,R,,1G309059+001661,G309.075+00.172,5.4,S143,Simbad,206.0197,-62.0742
2G3329829+0077611,2G3329829+0077611,332.983,0.7761,0.68,2.43,1.94,2.2,0.48,54,101,0.6,0.03,0.3,R,P,1G332975+007756,G332.978+00.773,,,Simbad,243.7746,-49.8277
2G3174585-0053063,2G3174585-0053063,317.4585,-0.5306,0.11,0.36,0.27,0.32,0.07,52,67,0.66,0.08,0.33,R,,1G317462-005276,G317.458-00.533,15.0,,Simbad,222.933,-59.9653
2G0181660+0033629,2G0181660+0033629,18.166,0.3363,0.05,0.23,0.22,0.23,0.07,27,111,0.33,0.35,0.14,R,,1G018166+003368,G018.165+00.337,,,Simbad,275.7013,-12.953
2G0368796+0049858,2G0368796+0049858,36.8796,0.4986,0.04,0.16,0.14,0.15,0.03,170,83,0.48,0.1,0.32,R,,,,,,Simbad,284.2173,3.7405
2G3382827-0036667,2G3382827-0036667,338.2828,-0.3667,0.2,0.68,0.58,0.63,0.13,95,88,0.52,0.13,0.19,R,,1G338283-003672,G338.289-00.373,,,Simbad,250.5276,-46.7858
2G3490903+0007443,2G3490903+0007443,349.0903,0.0744,0.45,1.1,0.86,0.99,0.24,30,84,0.62,0.03,0.41,R,,1G349091+000756,G349.090+00.071,,S3,Simbad,259.1334,-38.0154
2G0412322-0019869,2G0412322-0019869,41.2322,-0.1987,0.1,0.42,0.3,0.37,0.09,43,70,0.69,0.11,0.18,R,,1G041232-001989,G041.232-00.203,,,Simbad,286.8433,7.2903
2G0062015-0033631,2G0062015-0033631,6.2015,-0.3363,0.22,1.04,0.79,0.92,0.16,58,65,0.64,,0.39,C,,1G006200-003369,G006.200-00.342,,CN79,Simbad,270.2451,-23.7646
2G0447768-0054989,2G0447768-0054989,44.7768,-0.5499,0.19,0.83,0.65,0.75,0.23,12,93,0.62,0.29,0.35,R,,1G044777-005495,G044.775-00.549,,N93,Simbad,288.8173,10.2706
2G3142336+0043597,2G3142336+0043597,314.2336,0.436,0.54,1.63,1.31,1.48,0.34,45,135,0.6,0.07,0.26,R,,1G314234+004579,G314.239+00.428,5.9,,Simbad,216.2115,-60.3699
2G3029224-0042937,2G3029224-0042937,302.9225,-0.4294,0.19,0.66,0.48,0.58,0.2,172,90,0.68,0.1,0.13,R,,1G302923-004295,G302.924-00.432,,,Simbad,192.8385,-63.3011
2G0149246+0002260,2G0149246+0002260,14.9247,0.0226,0.14,0.35,0.25,0.3,0.17,61,119,0.72,0.08,0.13,R,,,G014.924+00.022,,,Simbad,274.4077,-15.9589
2G0152053+0020627,2G0152053+0020627,15.2053,0.2063,0.33,0.63,0.51,0.57,0.18,30,128,0.58,0.08,0.36,R,,1G015206+002045,G015.205+00.201,,,Simbad,274.378,-15.6248
2G0033910+0088220,2G0033910+0088220,3.3911,0.8822,0.34,0.64,0.5,0.57,0.28,34,117,0.62,0.16,0.16,R,,1G003392+008807,G003.391+00.883,,CN40,Simbad,267.5277,-25.5774
2G0372600-0008225,2G0372600-0008225,37.2601,-0.0823,0.37,0.67,0.44,0.56,0.22,11,88,0.75,0.33,0.22,R,,1G037261-000809,G037.259-00.083,10.8,,Simbad,284.9094,3.8137
2G0127353+0068634,2G0127353+0068634,12.7354,0.6864,0.15,0.49,0.35,0.43,0.12,42,114,0.7,0.06,0.1,C,,1G012736+006870,G012.736+00.686,,,Simbad,272.7055,-17.5643
2G3107663-0040082,2G3107663-0040082,310.7664,-0.4008,0.1,0.42,0.29,0.36,0.09,23,59,0.71,0.21,0.15,R,,1G310765-003999,G310.766-00.403,,,Simbad,209.8722,-62.233
2G3109817+0040850,2G3109817+0040850,310.9818,0.4085,0.4,3.07,2.45,2.77,0.47,38,65,0.6,0.28,0.64,R,,1G310982+004071,G310.983+00.404,4.4,S137,Simbad,209.8664,-61.3955
2G3296579-0048537,2G3296579-0048537,329.6579,-0.4854,0.29,1.41,1.21,1.31,0.53,176,129,0.51,0.54,0.15,R,,1G329657-004866,G329.656-00.486,,S69,Simbad,241.2277,-53.0102
2G0186285+0030832,2G0186285+0030832,18.6286,0.3083,0.12,0.51,0.31,0.42,0.13,61,74,0.79,0.26,0.37,R,,1G018628+003098,G018.630+00.309,,,Simbad,275.949,-12.5575
2G3549801-0053121,2G3549801-0053121,354.9801,-0.5312,0.47,1.48,1.2,1.34,0.47,39,101,0.59,0.41,0.52,R,,1G354981-005283,G354.979-00.527,,CS39,Simbad,263.8162,-33.4731
2G0275224+0019978,2G0275224+0019978,27.5225,0.1998,0.27,1.38,0.94,1.18,0.18,11,149,0.73,0.16,0.3,R,,1G027518+002015,G027.518+00.200,,,Simbad,280.2088,-4.7214
2G3056599+0049508,2G3056599+0049508,305.66,0.4951,0.09,0.56,0.35,0.47,0.05,16,27,0.77,,0.18,C,,1G305660+004962,G305.663+00.494,,,Simbad,198.7268,-62.2523
2G3465188+0008746,2G3465188+0008746,346.5189,0.0875,0.35,0.65,0.53,0.6,0.22,59,92,0.59,0.15,0.24,R,,1G346520+000875,G346.521+00.086,17.5,,Simbad,257.171,-40.0867
2G0196761-0013237,2G0196761-0013237,19.6761,-0.1324,0.2,0.42,0.23,0.34,0.1,18,70,0.84,,0.23,C,,1G019680-001298,G019.677-00.134,11.9,,Simbad,276.8481,-11.8369
2G0138987-0001375,2G0138987-0001375,13.8987,-0.0138,0.17,0.53,0.4,0.47,0.17,78,94,0.66,0.34,0.4,R,,1G013899-000113,G013.899-00.014,,N13,Simbad,273.9326,-16.8789
2G3369195+0005706,2G3369195+0005706,336.9195,0.0571,0.43,0.73,0.5,0.62,0.17,30,84,0.73,0.17,0.17,R,,1G336912+000568,G336.922+00.062,,,Simbad,248.7251,-47.5178
2G0516149-0035992,2G0516149-0035992,51.6149,-0.3599,0.45,0.73,0.44,0.6,0.15,25,92,0.8,0.11,0.12,C,,,G051.610-00.357,,,Simbad,291.9549,16.3928
2G3383619-0001939,2G3383619-0001939,338.362,-0.0194,0.12,0.49,0.43,0.47,0.12,165,138,0.48,0.27,0.24,R,,1G338363-000216,G338.364-00.020,,S33,Simbad,250.224,-46.4969
2G0320558+0007774,2G0320558+0007774,32.0558,0.0777,0.3,0.68,0.6,0.64,0.16,39,101,0.48,0.05,0.36,R,,1G032057+000783,G032.057+00.077,7.2,,Simbad,282.3908,-0.7443
2G3221468+0064533,2G3221468+0064533,322.1469,0.6453,1.4,1.61,1.01,1.34,0.61,17,106,0.78,0.19,0.13,R,,1G322154+006351,,,,Simbad,229.6177,-56.6386
2G0419307+0003246,2G0419307+0003246,41.9308,0.0325,0.31,1.59,1.27,1.44,0.29,50,66,0.61,0.41,0.51,R,,1G041931+000351,G041.929+00.030,11.3,N80,Simbad,286.9606,8.017
2G3323784+0008000,2G3323784+0008000,332.3784,0.08,0.18,0.87,0.76,0.82,0.18,55,108,0.49,0.1,0.25,R,,1G332379+000796,G332.382+00.080,,S53,Simbad,243.8439,-50.7487
2G0530857+0009891,2G0530857+0009891,53.0857,0.0989,0.09,0.49,0.44,0.47,0.06,164,115,0.44,0.11,0.32,R,,1G053087+000988,G053.084+00.097,,,Simbad,292.2688,17.9041
2G0190659-0027668,2G0190659-0027668,19.066,-0.2767,0.2,0.67,0.51,0.59,0.2,1,82,0.65,0.31,0.35,R,,1G019065-002781,G019.064-00.282,4.6,,Simbad,276.6881,-12.444
2G0303635-0026360,2G0303635-0026360,30.3635,-0.2636,1.76,4.31,2.93,3.69,1.05,12,88,0.73,0.12,0.35,R,,1G030354-002611,G030.338-00.252,8.2,,Simbad,281.9225,-2.406
2G0102362-0007925,2G0102362-0007925,10.2362,-0.0793,0.38,1.54,1.1,1.33,0.27,56,96,0.7,,0.18,C,,1G010238-000771,G010.237-00.080,,,Simbad,272.1365,-20.1221
2G0437223+0012010,2G0437223+0012010,43.7224,0.1201,0.52,1.75,1.18,1.49,0.25,176,43,0.74,,0.15,C,,1G043734+001170,G043.730+00.114,6.1,N89,Simbad,287.7183,9.647
2G0099679-0020873,2G0099679-0020873,9.9679,-0.2087,0.02,0.19,0.15,0.17,0.02,134,81,0.58,,0.39,C,,,,,CN141,Simbad,272.1184,-20.4194
2G0415141+0003094,2G0415141+0003094,41.5142,0.0309,0.41,1.46,1.11,1.3,0.4,11,103,0.65,0.33,0.42,R,,1G041519+000375,G041.512+00.021,11.6,N79,Simbad,286.7685,7.6464
2G0303478+0009023,2G0303478+0009023,30.3478,0.0902,0.1,0.3,0.27,0.28,0.16,18,114,0.45,0.24,0.2,R,,,G030.348+00.090,7.3,,Simbad,281.6002,-2.2585
2G0424237-0027418,2G0424237-0027418,42.4238,-0.2742,0.48,1.46,1.07,1.28,0.25,73,73,0.68,,0.23,C,,1G042426-002691,G042.434-00.275,8.1,,Simbad,287.4651,8.3131
2G3501160+0012729,2G3501160+0012729,350.1161,0.1273,0.09,0.22,0.14,0.19,0.05,58,73,0.76,,0.22,C,,,G350.117+00.126,,,Simbad,259.8255,-37.1469
2G0280071+0031709,2G0280071+0031709,28.0072,0.3171,0.3,1.76,1.34,1.57,0.24,81,112,0.65,,0.51,C,,1G028006+003153,G027.997+00.317,9.4,,Simbad,280.3267,-4.2367
2G3428279-0003121,2G3428279-0003121,342.828,-0.0312,0.08,0.25,0.2,0.23,0.07,10,100,0.63,0.14,0.14,R,,,G342.829-00.032,,,Simbad,254.2836,-43.0828
2G3269575-0031107,2G3269575-0031107,326.9575,-0.3111,0.59,0.8,0.57,0.69,0.44,25,124,0.71,0.15,0.27,R,,,G326.947-00.311,,,Simbad,237.5444,-54.6217
2G3127017+0000922,2G3127017+0000922,312.7018,0.0092,0.35,1.54,1.1,1.34,0.26,33,83,0.7,0.09,0.37,R,,1G312704+000140,G312.706+00.012,,S126,Simbad,213.541,-61.2835
2G3454828+0039977,2G3454828+0039977,345.4829,0.3998,0.4,2.22,2.04,2.13,0.32,49,93,0.4,0.25,0.57,R,,1G345484+004011,G345.486+00.399,,S11,Simbad,256.024,-40.7254
2G0265576-0029669,2G0265576-0029669,26.5576,-0.2967,0.09,0.37,0.3,0.34,0.03,53,45,0.6,,0.23,C,,1G026557-002997,,,,Simbad,280.2084,-5.8065
2G3092894-0062387,2G3092894-0062387,309.2894,-0.6239,0.27,0.6,0.44,0.53,0.22,40,126,0.67,0.2,0.17,R,,1G309288-006229,G309.285-00.629,,,Simbad,206.8786,-62.8014
2G3459931-0002014,2G3459931-0002014,345.9932,-0.0201,0.33,0.51,0.34,0.43,0.12,156,87,0.75,0.07,0.08,C,,1G345995-000246,G345.997-00.024,,,Simbad,256.8713,-40.5723
2G3127386-0071772,2G3127386-0071772,312.7387,-0.7177,0.39,0.53,0.37,0.46,0.3,6,114,0.72,0.14,0.09,R,,,G312.739-00.717,,,Simbad,214.1016,-61.9608
2G0303412+0038042,2G0303412+0038042,30.3413,0.3804,0.15,0.55,0.45,0.5,0.17,52,72,0.6,0.18,0.19,R,,1G030342+003810,G030.339+00.381,,,Simbad,281.3388,-2.1318
2G3523949-0006477,2G3523949-0006477,352.395,-0.0648,0.54,0.95,0.74,0.85,0.43,41,102,0.62,0.3,0.29,R,,1G352393-000667,G352.393-00.066,,CS71,Simbad,261.6218,-35.3769
2G0392473-0006156,2G0392473-0006156,39.2473,-0.0616,0.06,0.4,0.3,0.35,0.03,159,95,0.68,,0.24,C,,1G039248-000574,G039.248-00.064,11.6,,Simbad,285.8035,5.59
2G0596103+0091680,2G0596103+0091680,59.6103,0.9168,0.05,0.23,0.2,0.21,0.04,5,111,0.47,0.24,0.47,R,,,G059.612+00.917,4.3,,Simbad,294.8937,24.0061
2G0531737+0014982,2G0531737+0014982,53.1738,0.1498,0.23,1.38,0.85,1.14,0.23,176,107,0.79,0.31,0.33,R,,1G053174+001497,G053.175+00.150,9.7,,Simbad,292.2661,18.0058
2G0193618-0001562,2G0193618-0001562,19.3619,-0.0156,0.07,0.35,0.26,0.31,0.06,43,40,0.69,,0.22,C,,1G019362-000130,G019.360-00.014,,,Simbad,276.5928,-12.0605
2G3439131+0011560,2G3439131+0011560,343.9131,0.1156,0.1,0.45,0.26,0.37,0.08,85,87,0.81,0.17,0.31,R,,1G343910+001145,G343.912+00.116,17.4,,Simbad,255.0418,-42.1407
2G3325262-0012004,2G3325262-0012004,332.5262,-0.12,0.08,0.36,0.28,0.32,0.07,34,79,0.62,0.17,0.45,R,,1G332527-001207,,,,Simbad,244.2315,-50.7903
2G3143234+0038091,2G3143234+0038091,314.3234,0.3809,0.23,0.49,0.35,0.43,0.22,48,73,0.69,0.09,0.08,C,,,G314.323+00.384,,,Simbad,216.4209,-60.3896
2G0411228-0023746,2G0411228-0023746,41.1229,-0.2375,0.11,1.34,1.14,1.25,0.11,136,68,0.52,,0.17,C,,,G041.126-00.232,,,Simbad,286.8273,7.1755
2G0036516-0011781,2G0036516-0011781,3.6516,-0.1178,0.36,0.86,0.67,0.77,0.38,15,124,0.63,0.32,0.28,R,,1G003653-001171,G003.650-00.122,,CN43,Simbad,268.6302,-25.8626
2G0349980+0033339,2G0349980+0033339,34.9981,0.3334,0.34,2.06,1.75,1.91,0.31,179,100,0.53,0.25,0.41,R,,1G035001+003318,G034.997+00.330,2.3,N65,Simbad,283.5051,1.9909
2G3497776+0011709,2G3497776+0011709,349.7776,0.1171,0.12,0.5,0.38,0.45,0.09,15,76,0.66,,0.47,C,,1G349777+001167,G349.776+00.116,,CS117,Simbad,259.5914,-37.4297
2G0564054+0042573,2G0564054+0042573,56.4054,0.4257,0.34,1.09,0.83,0.97,0.29,32,85,0.65,0.38,0.27,R,,1G056410+004257,G056.412+00.423,9.9,,Simbad,293.6621,20.9702
2G3179876-0075048,2G3179876-0075048,317.9876,-0.7505,0.64,1.53,1.11,1.34,0.47,163,112,0.69,0.4,0.44,R,,1G317989-007519,G317.988-00.754,,S104,Simbad,224.0735,-59.9212
2G3447764-0021537,2G3447764-0021537,344.7765,-0.2154,0.32,0.37,0.25,0.32,0.22,51,72,0.75,0.14,0.13,R,,,G344.781-00.217,,,Simbad,256.1033,-41.6603
2G0133179-0002401,2G0133179-0002401,13.3179,-0.024,0.08,0.43,0.39,0.41,0.08,41,106,0.42,0.26,0.27,R,,1G013318-000226,G013.317-00.025,,,Simbad,273.652,-17.3942
2G0302510+0023985,2G0302510+0023985,30.251,0.2399,0.13,0.67,0.57,0.62,0.12,171,104,0.53,0.24,0.32,R,,1G030250+002413,G030.249+00.243,,,Simbad,281.4227,-2.2763
2G3402074+0045266,2G3402074+0045266,340.2075,0.4527,2.13,5.92,4.59,5.3,1.4,85,87,0.63,0.06,0.41,R,,1G340197+004444,G340.216+00.424,,,Simbad,251.4469,-44.7946
2G3313202-0017411,2G3313202-0017411,331.3202,-0.1741,0.26,0.75,0.62,0.69,0.17,29,114,0.57,0.08,0.31,R,,1G331321-001758,G331.322-00.176,,,Simbad,242.8948,-51.6602
2G3369988-0003005,2G3369988-0003005,336.9988,-0.0301,0.12,0.25,0.21,0.23,0.06,169,83,0.56,0.08,0.13,R,,,G337.001-00.030,7.8,,Simbad,248.8996,-47.5182
2G0303239-0020620,2G0303239-0020620,30.3239,-0.2062,0.25,1.28,1.04,1.16,0.2,26,71,0.59,,0.21,C,,1G030323-002072,G030.321-00.210,7.3,,Simbad,281.8533,-2.415
2G3351624-0024436,2G3351624-0024436,335.1625,-0.2444,0.39,1.17,0.89,1.04,0.46,13,93,0.65,0.44,0.38,R,,1G335163-002431,G335.168-00.240,,S42,Simbad,247.2524,-49.0067
2G0109642+0000808,2G0109642+0000808,10.9643,0.0081,0.16,0.46,0.31,0.39,0.15,138,112,0.74,0.15,0.18,R,,1G010965+000116,G010.964+00.006,14.1,,Simbad,272.43,-19.4427
2G3114853+0039661,2G3114853+0039661,311.4853,0.3966,0.36,2.03,1.72,1.88,0.39,170,111,0.53,0.4,0.6,R,P,1G311483+003982,G311.489+00.394,5.6,S133 S135 S132,Simbad,210.8843,-61.2721
2G0421043-0062297,2G0421043-0062297,42.1043,-0.623,0.33,1.67,1.55,1.61,0.45,22,105,0.38,0.43,0.5,R,,1G042104-006230,G042.103-00.623,7.7,N82,Simbad,287.6287,7.8686
2G0522527+0070251,2G0522527+0070251,52.2527,0.7025,0.33,1.44,1.24,1.35,0.28,31,117,0.51,0.32,0.4,R,,1G052253+007060,G052.256+00.702,10.0,N114,Simbad,291.2952,17.4592
2G0343335+0021339,2G0343335+0021339,34.3336,0.2134,0.48,1.4,1.22,1.31,0.39,77,117,0.49,0.35,0.49,R,,1G034334+002126,G034.333+00.212,10.0,N62,Simbad,283.3088,1.3448
2G0346968-0064957,2G0346968-0064957,34.6969,-0.6496,0.08,0.55,0.48,0.52,0.09,179,94,0.5,0.19,0.19,R,D,1G034697-006506,G034.697-00.656,,,Simbad,284.2427,1.2744
2G0464699-0023634,2G0464699-0023634,46.4699,-0.2363,0.6,2.07,1.62,1.86,0.3,167,102,0.62,0.27,0.33,R,,1G046481-002389,G046.495-00.241,4.8,,Simbad,289.3386,11.9147
2G0572893-0015249,2G0572893-0015249,57.2893,-0.1525,0.19,0.48,0.38,0.43,0.21,54,70,0.6,0.19,0.2,R,,1G057289-001527,G057.288-00.154,,,Simbad,294.6663,21.4593
2G0230619+0009720,2G0230619+0009720,23.0619,0.0972,0.13,0.33,0.23,0.28,0.08,49,94,0.71,,0.19,C,,,G023.063+00.096,,,Simbad,278.2361,-8.7302
2G3132783-0032819,2G3132783-0032819,313.2783,-0.3282,1.15,1.46,1.16,1.32,0.81,15,96,0.61,0.12,0.16,R,,1G313279-003306,G313.281-00.325,,,Simbad,214.9066,-61.4157
2G0276130+0002835,2G0276130+0002835,27.6131,0.0284,0.04,0.23,0.17,0.2,0.04,15,56,0.68,0.41,0.17,R,,,,,,Simbad,280.4033,-4.7193
2G3452365-0040789,2G3452365-0040789,345.2366,-0.4079,0.38,0.76,0.59,0.68,0.2,6,85,0.64,0.05,0.29,R,,1G345238-004100,G345.236-00.406,,,Simbad,256.6797,-41.4101
2G3144084-0071100,2G3144084-0071100,314.4085,-0.711,0.23,0.85,0.7,0.78,0.24,14,81,0.57,0.3,0.29,R,,1G314409-007115,G314.409-00.708,,,Simbad,217.3978,-61.3763
2G3329546+0077013,2G3329546+0077013,332.9547,0.7701,0.44,1.26,0.92,1.1,0.29,48,55,0.68,,0.28,C,D,,,,,Simbad,243.7493,-49.8516
2G3290937-0030598,2G3290937-0030598,329.0938,-0.306,0.11,0.45,0.36,0.41,0.1,53,68,0.61,0.13,0.07,R,,1G329094-003052,G329.093-00.305,,,Simbad,240.3244,-53.2481
2G0181785+0011053,2G0181785+0011053,18.1785,0.1105,0.05,0.22,0.19,0.21,0.05,59,117,0.47,0.27,0.23,R,,,G018.178+00.110,,,Simbad,275.912,-13.0478
2G3106265-0042914,2G3106265-0042914,310.6266,-0.4291,0.06,0.59,0.55,0.57,0.03,85,56,0.39,,0.28,C,,1G310627-004275,G310.630-00.421,,,Simbad,209.5977,-62.2964
2G3224180+0020660,2G3224180+0020660,322.418,0.2066,0.06,0.34,0.19,0.27,0.08,36,148,0.82,0.2,0.39,R,,1G322418+002071,G322.419+00.208,,S87,Simbad,230.4649,-56.8626
2G3091763-0002725,2G3091763-0002725,309.1763,-0.0272,0.22,0.49,0.29,0.4,0.19,22,149,0.8,0.18,0.12,R,,,G309.176-00.028,,,Simbad,206.3653,-62.2422
2G3507082+0099881,2G3507082+0099881,350.7083,0.9988,0.27,0.82,0.7,0.76,0.33,30,85,0.51,0.15,0.13,R,,,G350.707+00.999,,CS98,Simbad,259.3622,-36.161
2G0495863-0037536,2G0495863-0037536,49.5864,-0.3754,0.2,1.02,0.92,0.97,0.14,50,92,0.44,0.22,0.49,R,D,1G049586-003716,G049.589-00.370,5.5,,Simbad,290.9692,14.6005
2G3093504-0058511,2G3093504-0058511,309.3504,-0.5851,0.2,0.58,0.53,0.55,0.28,47,97,0.43,0.13,0.21,R,,1G309350-005844,G309.350-00.587,,,Simbad,206.9904,-62.7503
2G3459135+0000939,2G3459135+0000939,345.9135,0.0094,0.47,1.18,0.97,1.08,0.37,24,91,0.56,0.26,0.25,R,,1G345913+000107,G345.917+00.004,,S10,Simbad,256.7772,-40.6183
2G3056338-0065031,2G3056338-0065031,305.6338,-0.6503,0.1,0.74,0.55,0.65,0.13,88,111,0.67,0.14,0.27,R,,1G305633-006493,G305.629-00.649,,,Simbad,198.9013,-63.3952
2G3481469+0025376,2G3481469+0025376,348.147,0.2538,0.11,0.38,0.32,0.35,0.16,32,93,0.53,0.21,0.14,R,,1G348148+002548,G348.148+00.256,,,Simbad,258.2457,-38.6766
2G3449442+0020133,2G3449442+0020133,344.9442,0.2013,0.11,0.45,0.33,0.4,0.05,26,57,0.67,,0.13,C,,1G344943+001995,G344.943+00.200,,,Simbad,255.7981,-41.2737
2G0128224-0023752,2G0128224-0023752,12.8225,-0.2375,0.97,1.71,1.34,1.54,0.48,167,126,0.62,0.15,0.24,R,,1G012819-002278,G012.820-00.238,,,Simbad,273.6004,-17.9314
2G3353266+0040948,2G3353266+0040948,335.3266,0.4095,0.42,0.67,0.44,0.57,0.37,159,99,0.76,0.1,0.16,R,,1G335326+004117,G335.326+00.409,,,Simbad,246.71,-48.4354
2G3115821-0059378,2G3115821-0059378,311.5821,-0.5938,0.29,0.74,0.5,0.64,0.21,79,70,0.74,0.16,0.31,R,,1G311582-005910,G311.581-00.593,,,Simbad,211.6685,-62.1953
2G3321490-0043503,2G3321490-0043503,332.1491,-0.435,0.83,1.78,1.45,1.63,0.37,19,89,0.58,0.04,0.15,R,,1G332148-004383,G332.145-00.452,3.7,,Simbad,244.1484,-51.2788
2G0133789+0006491,2G0133789+0006491,13.3789,0.0649,0.23,0.5,0.33,0.43,0.19,35,87,0.75,0.12,0.12,C,,1G013382+000659,G013.384+00.066,,,Simbad,273.6007,-17.2981
2G3281910-0048022,2G3281910-0048022,328.191,-0.4802,0.23,1.11,0.85,0.99,0.18,59,138,0.64,0.23,0.55,R,,1G328193-004780,G328.193-00.479,,,Simbad,239.36,-53.9679
2G3401117+0093415,2G3401117+0093415,340.1117,0.9342,0.13,0.38,0.28,0.33,0.05,179,92,0.67,,0.13,C,,,G340.110+00.936,,,Simbad,250.8462,-44.5526
2G0398673+0064633,2G0398673+0064633,39.8674,0.6463,0.25,0.39,0.33,0.36,0.14,1,95,0.51,0.2,0.16,R,,1G039868+006467,G039.864+00.645,17.6,,Simbad,285.4562,6.4655
2G3311717-0046070,2G3311717-0046070,331.1717,-0.4607,0.12,0.51,0.33,0.43,0.1,4,67,0.76,0.19,0.19,R,,1G331172-004591,G331.172-00.460,,,Simbad,243.0359,-51.9709
2G0126322+0007098,2G0126322+0007098,12.6323,0.071,0.1,0.27,0.2,0.24,0.06,38,79,0.65,0.23,0.17,R,,1G012631+000707,G012.629+00.070,,,Simbad,273.22,-17.9507
2G0428327-0015941,2G0428327-0015941,42.8327,-0.1594,0.37,1.21,1.03,1.12,0.47,19,96,0.53,0.49,0.45,R,,1G042834-001579,G042.834-00.157,,N84,Simbad,287.553,8.7288
2G3063182-0035644,2G3063182-0035644,306.3182,-0.3564,0.52,1.09,0.97,1.03,0.27,29,95,0.46,0.25,0.31,R,,1G306321-003550,G306.321-00.358,8.9,,Simbad,200.3431,-63.0312
2G3127609+0007162,2G3127609+0007162,312.761,0.0716,0.3,0.75,0.55,0.66,0.2,43,132,0.69,0.27,0.24,R,,1G312760+000734,G312.764+00.067,,S125,Simbad,213.617,-61.2056
2G0498402+0036472,2G0498402+0036472,49.8402,0.3647,0.17,0.32,0.26,0.29,0.15,168,102,0.56,0.07,0.44,R,,1G049841+003647,G049.840+00.367,10.8,,Simbad,290.4179,15.1734
2G3375947-0036641,2G3375947-0036641,337.5948,-0.3664,0.09,0.29,0.28,0.29,0.08,4,79,0.29,0.17,0.34,R,,,G337.595-00.366,,,Simbad,249.8586,-47.3011
2G3315381-0030895,2G3315381-0030895,331.5381,-0.309,0.09,0.34,0.25,0.3,0.15,7,76,0.67,0.23,0.09,R,,1G331539-003084,G331.538-00.308,,,Simbad,243.2996,-51.6095
2G0037405+0002309,2G0037405+0002309,3.7405,0.0231,0.07,0.22,0.2,0.21,0.08,8,100,0.43,0.32,0.19,R,,,G003.741+00.023,,CN47,Simbad,268.5452,-25.7146
2G3159795-0018124,2G3159795-0018124,315.9795,-0.1812,0.37,0.89,0.79,0.84,0.3,27,109,0.47,0.33,0.29,R,,1G315980-001816,G315.982-00.184,,S115,Simbad,219.9477,-60.2789
2G3459283-0012793,2G3459283-0012793,345.9283,-0.1279,0.05,0.29,0.26,0.27,0.06,19,71,0.41,0.46,0.6,R,,1G345929-001302,G345.927-00.129,,,Simbad,256.9336,-40.6888
2G3498122-0059828,2G3498122-0059828,349.8123,-0.5983,1.32,4.12,3.54,3.84,0.77,39,120,0.51,0.36,0.59,R,,1G349814-005951,G349.814-00.625,,CS116 S1,Simbad,260.3571,-37.8108
2G0110236-0036715,2G0110236-0036715,11.0237,-0.3671,0.07,0.21,0.17,0.19,0.06,167,113,0.6,0.19,0.17,R,,,G011.023-00.369,,,Simbad,272.8091,-19.5718
2G0397291-0039358,2G0397291-0039358,39.7291,-0.3936,0.3,0.48,0.35,0.42,0.18,175,128,0.67,0.18,0.19,R,,1G039728-003965,G039.728-00.396,9.1,,Simbad,286.3221,5.8659
2G3267868-0055519,2G3267868-0055519,326.7868,-0.5552,0.39,2.68,2.0,2.36,0.45,80,110,0.67,0.12,0.33,R,D,1G326787-005511,G326.786-00.552,,S78,Simbad,237.5786,-54.9189
2G0036650-0009805,2G0036650-0009805,3.665,-0.0981,0.09,0.27,0.21,0.24,0.06,62,98,0.64,0.17,0.32,R,,,G003.664-00.098,,CN44,Simbad,268.6189,-25.8411
2G0150148+0005572,2G0150148+0005572,15.0149,0.0557,0.58,2.28,1.86,2.08,0.37,43,94,0.58,0.2,0.49,R,P,1G015014+000570,G015.010+00.049,,N16 N17,Simbad,274.4219,-15.8638
2G0263289-0007072,2G0263289-0007072,26.329,-0.0707,0.1,0.75,0.58,0.67,0.2,47,79,0.64,0.39,0.33,R,,1G026329-000689,G026.330-00.071,,N42,Simbad,279.9012,-5.9062
2G2993266-0030612,2G2993266-0030612,299.3267,-0.3061,0.46,0.37,0.29,0.34,0.17,18,88,0.62,0.07,0.23,R,,,G299.326-00.311,,,Simbad,184.9104,-62.9551
2G0143512-0064262,2G0143512-0064262,14.3513,-0.6426,0.37,0.61,0.54,0.57,0.29,165,124,0.47,0.07,0.09,C,,1G014352-006431,G014.351-00.642,,,Simbad,274.7352,-16.779
2G3087531+0054978,2G3087531+0054978,308.7531,0.5498,0.34,1.09,0.81,0.96,0.24,60,69,0.67,0.16,0.22,R,D,1G308751+005498,G308.747+00.547,5.3,S144,Simbad,205.2369,-61.7611
2G3136696-0010230,2G3136696-0010230,313.6697,-0.1023,0.7,1.51,1.05,1.3,0.54,25,64,0.72,0.26,0.19,R,,1G313670-001046,G313.671-00.105,,,Simbad,215.5133,-61.0707
2G3203777+0017259,2G3203777+0017259,320.3778,0.1726,0.09,0.51,0.31,0.42,0.07,164,55,0.79,0.2,0.5,R,,1G320377+001728,G320.376+00.172,,,Simbad,227.2695,-57.9593
2G0332627+0006525,2G0332627+0006525,33.2627,0.0653,0.11,0.39,0.34,0.37,0.11,162,89,0.49,0.05,0.11,C,,1G033263+000655,G033.263+00.066,7.1,,Simbad,282.9522,0.3242
2G3533525-0013962,2G3533525-0013962,353.3525,-0.1396,0.25,1.61,1.49,1.55,0.3,32,99,0.38,0.5,0.59,R,,1G353353-001413,G353.350-00.143,,CS57,Simbad,262.347,-34.6222
2G3030470+0016625,2G3030470+0016625,303.047,0.1663,0.44,2.21,1.51,1.9,0.29,47,82,0.73,,0.14,C,,1G303056+001645,G303.058+00.165,,,Simbad,193.1104,-62.7052
2G0517552+0070118,2G0517552+0070118,51.7553,0.7012,1.76,2.01,1.3,1.69,0.96,94,101,0.76,0.13,0.16,R,,1G051766+007106,G051.779+00.713,10.7,,Simbad,291.0498,17.0206
2G0458214-0029148,2G0458214-0029148,45.8214,-0.2915,0.41,0.89,0.59,0.75,0.36,39,57,0.75,0.27,0.42,R,,1G045822-002892,G045.825-00.291,6.6,,Simbad,289.0797,11.3153
2G3031647+0042579,2G3031647+0042579,303.1648,0.4258,0.17,0.53,0.45,0.49,0.15,83,104,0.52,0.18,0.23,R,,1G303165+004258,G303.163+00.422,,,Simbad,193.3629,-62.445
2G3323472-0042658,2G3323472-0042658,332.3473,-0.4266,0.24,0.42,0.34,0.38,0.15,13,134,0.61,0.12,0.09,C,,1G332347-004274,G332.347-00.427,,,Simbad,244.3663,-51.135
2G0119284-0009578,2G0119284-0009578,11.9285,-0.0958,0.15,0.31,0.23,0.27,0.07,142,135,0.67,0.09,0.11,C,,,,,,Simbad,273.0181,-18.6481
2G3180579-0044873,2G3180579-0044873,318.0579,-0.4487,0.19,0.42,0.38,0.4,0.25,12,106,0.42,0.15,0.49,R,,1G318058-004489,G318.059-00.450,,,Simbad,223.9216,-59.6209
2G3281431+0018876,2G3281431+0018876,328.1432,0.1888,0.86,0.82,0.55,0.7,0.45,31,95,0.74,0.05,0.09,C,,,G328.146+00.185,,,Simbad,238.5728,-53.4853
2G3484089+0014895,2G3484089+0014895,348.409,0.1489,0.12,0.62,0.55,0.59,0.11,42,87,0.45,0.27,0.38,R,,1G348407+001484,G348.409+00.148,,S5,Simbad,258.5509,-38.5258
2G3296055-0051886,2G3296055-0051886,329.6055,-0.5189,0.06,0.4,0.31,0.36,0.03,160,101,0.63,,0.16,C,,,G329.607-00.520,,,Simbad,241.1997,-53.0701
2G3285736-0055654,2G3285736-0055654,328.5737,-0.5565,0.16,0.76,0.68,0.72,0.1,3,128,0.44,0.24,0.38,R,,1G328574-005568,G328.574-00.562,3.4,,Simbad,239.938,-53.7777
2G0564500-0048576,2G0564500-0048576,56.45,-0.4858,0.22,0.61,0.49,0.55,0.2,23,128,0.59,0.18,0.1,R,,1G056450-004861,G056.449-00.486,,,Simbad,294.5363,20.5644
2G3044632-0002005,2G3044632-0002005,304.4632,-0.0201,0.54,0.96,0.74,0.86,0.3,39,98,0.64,0.33,0.47,R,,1G304463-000217,G304.465-00.023,,S160,Simbad,196.2169,-62.8519
2G3394854+0008662,2G3394854+0008662,339.4854,0.0866,0.3,0.73,0.62,0.68,0.25,173,122,0.53,0.22,0.24,R,,1G339486+000872,G339.486+00.087,,,Simbad,251.1731,-45.5808
2G0105997-0038048,2G0105997-0038048,10.5998,-0.3805,0.07,0.52,0.38,0.46,0.06,79,68,0.7,,0.33,C,,1G010600-003806,G010.596-00.381,5.0,,Simbad,272.6044,-19.9496
2G3212678+0032015,2G3212678+0032015,321.2679,0.3201,0.15,0.6,0.53,0.57,0.19,27,93,0.47,0.23,0.14,R,,1G321268+003198,,,,Simbad,228.559,-57.3775
2G0495357+0020551,2G0495357+0020551,49.5357,0.2055,0.2,0.38,0.27,0.33,0.23,173,75,0.72,0.26,0.1,R,,1G049536+002056,G049.535+00.206,,,Simbad,290.4149,14.8298
2G3238048+0002065,2G3238048+0002065,323.8049,0.0207,0.85,1.46,1.17,1.32,0.52,52,123,0.6,0.28,0.47,R,,1G323803+000231,G323.806+00.020,,S85,Simbad,232.7427,-56.2444
2G3310081-0015071,2G3310081-0015071,331.0082,-0.1507,0.45,2.71,2.5,2.6,0.51,37,113,0.38,0.47,0.61,R,,1G331011-001485,G331.020-00.143,,S64,Simbad,242.4996,-51.8552
2G3507696-0007643,2G3507696-0007643,350.7697,-0.0764,0.03,0.33,0.26,0.3,0.03,33,63,0.6,,0.33,C,,1G350769-000781,G350.769-00.079,,CS96,Simbad,260.5015,-36.7265
2G0029616-0005086,2G0029616-0005086,2.9617,-0.0509,0.09,0.42,0.38,0.4,0.15,17,99,0.46,0.35,0.33,R,,1G002962-000501,G002.961-00.053,,CN36,Simbad,268.1762,-26.4232
2G2993444-0026534,2G2993444-0026534,299.3445,-0.2653,0.35,1.34,0.96,1.17,0.16,22,108,0.7,,0.16,C,,1G299342-002685,G299.349-00.267,4.2,,Simbad,184.9602,-62.9168
2G3269599-0057718,2G3269599-0057718,326.96,-0.5772,0.14,0.69,0.6,0.65,0.12,6,103,0.51,0.15,0.2,R,,1G326959-005761,G326.960-00.578,,,Simbad,237.8369,-54.8273
2G3320002-0011482,2G3320002-0011482,332.0003,-0.1148,0.17,0.62,0.53,0.58,0.16,68,104,0.52,0.24,0.3,R,,1G332001-001168,G332.002-00.115,,,Simbad,243.6232,-51.1506
2G0404215-0005285,2G0404215-0005285,40.4215,-0.0529,0.57,1.16,0.98,1.07,0.44,51,102,0.53,0.32,0.42,R,,1G040421-000493,G040.418-00.055,,N77,Simbad,286.3374,6.6374
2G0230122-0041968,2G0230122-0041968,23.0123,-0.4197,0.09,0.31,0.27,0.29,0.06,1,100,0.46,0.24,0.19,R,,1G023012-004196,G023.011-00.421,,,Simbad,278.6772,-9.0126
2G3545878+0000560,2G3545878+0000560,354.5879,0.0056,0.17,1.19,1.12,1.16,0.22,32,109,0.36,0.55,0.64,R,,1G354588+000038,G354.589+00.005,,CS47,Simbad,263.0203,-33.5104
2G3471961-0009438,2G3471961-0009438,347.1962,-0.0944,0.16,0.5,0.39,0.45,0.21,67,85,0.62,0.2,0.23,R,,1G347196-000966,G347.194-00.095,,S9,Simbad,257.8859,-39.65
2G0238802-0034954,2G0238802-0034954,23.8803,-0.3495,0.1,0.49,0.37,0.43,0.23,166,65,0.65,0.27,0.13,R,,1G023881-003497,G023.880-00.350,,,Simbad,279.0181,-8.2096
2G3533075-0028340,2G3533075-0028340,353.3075,-0.2834,0.03,0.48,0.27,0.39,0.02,65,4,0.84,,0.15,C,,1G353308-002838,G353.308-00.285,,,Simbad,262.4626,-34.7391
2G3548945-0022274,2G3548945-0022274,354.8945,-0.2228,0.05,0.32,0.2,0.27,0.04,106,93,0.78,,0.18,C,,1G354895-002223,G354.896-00.222,,CS41,Simbad,263.4501,-33.3779
2G3306743-0038856,2G3306743-0038856,330.6743,-0.3886,0.18,1.21,0.77,1.01,0.29,63,81,0.77,0.5,0.47,R,,1G330676-003859,G330.673-00.388,4.0,S67,Simbad,242.3623,-52.2564
2G3126749+0004753,2G3126749+0004753,312.675,0.0475,0.23,1.53,1.32,1.43,0.23,17,109,0.51,0.32,0.51,R,,1G312675+000465,G312.675+00.048,,S128,Simbad,213.4631,-61.2555
2G3360295-0081987,2G3360295-0081987,336.0296,-0.8199,0.14,0.62,0.5,0.56,0.16,17,111,0.6,0.3,0.28,R,,1G336028-008195,G336.026-00.817,,,Simbad,248.7923,-48.7663
2G0232994-0028212,2G0232994-0028212,23.2995,-0.2821,0.07,0.31,0.26,0.29,0.13,97,145,0.53,0.1,0.2,R,,,G023.299-00.281,,,Simbad,278.6874,-8.6943
2G0351392+0080161,2G0351392+0080161,35.1392,0.8016,0.11,0.41,0.28,0.35,0.06,178,94,0.73,,0.16,C,D,1G035144+008043,G035.136+00.805,,,Simbad,283.1525,2.3299
2G3414356+0038403,2G3414356+0038403,341.4357,0.384,0.3,0.75,0.57,0.66,0.21,176,84,0.65,0.16,0.34,R,,1G341436+003834,G341.438+00.383,,,Simbad,252.6278,-43.9001
2G0453851-0071547,2G0453851-0071547,45.3852,-0.7155,0.91,1.74,1.47,1.61,0.75,17,101,0.54,0.46,0.44,R,,1G045387-007155,G045.391-00.725,8.0,N95,Simbad,289.2546,10.7317
2G3277017+0057211,2G3277017+0057211,327.7018,0.5721,0.7,1.67,1.16,1.43,0.49,23,85,0.72,0.31,0.36,R,,1G327699+005702,G327.714+00.576,,S72,Simbad,237.591,-53.467
2G3351959-0038360,2G3351959-0038360,335.1959,-0.3836,0.11,0.39,0.35,0.37,0.13,81,80,0.48,0.15,0.17,R,,1G335196-003842,G335.195-00.385,,,Simbad,247.4414,-49.0785
2G0496993-0016204,2G0496993-0016204,49.6994,-0.162,0.4,1.79,1.69,1.74,0.31,43,128,0.32,0.51,0.58,R,,1G049699-001620,G049.690-00.166,5.4,N102 N103,Simbad,290.83,14.8009
2G0181899-0039321,2G0181899-0039321,18.19,-0.3932,0.72,2.04,1.5,1.79,0.55,59,86,0.67,0.37,0.56,R,,1G018193-004002,G018.187-00.415,3.6,N21,Simbad,276.3747,-13.2732
2G3331357-0038676,2G3331357-0038676,333.1357,-0.3868,0.17,0.51,0.32,0.43,0.12,12,73,0.78,0.06,0.14,R,,1G333136-003874,G333.134-00.390,,,Simbad,245.213,-50.5542
2G3289984+0095835,2G3289984+0095835,328.9985,0.9584,0.09,0.73,0.63,0.68,0.13,40,78,0.51,,0.36,C,,1G328998+009559,G328.999+00.954,,,Simbad,238.8492,-52.3468
2G3015499+0029716,2G3015499+0029716,301.55,0.2972,0.51,1.06,0.89,0.98,0.29,174,106,0.54,0.28,0.37,R,,1G301551+002993,G301.550+00.301,,S168,Simbad,189.8614,-62.5424
2G0411291-0055587,2G0411291-0055587,41.1292,-0.5559,0.27,1.09,0.91,1.0,0.36,42,84,0.56,0.34,0.28,R,,1G041132-005548,G041.128-00.559,6.4,,Simbad,287.115,7.0345
2G3174608-0034701,2G3174608-0034701,317.4608,-0.347,0.32,1.71,1.58,1.65,0.28,26,96,0.37,0.32,0.46,R,,1G317463-003466,G317.466-00.350,,S106,Simbad,222.7743,-59.7998
2G3344298+0032943,2G3344298+0032943,334.4299,0.3294,0.48,0.41,0.33,0.37,0.18,167,103,0.6,0.18,0.17,R,,1G334429+003344,G334.427+00.331,,,Simbad,245.845,-49.1323
2G3477699+0014587,2G3477699+0014587,347.77,0.1459,0.44,1.42,1.27,1.35,0.28,81,104,0.46,0.08,0.15,R,,1G347784+001552,G347.770+00.144,,,Simbad,258.0728,-39.0449
2G0502691-0043579,2G0502691-0043579,50.2692,-0.4358,0.21,0.3,0.23,0.26,0.11,28,73,0.64,0.18,0.12,R,,1G050269-004353,G050.270-00.435,,,Simbad,291.3589,15.1732
2G3532799-0047782,2G3532799-0047782,353.28,-0.4778,0.29,1.1,0.87,0.99,0.39,33,114,0.61,0.2,0.4,R,,1G353280-004780,G353.277-00.480,,CS58,Simbad,262.6418,-34.8691
2G0239807-0010951,2G0239807-0010951,23.9808,-0.1095,0.07,0.36,0.32,0.34,0.05,36,116,0.49,0.16,0.25,R,,1G023982-001096,G023.980-00.110,10.7,,Simbad,278.8496,-8.01
2G0058066-0042326,2G0058066-0042326,5.8067,-0.4233,0.08,0.27,0.19,0.23,0.06,60,39,0.7,,0.15,C,,,G005.806-00.423,,,Simbad,270.1134,-24.1506
2G3141868+0027239,2G3141868+0027239,314.1869,0.2724,1.08,2.17,1.56,1.89,0.71,15,75,0.7,0.1,0.43,R,,1G314188+002795,G314.184+00.265,5.9,S118,Simbad,216.24,-60.5394
2G3381041+0002124,2G3381041+0002124,338.1042,0.0213,0.1,0.36,0.32,0.34,0.07,43,108,0.46,0.2,0.29,R,,1G338104+000214,G338.106+00.020,,,Simbad,249.9309,-46.6628
2G3277736-0065770,2G3277736-0065770,327.7737,-0.6577,0.71,2.21,2.01,2.11,0.59,17,106,0.42,0.2,0.22,R,,1G327776-006555,G327.769-00.656,,,Simbad,239.0097,-54.3723
2G0398751-0017578,2G0398751-0017578,39.8751,-0.1758,0.11,0.36,0.28,0.32,0.07,65,92,0.61,0.11,0.35,R,,1G039874-001737,G039.873-00.177,9.0,,Simbad,286.1949,6.0955
2G3412823-0034503,2G3412823-0034503,341.2823,-0.345,0.74,2.16,1.7,1.94,0.52,33,97,0.62,0.26,0.61,R,,1G341283-003407,G341.283-00.353,,S23,Simbad,253.2761,-44.4823
2G3345243+0081588,2G3345243+0081588,334.5244,0.8159,0.69,2.0,1.77,1.89,0.44,18,140,0.46,0.47,0.32,R,,1G334525+008255,G334.521+00.818,,S44,Simbad,245.4217,-48.7221
2G3266132-0050101,2G3266132-0050101,326.6132,-0.501,0.58,2.61,1.77,2.23,0.32,64,48,0.74,,0.18,C,,1G326607-004680,,,,Simbad,237.2836,-54.985
2G3325465-0014396,2G3325465-0014396,332.5465,-0.144,0.37,1.31,0.95,1.14,0.27,47,113,0.69,0.07,0.31,R,,1G332547-001436,G332.554-00.153,,,Simbad,244.281,-50.7934
2G0299528-0081080,2G0299528-0081080,29.9528,-0.8108,0.29,0.95,0.68,0.82,0.15,2,132,0.7,0.17,0.27,R,,1G029952-008076,G029.950-00.809,,,Simbad,282.2225,-3.021
2G0138344+0018400,2G0138344+0018400,13.8344,0.184,0.34,1.28,1.21,1.24,0.3,37,108,0.32,0.12,0.29,R,,1G013841+001963,G013.833+00.182,,,Simbad,273.7189,-16.8411
2G0535477-0001400,2G0535477-0001400,53.5477,-0.014,1.18,2.72,2.18,2.47,0.76,32,93,0.6,0.31,0.39,R,,1G053551-000082,G053.541-00.011,,N115,Simbad,292.606,18.2554
2G0181388-0027791,2G0181388-0027791,18.1389,-0.2779,0.97,2.14,1.51,1.85,0.53,81,133,0.71,0.16,0.34,R,,1G018141-002783,G018.144-00.281,4.2,,Simbad,276.2455,-13.2646
2G0230370-0039752,2G0230370-0039752,23.037,-0.3975,0.25,1.9,1.67,1.79,0.2,84,122,0.48,0.16,0.36,R,,1G023041-003990,G023.041-00.399,4.6,,Simbad,278.6688,-8.9804
2G3001310-0010686,2G3001310-0010686,300.1311,-0.1069,0.48,2.14,1.46,1.83,0.45,7,77,0.73,0.26,0.3,R,,1G300134-001035,G300.134-00.100,,,Simbad,186.7134,-62.8449
2G3179347-0072052,2G3179347-0072052,317.9348,-0.7205,1.21,1.71,1.08,1.43,0.57,20,83,0.77,0.05,0.13,R,,,,,,Simbad,223.9525,-59.9189
2G3192314+0023112,2G3192314+0023112,319.2314,0.2311,0.79,1.84,1.53,1.69,0.46,79,140,0.56,0.4,0.58,R,,1G319230+002277,G319.229+00.225,,S99,Simbad,225.3182,-58.4705
2G0182351-0024610,2G0182351-0024610,18.2352,-0.2461,0.31,0.68,0.53,0.61,0.19,21,62,0.61,,0.17,C,,1G018235-002470,G018.230-00.250,,,Simbad,276.2628,-13.1646
2G0120000-0023993,2G0120000-0023993,12.0,-0.2399,0.85,1.88,1.23,1.59,0.44,51,89,0.75,0.2,0.55,R,,1G011998-002399,G011.995-00.246,,,Simbad,273.1878,-18.6546
2G3075879-0032024,2G3075879-0032024,307.5879,-0.3202,1.06,2.8,2.29,2.56,0.67,11,80,0.57,0.05,0.22,R,,,,,,Simbad,203.0958,-62.8212
2G3534113-0037651,2G3534113-0037651,353.4114,-0.3765,0.66,1.77,1.39,1.59,0.39,9,102,0.62,0.08,0.06,C,,1G353405-003705,G353.408-00.381,,CS55,Simbad,262.6268,-34.7037
2G3503308+0015205,2G3503308+0015205,350.3308,0.1521,0.27,1.62,1.1,1.39,0.23,29,67,0.73,0.14,0.08,R,,,G350.340+00.164,,CS105,Simbad,259.9542,-36.9567
2G3026317-0066810,2G3026317-0066810,302.6317,-0.6681,0.06,1.0,0.67,0.85,0.06,107,74,0.74,,0.22,C,,1G302634-006686,G302.636-00.672,,,Simbad,192.1858,-63.5383
2G0299071-0002309,2G0299071-0002309,29.9071,-0.0231,0.16,0.89,0.63,0.78,0.1,178,49,0.7,,0.21,C,,,G029.901-00.029,,,Simbad,281.4998,-2.7023
2G3472293+0001508,2G3472293+0001508,347.2294,0.0151,0.07,0.67,0.44,0.57,0.06,29,51,0.76,,0.34,C,,1G347230+000152,G347.236+00.013,,,Simbad,257.7968,-39.5585
2G0070380+0017581,2G0070380+0017581,7.0381,0.1758,0.22,0.66,0.52,0.6,0.28,18,88,0.62,0.33,0.29,R,,1G007039+001763,G007.039+00.175,,CN93,Simbad,270.2124,-22.7842
2G0144796-0000319,2G0144796-0000319,14.4797,-0.0032,0.13,0.36,0.34,0.35,0.08,32,86,0.32,0.28,0.16,R,,1G014480-000009,G014.478-00.006,,,Simbad,274.2114,-16.3628
2G0272783+0016122,2G0272783+0016122,27.2784,0.1612,0.31,0.68,0.58,0.64,0.32,36,80,0.52,0.2,0.3,R,,1G027279+001615,G027.279+00.160,12.5,,Simbad,280.1311,-4.9561
2G0522057+0075080,2G0522057+0075080,52.2057,0.7508,0.26,0.88,0.75,0.82,0.2,52,129,0.53,0.42,0.49,R,,1G052204+007513,G052.201+00.752,9.9,N111,Simbad,291.2273,17.4407
2G3314978-0049293,2G3314978-0049293,331.4979,-0.4929,0.33,0.43,0.31,0.38,0.16,38,103,0.68,0.09,0.08,C,,1G331499-004917,G331.500-00.491,,,Simbad,243.4562,-51.7707
2G0362810+0072179,2G0362810+0072179,36.281,0.7218,1.06,2.39,1.56,2.02,0.45,156,140,0.76,0.09,0.34,R,,1G036269+007047,G036.267+00.697,5.1,,Simbad,283.7448,3.3097
2G3344004-0052239,2G3344004-0052239,334.4005,-0.5224,0.13,0.46,0.38,0.43,0.14,47,108,0.57,0.38,0.26,R,,1G334401-005223,G334.400-00.523,,,Simbad,246.7499,-49.7489
2G3499991+0042796,2G3499991+0042796,349.9992,0.428,0.28,0.34,0.27,0.31,0.14,23,83,0.6,0.15,0.12,R,,,G350.001+00.429,,CS113,Simbad,259.4328,-37.0694
2G3033417-0071856,2G3033417-0071856,303.3417,-0.7186,0.16,0.63,0.56,0.59,0.21,39,105,0.45,0.38,0.34,R,,1G303341-007180,G303.342-00.718,,S165,Simbad,193.7806,-63.5874
2G3292653+0004730,2G3292653+0004730,329.2654,0.0473,0.15,0.3,0.21,0.25,0.1,20,96,0.71,0.23,0.21,R,,1G329266+000480,G329.265+00.046,,,Simbad,240.1551,-52.8688
2G3137580-0085346,2G3137580-0085346,313.758,-0.8535,0.21,0.47,0.37,0.42,0.25,1,87,0.63,0.07,0.1,C,,1G313758-008552,G313.760-00.860,,,Simbad,216.2324,-61.7442
2G3516917+0066682,2G3516917+0066682,351.6917,0.6668,1.12,2.25,1.86,2.06,0.98,60,106,0.56,0.22,0.25,R,,1G351691+006676,G351.693+00.671,,CS78,Simbad,260.3932,-35.5455
2G0596230-0022229,2G0596230-0022229,59.623,-0.2223,0.19,0.7,0.59,0.65,0.19,34,95,0.54,0.06,0.13,R,,,G059.623-00.222,,,Simbad,295.9815,23.4527
2G0437736+0005975,2G0437736+0005975,43.7737,0.0598,0.17,1.51,1.47,1.49,0.13,51,87,0.21,0.25,0.65,R,,1G043775+000606,G043.774+00.057,6.1,N90,Simbad,287.7966,9.6646
2G3217772-0064826,2G3217772-0064826,321.7772,-0.6483,0.42,0.77,0.6,0.69,0.2,22,97,0.61,0.05,0.2,R,,1G321777-006467,G321.777-00.647,,,Simbad,230.326,-57.9284
2G3482572+0048076,2G3482572+0048076,348.2572,0.4808,0.91,4.26,3.81,4.04,0.77,28,97,0.45,0.27,0.57,R,,1G348260+004774,G348.261+00.485,,S7,Simbad,258.0938,-38.4539
2G3488595-0017022,2G3488595-0017022,348.8595,-0.1702,0.09,0.41,0.38,0.4,0.06,44,93,0.41,0.2,0.25,R,,1G348860-001698,G348.858-00.167,,,Simbad,259.2169,-38.3452
2G0388396+0049795,2G0388396+0049795,38.8396,0.498,0.23,0.62,0.47,0.55,0.24,18,98,0.64,0.25,0.23,R,,1G038839+004990,G038.840+00.495,18.2,,Simbad,285.1161,5.4837
2G0434330+0051745,2G0434330+0051745,43.433,0.5175,0.07,0.46,0.37,0.42,0.04,63,74,0.59,,0.53,C,,1G043434+005189,G043.432+00.516,13.6,,Simbad,287.2253,9.5737
2G3563247-0023492,2G3563247-0023492,356.3247,-0.2349,0.1,0.39,0.28,0.34,0.08,5,142,0.7,0.2,0.33,R,,1G356325-002346,G356.325-00.234,,CS31,Simbad,264.3805,-32.1805
2G0243585+0004866,2G0243585+0004866,24.3586,0.0487,0.27,0.81,0.65,0.74,0.14,51,109,0.61,0.12,0.25,R,,1G024360+000496,G024.356+00.048,7.7,,Simbad,278.8833,-7.6018
2G3310598-0023125,2G3310598-0023125,331.0599,-0.2313,0.21,0.67,0.41,0.56,0.12,74,73,0.79,,0.17,C,,1G331057-002239,G331.057-00.229,,,Simbad,242.6497,-51.8793
2G3283522-0055723,2G3283522-0055723,328.3522,-0.5572,0.12,0.57,0.51,0.54,0.11,53,97,0.47,,0.35,C,,1G328354-005568,G328.356-00.559,,,Simbad,239.6535,-53.9223
2G0514017-0088969,2G0514017-0088969,51.4018,-0.8897,0.14,0.63,0.5,0.57,0.19,1,145,0.61,0.14,0.12,R,,1G051401-008889,G051.401-00.890,5.3,,Simbad,292.3334,15.9524
2G3514785-0047276,2G3514785-0047276,351.4786,-0.4728,0.36,1.07,0.79,0.94,0.25,41,102,0.67,0.16,0.19,R,,1G351473-004628,,,CS84,Simbad,261.4067,-36.3647
2G3335004-0027732,2G3335004-0027732,333.5005,-0.2773,0.14,1.15,1.11,1.13,0.13,36,84,0.26,0.16,0.39,R,,1G333501-002775,G333.497-00.275,,S46,Simbad,245.4969,-50.2191
2G3394769+0018088,2G3394769+0018088,339.477,0.1809,0.23,0.65,0.54,0.6,0.17,2,124,0.56,0.25,0.4,R,,1G339477+001818,G339.478+00.181,,,Simbad,251.0633,-45.5256
2G3239159+0003227,2G3239159+0003227,323.916,0.0323,0.16,0.45,0.36,0.41,0.21,92,88,0.61,0.18,0.36,R,,1G323916+000320,G323.915+00.026,,S84,Simbad,232.8947,-56.1714
2G3237415-0025097,2G3237415-0025097,323.7416,-0.251,0.08,0.51,0.48,0.5,0.06,55,50,0.31,,0.29,C,,1G323742-002493,G323.743-00.249,,,Simbad,232.9295,-56.5035
2G0309120+0016150,2G0309120+0016150,30.9121,0.1615,0.15,0.55,0.48,0.52,0.1,48,122,0.46,0.19,0.21,R,,1G030912+001614,G030.906+00.161,7.3,,Simbad,281.7944,-1.7239
2G3199385-0016834,2G3199385-0016834,319.9385,-0.1683,0.06,0.37,0.23,0.31,0.05,96,79,0.8,,0.16,C,,1G319940-001685,G319.940-00.169,,,Simbad,226.8712,-58.4743
2G3324126-0049869,2G3324126-0049869,332.4126,-0.4987,0.46,0.71,0.47,0.6,0.23,35,46,0.76,,0.15,C,,,G332.412-00.505,,,Simbad,244.5211,-51.1411
2G0074127+0068943,2G0074127+0068943,7.4127,0.6894,1.79,3.67,2.8,3.27,1.14,17,100,0.65,0.26,0.45,R,,1G007439+007066,G007.443+00.704,,CN99,Simbad,269.9313,-22.204
2G0099442-0075522,2G0099442-0075522,9.9443,-0.7552,1.23,3.11,2.41,2.78,0.88,23,116,0.63,0.33,0.56,R,,1G009945-007443,G009.942-00.761,,CN139,Simbad,272.617,-20.7045
2G3007986-0030223,2G3007986-0030223,300.7986,-0.3022,0.3,1.16,0.91,1.04,0.18,13,97,0.62,0.25,0.41,R,,1G300802-003014,G300.804-00.302,,S170,Simbad,188.1408,-63.0957
2G0252920+0029468,2G0252920+0029468,25.292,0.2947,0.19,2.06,1.21,1.69,0.16,9,124,0.81,0.31,0.28,R,,1G025291+002939,G025.286+00.298,2.9,N37,Simbad,279.0958,-6.6598
2G0438890-0079970,2G0438890-0079970,43.889,-0.7997,0.11,0.45,0.37,0.41,0.09,102,120,0.58,0.2,0.46,R,,,G043.887-00.800,3.9,,Simbad,288.623,9.3684
2G0251554+0006116,2G0251554+0006116,25.1554,0.0612,0.13,0.49,0.38,0.44,0.21,32,77,0.64,0.2,0.18,R,,1G025155+000609,G025.155+00.059,,,Simbad,279.2414,-6.8885
2G0347438-0010159,2G0347438-0010159,34.7438,-0.1016,0.07,0.32,0.19,0.26,0.07,174,58,0.81,,0.19,C,,,G034.744-00.102,,,Simbad,283.7763,1.5661
2G0188829+0004768,2G0188829+0004768,18.8829,0.0477,0.25,0.75,0.6,0.68,0.23,27,73,0.61,0.2,0.16,R,,,G018.884+00.049,,,Simbad,276.3068,-12.4546
2G3317864-0013295,2G3317864-0013295,331.7865,-0.133,0.23,0.45,0.33,0.4,0.13,22,129,0.67,0.12,0.11,R,,,G331.786-00.133,,,Simbad,243.3955,-51.311
2G0191336-0064740,2G0191336-0064740,19.1336,-0.6474,0.09,0.41,0.32,0.37,0.07,15,70,0.62,0.15,0.38,R,,1G019134-006476,G019.134-00.648,,,Simbad,277.0564,-12.5567
2G0611390-0089689,2G0611390-0089689,61.1391,-0.8969,0.36,1.49,1.08,1.3,0.21,170,85,0.69,,0.42,C,,1G061141-008957,G061.144-00.891,8.3,,Simbad,297.4541,24.4232
2G0123353-0011565,2G0123353-0011565,12.3353,-0.1157,0.22,0.5,0.35,0.43,0.09,74,136,0.72,0.08,0.2,R,,1G012335-001147,G012.333-00.120,,,Simbad,273.2425,-18.3008
2G0187437+0025118,2G0187437+0025118,18.7438,0.2512,0.16,0.91,0.59,0.77,0.13,14,77,0.76,0.13,0.33,R,,1G018743+002521,G018.741+00.250,14.2,,Simbad,276.0559,-12.4824
2G3563404-0009054,2G3563404-0009054,356.3405,-0.0905,0.26,0.34,0.24,0.29,0.21,65,102,0.72,0.07,0.12,C,,,G356.340-00.092,,,Simbad,264.2466,-32.0897
2G3217383-0065528,2G3217383-0065528,321.7384,-0.6553,0.17,0.55,0.37,0.47,0.17,38,62,0.75,0.25,0.19,R,,1G321739-006553,G321.738-00.658,,,Simbad,230.2716,-57.9553
2G0303771+0011228,2G0303771+0011228,30.3771,0.1123,0.17,0.42,0.35,0.39,0.16,20,113,0.56,0.22,0.21,R,,1G030377+001120,G030.377+00.106,7.3,,Simbad,281.5939,-2.2224
2G0336366+0017564,2G0336366+0017564,33.6366,0.1756,0.11,0.64,0.39,0.53,0.11,96,102,0.79,0.19,0.37,R,,1G033637+001752,G033.636+00.174,,,Simbad,283.0245,0.7072
2G0338150-0014899,2G0338150-0014899,33.815,-0.149,0.18,0.68,0.6,0.64,0.27,50,96,0.46,0.31,0.33,R,,1G033815-001494,G033.813-00.150,10.8,N60,Simbad,283.3948,0.718
2G3311563-0039319,2G3311563-0039319,331.1564,-0.3932,0.36,1.16,0.96,1.06,0.4,50,90,0.56,0.14,0.49,R,,1G331155-003928,G331.156-00.391,,,Simbad,242.943,-51.9321
2G3108874+0001000,2G3108874+0001000,310.8875,0.01,0.11,0.46,0.37,0.42,0.15,36,96,0.59,0.26,0.22,R,,1G310888+000101,G310.887+00.009,5.6,S139,Simbad,209.8933,-61.8048
2G0242151-0004410,2G0242151-0004410,24.2152,-0.0441,0.03,0.37,0.34,0.36,0.02,160,68,0.43,,0.27,C,,1G024216-000411,G024.217-00.044,10.4,N33,Simbad,278.8999,-7.7718
2G3541811-0005086,2G3541811-0005086,354.1811,-0.0509,0.65,2.21,1.95,2.09,0.66,56,87,0.47,0.49,0.58,R,,1G354182-000528,G354.175-00.062,,CS51,Simbad,262.8093,-33.8816
2G3563564+0022797,2G3563564+0022797,356.3564,0.228,0.26,0.77,0.63,0.7,0.32,57,99,0.58,0.24,0.28,R,,1G356354+002249,G356.351+00.223,,CS28,Simbad,263.9403,-31.9048
2G3111888+0075129,2G3111888+0075129,311.1889,0.7513,0.15,0.74,0.65,0.7,0.25,126,129,0.46,0.21,0.29,R,D,1G311190+007536,G311.187+00.748,,S136,Simbad,210.0948,-61.0104
2G3392111+0008659,2G3392111+0008659,339.2111,0.0866,0.3,0.42,0.29,0.36,0.17,159,88,0.74,0.04,0.08,C,,,G339.209+00.086,,,Simbad,250.9162,-45.7883
2G0188910-0034104,2G0188910-0034104,18.891,-0.341,2.1,12.33,7.86,10.34,2.17,62,116,0.77,0.1,0.34,R,P,1G018908-003146,G018.914-00.329,,N24,Simbad,276.6628,-12.6288
2G0167843+0004349,2G0167843+0004349,16.7843,0.0435,0.05,0.34,0.26,0.3,0.05,10,101,0.66,0.32,0.31,R,,1G016784+000466,G016.783+00.042,,,Simbad,275.299,-14.3102
2G0102306-0030517,2G0102306-0030517,10.2307,-0.3052,0.27,0.95,0.89,0.92,0.2,29,146,0.36,0.14,0.28,R,,1G010230-003044,G010.227-00.303,,N1 CN146,Simbad,272.3442,-20.2363
2G0132128-0014100,2G0132128-0014100,13.2128,-0.141,0.25,0.57,0.42,0.5,0.21,147,121,0.69,0.34,0.27,R,,1G013213-001410,G013.215-00.145,,,Simbad,273.7072,-17.5424
2G0248361+0009362,2G0248361+0009362,24.8361,0.0936,1.09,3.15,1.83,2.57,0.64,32,83,0.81,0.28,0.4,R,,1G024839+000964,G024.844+00.093,6.3,N36,Simbad,279.0646,-7.1571
2G0421121-0044277,2G0421121-0044277,42.1121,-0.4428,0.16,0.49,0.41,0.45,0.28,18,104,0.55,0.39,0.42,R,D,,G042.111-00.444,8.9,N83,Simbad,287.4709,7.9588
2G0610541-0082580,2G0610541-0082580,61.0542,-0.8258,0.15,0.6,0.51,0.55,0.11,19,112,0.52,0.17,0.25,R,,1G061055-008256,G061.053-00.825,,,Simbad,297.3395,24.3862
2G3368706-0037659,2G3368706-0037659,336.8707,-0.3766,0.09,0.43,0.31,0.37,0.06,7,74,0.69,0.2,0.29,R,,1G336871-003769,G336.871-00.377,,,Simbad,249.152,-47.8462
2G0127962-0032618,2G0127962-0032618,12.7962,-0.3262,0.09,0.27,0.24,0.26,0.07,59,66,0.45,0.19,0.2,R,,1G012796-003264,G012.795-00.326,,,Simbad,273.6691,-17.9969
2G3348431+0021389,2G3348431+0021389,334.8431,0.2139,0.11,0.37,0.31,0.34,0.13,49,95,0.55,0.23,0.38,R,,1G334844+002143,G334.842+00.213,,,Simbad,246.4123,-48.9185
2G3054377-0023012,2G3054377-0023012,305.4377,-0.2301,0.13,0.34,0.27,0.31,0.09,28,92,0.63,0.12,0.19,R,,1G305439-002312,G305.439-00.232,,S151,Simbad,198.3846,-62.9943
2G3330194+0074870,2G3330194+0074870,333.0194,0.7487,0.05,0.13,0.12,0.12,0.05,71,73,0.39,0.08,0.33,R,,,G333.019+00.747,3.3,,Simbad,243.8448,-49.8224
2G3125372+0006136,2G3125372+0006136,312.5372,0.0614,0.11,0.35,0.27,0.31,0.08,56,101,0.65,0.16,0.21,R,,1G312538+000614,G312.536+00.064,,S129,Simbad,213.1816,-61.2852
2G3236001+0000206,2G3236001+0000206,323.6001,0.0021,0.24,0.7,0.61,0.66,0.21,164,59,0.49,0.06,0.14,R,,,G323.602+00.000,,,Simbad,232.4582,-56.3763
2G0521588+0070923,2G0521588+0070923,52.1588,0.7092,0.13,0.59,0.48,0.54,0.11,57,91,0.59,0.35,0.46,R,,1G052159+007094,G052.160+00.708,10.0,N110,Simbad,291.2424,17.3797
2G3272357-0023864,2G3272357-0023864,327.2358,-0.2386,0.14,0.58,0.42,0.51,0.18,176,84,0.69,0.24,0.22,R,,1G327236-002383,G327.237-00.238,,,Simbad,237.8393,-54.3906
2G3372801-0016153,2G3372801-0016153,337.2801,-0.1615,0.07,0.36,0.2,0.29,0.03,27,12,0.83,,0.16,C,,1G337281-001616,G337.281-00.163,,,Simbad,249.3233,-47.3984
2G0128886-0004544,2G0128886-0004544,12.8887,-0.0454,0.14,0.53,0.41,0.47,0.09,59,127,0.64,0.22,0.26,R,,1G012888-000434,G012.887-00.048,,N9,Simbad,273.4564,-17.7814
2G0320983+0009116,2G0320983+0009116,32.0984,0.0912,0.16,0.99,0.79,0.89,0.17,31,112,0.61,0.49,0.06,R,,1G032099+000921,G032.099+00.089,8.5,N55,Simbad,282.3982,-0.7002
2G0509273-0070122,2G0509273-0070122,50.9273,-0.7012,0.61,1.29,0.89,1.11,0.52,16,111,0.72,0.18,0.13,R,,1G050928-007067,G050.927-00.709,,,Simbad,291.9257,15.6257
2G3133165-0046181,2G3133165-0046181,313.3165,-0.4618,0.23,0.59,0.5,0.55,0.22,12,107,0.55,0.14,0.07,R,,1G313317-004625,G313.315-00.462,,,Simbad,215.0758,-61.5288
2G0126401+0009829,2G0126401+0009829,12.6402,0.0983,0.08,0.27,0.23,0.25,0.06,34,64,0.57,0.24,0.21,R,,1G012641+000994,G012.640+00.098,,,Simbad,273.1988,-17.9306
2G3327494+0067420,2G3327494+0067420,332.7495,0.6742,0.48,1.11,0.78,0.96,0.31,90,82,0.72,0.07,0.18,R,,1G332748+006738,G332.744+00.674,,,Simbad,243.6214,-50.0626
2G3450602-0074522,2G3450602-0074522,345.0602,-0.7452,1.99,7.97,5.75,6.95,1.46,67,154,0.69,0.17,0.41,R,,1G345072-007685,G345.094-00.779,,S13,Simbad,256.8985,-41.7537
2G3368212-0028351,2G3368212-0028351,336.8212,-0.2835,0.1,0.56,0.31,0.45,0.05,136,38,0.83,,0.22,C,,1G336821-002829,G336.822-00.283,,,Simbad,248.9998,-47.8202
2G3180641-0008318,2G3180641-0008318,318.0642,-0.0832,0.08,0.34,0.3,0.32,0.15,23,95,0.44,0.27,0.14,R,,1G318064-000850,G318.063-00.083,,S102,Simbad,223.6039,-59.293
2G3372869-0011177,2G3372869-0011177,337.287,-0.1118,0.12,0.34,0.27,0.31,0.09,176,89,0.61,0.18,0.2,R,,1G337287-001131,G337.285-00.113,,,Simbad,249.2757,-47.3599
2G0189760+0002778,2G0189760+0002778,18.9761,0.0278,1.44,3.31,2.79,3.06,0.7,38,110,0.54,0.16,0.39,R,,1G018980+000304,G018.978+00.030,4.0,,Simbad,276.3694,-12.3815
2G0288151+0019400,2G0288151+0019400,28.8151,0.194,0.16,0.42,0.3,0.37,0.09,29,80,0.7,0.13,0.35,R,,1G028816+001936,G028.816+00.191,,,Simbad,280.8068,-3.5746
2G3313438+0057067,2G3313438+0057067,331.3439,0.5707,0.33,1.1,0.89,1.0,0.31,19,81,0.59,0.27,0.14,R,,1G331343+005697,,,S60,Simbad,242.1134,-51.0968
