,MWP,GLON,GLAT,Disp,MajAxis,MinAxis,Reff,e_Reff,theta,e_theta,Ecc,HR2,HR3,RelFlag,HierFlag,IDDR1,IDA14,Dist,IDCW,Simbad,_RA.icrs,_DE.icrs
2G3425472-0098003,2G3425472-0098003,342.5473,-0.98,0.14,1.01,0.81,0.92,0.11,173,128,0.61,0.18,0.14,R,,,G342.547-00.984,,,Simbad,255.0697,-43.8914
2G3178410+0015146,2G3178410+0015146,317.841,0.1515,0.75,1.3,0.93,1.13,0.34,42,84,0.7,,0.2,C,,,,,,Simbad,223.0074,-59.1841
2G3200982+0074342,2G3200982+0074342,320.0982,0.7434,0.11,0.45,0.3,0.38,0.11,14,134,0.74,0.06,0.35,R,,1G320098+007437,G320.098+00.744,,,Simbad,226.2826,-57.6027
2G3472593+0002260,2G3472593+0002260,347.2593,0.0226,0.54,0.65,0.46,0.56,0.17,45,70,0.7,0.05,0.07,C,,,G347.266+00.020,,,Simbad,257.8119,-39.5299
2G3479792-0046395,2G3479792-0046395,347.9792,-0.464,0.53,2.18,1.58,1.9,0.3,47,59,0.69,,0.23,C,,1G347977-004626,,,,Simbad,258.8682,-39.2325
2G3381470-0017495,2G3381470-0017495,338.147,-0.1749,0.49,1.85,1.47,1.67,0.24,72,117,0.61,0.12,0.1,R,,1G338135-001755,,,,Simbad,250.1864,-46.761
2G0528558-0053213,2G0528558-0053213,52.8558,-0.5321,2.05,5.35,4.61,4.99,1.27,39,112,0.51,0.09,0.26,R,,1G052845-005363,G052.799-00.534,,,Simbad,292.734,17.3996
2G0395847+0000573,2G0395847+0000573,39.5848,0.0057,0.08,0.3,0.23,0.27,0.1,85,56,0.66,,0.13,C,,,G039.585+00.005,,,Simbad,285.8988,5.9208
2G3575595-0055622,2G3575595-0055622,357.5596,-0.5562,0.16,0.41,0.3,0.36,0.18,37,132,0.69,0.11,0.16,R,,1G357560-005549,G357.561-00.556,,,Simbad,265.4729,-31.3058
2G0392914-0032619,2G0392914-0032619,39.2914,-0.3262,0.16,0.66,0.56,0.61,0.13,33,180,0.52,0.19,0.3,R,,1G039292-003259,G039.288-00.326,,,Simbad,286.0601,5.5079
2G3397854+0024403,2G3397854+0024403,339.7855,0.244,0.21,1.03,0.93,0.98,0.17,53,138,0.44,0.14,0.53,R,,1G339784+002461,G339.781+00.243,,,Simbad,251.2822,-45.2507
2G0162898-0016807,2G0162898-0016807,16.2898,-0.1681,0.34,1.84,1.29,1.59,0.25,71,60,0.71,,0.37,C,,1G016297-001733,G016.285-00.171,4.1,,Simbad,275.2513,-14.8461
2G0433057-0008887,2G0433057-0008887,43.3058,-0.0889,0.17,0.47,0.38,0.43,0.15,180,64,0.6,0.1,0.18,R,,1G043306-000863,G043.306-00.090,,,Simbad,287.711,9.181
2G0185209+0031119,2G0185209+0031119,18.521,0.3112,0.02,0.15,0.14,0.15,0.04,86,68,0.39,,0.18,C,,,G018.521+00.310,,,Simbad,275.8947,-12.6512
2G3497331+0017231,2G3497331+0017231,349.7332,0.1723,0.36,0.92,0.68,0.81,0.4,36,62,0.67,,0.17,C,,1G349728+001723,G349.728+00.168,20.0,,Simbad,259.5024,-37.4342
2G3015057+0055376,2G3015057+0055376,301.5057,0.5538,0.5,1.09,0.86,0.98,0.34,44,102,0.62,0.15,0.23,R,,1G301505+005543,G301.504+00.560,,,Simbad,189.7919,-62.284
2G0254576-0021642,2G0254576-0021642,25.4577,-0.2164,0.1,0.41,0.27,0.35,0.11,6,51,0.74,0.15,0.16,R,,,,,,Simbad,279.6296,-6.7473
2G0238487-0012684,2G0238487-0012684,23.8487,-0.1268,0.09,0.33,0.23,0.29,0.05,171,49,0.72,,0.28,C,,1G023849-001251,G023.847-00.128,,,Simbad,278.8037,-8.1352
2G0122152-0013792,2G0122152-0013792,12.2152,-0.1379,0.48,1.02,0.82,0.93,0.23,43,110,0.6,0.07,0.08,C,,,G012.217-00.139,,,Simbad,273.2023,-18.4168
2G3123877-0005621,2G3123877-0005621,312.3878,-0.0562,0.23,0.71,0.44,0.59,0.17,74,79,0.78,0.06,0.15,R,,1G312387-000586,G312.388-00.057,,,Simbad,212.9604,-61.443
2G0454228+0005857,2G0454228+0005857,45.4228,0.0586,0.52,1.5,1.23,1.37,0.42,37,112,0.57,0.08,0.24,R,,1G045432+000594,,,,Simbad,288.5747,11.1254
2G3106662-0044965,2G3106662-0044965,310.6662,-0.4497,0.18,0.84,0.73,0.79,0.15,43,122,0.48,0.18,0.25,R,,1G310670-004461,G310.672-00.450,,S140,Simbad,209.6915,-62.3061
2G0246999-0014878,2G0246999-0014878,24.6999,-0.1488,0.09,0.52,0.36,0.45,0.06,137,98,0.72,,0.22,C,,1G024699-001486,G024.700-00.149,,,Simbad,279.2185,-7.3895
2G3353621+0010969,2G3353621+0010969,335.3622,0.1097,0.06,0.37,0.27,0.33,0.04,159,53,0.69,,0.22,C,,1G335362+001103,G335.361+00.110,,,Simbad,247.0734,-48.6177
2G0067923-0001063,2G0067923-0001063,6.7923,-0.0106,0.06,0.66,0.37,0.54,0.09,157,108,0.83,,0.27,C,,,G006.793-00.010,,,Simbad,270.2559,-23.0901
2G0294772+0024159,2G0294772+0024159,29.4773,0.2416,0.14,0.44,0.34,0.39,0.07,30,55,0.64,,0.17,C,,1G029477+002419,G029.477+00.240,,,Simbad,281.0675,-2.9638
2G0318155-0012045,2G0318155-0012045,31.8156,-0.1205,0.34,1.0,0.76,0.89,0.19,161,99,0.66,,0.2,C,,1G031815-001194,G031.806-00.115,,,Simbad,282.4577,-1.0484
2G0305465+0001398,2G0305465+0001398,30.5466,0.014,0.07,0.26,0.21,0.24,0.04,41,59,0.6,,0.32,C,,,G030.547+00.014,11.4,,Simbad,281.7589,-2.1164
2G0378828-0040196,2G0378828-0040196,37.8829,-0.402,0.07,0.35,0.33,0.34,0.05,55,36,0.35,,0.19,C,,,,,,Simbad,285.48,4.2212
2G0281564-0003288,2G0281564-0003288,28.1564,-0.0329,0.09,0.39,0.35,0.37,0.08,13,102,0.45,0.13,0.14,R,,1G028156-000267,G028.156-00.031,,,Simbad,280.7073,-4.2642
2G3115981-0063362,2G3115981-0063362,311.5981,-0.6336,0.1,0.39,0.25,0.33,0.07,63,23,0.76,,0.18,C,,1G311600-006345,G311.597-00.635,14.7,,Simbad,211.7259,-62.2288
2G3168831-0046886,2G3168831-0046886,316.8831,-0.4689,0.31,2.27,1.57,1.95,0.31,56,125,0.72,,0.14,C,,,G316.892-00.471,,,Simbad,221.8426,-60.1622
2G3311077+0002795,2G3311077+0002795,331.1077,0.0279,0.13,1.15,1.03,1.09,0.13,42,72,0.45,0.21,0.45,R,,1G331107+000278,G331.105+00.024,,S63,Simbad,242.4222,-51.6565
2G3251006+0005285,2G3251006+0005285,325.1006,0.0529,1.51,4.12,3.37,3.76,0.86,62,103,0.57,0.2,0.36,R,,1G325102+000578,G325.108+00.053,,,Simbad,234.5873,-55.4646
2G0119439-0015739,2G0119439-0015739,11.9439,-0.1574,0.27,0.59,0.35,0.49,0.09,146,126,0.8,0.11,0.12,R,,1G011945-001577,G011.948-00.161,,,Simbad,273.083,-18.6642
2G0227298-0023756,2G0227298-0023756,22.7299,-0.2376,0.1,0.53,0.34,0.45,0.06,42,44,0.77,,0.14,C,,1G022733-002335,G022.730-00.239,,,Simbad,278.3817,-9.1793
2G0449090-0072669,2G0449090-0072669,44.9091,-0.7267,0.19,0.99,0.67,0.84,0.13,152,92,0.74,,0.18,C,,1G044910-007244,G044.904-00.733,6.0,,Simbad,289.039,10.3054
2G0485393+0046598,2G0485393+0046598,48.5394,0.466,0.56,3.77,3.28,3.53,0.41,22,115,0.49,0.13,0.22,R,,1G048544+004785,G048.542+00.464,,N99,Simbad,289.6944,14.0724
2G3240672-0081811,2G3240672-0081811,324.0672,-0.8181,0.8,4.3,3.46,3.9,0.84,68,144,0.59,0.33,0.38,R,,1G324062-008119,G324.071-00.812,,S82,Simbad,234.0096,-56.7772
2G0247402+0005844,2G0247402+0005844,24.7402,0.0584,0.18,0.99,0.56,0.8,0.09,62,52,0.82,0.08,0.14,R,,1G024743+000618,G024.750+00.063,,,Simbad,279.0516,-7.2585
2G0425302-0054841,2G0425302-0054841,42.5303,-0.5484,0.18,0.69,0.48,0.6,0.1,152,71,0.73,,0.22,C,,1G042526-005558,,,,Simbad,287.7606,8.2809
2G0597617-0003088,2G0597617-0003088,59.7617,-0.0309,0.68,0.81,0.53,0.68,0.44,64,68,0.76,0.07,0.07,C,,,G059.755-00.028,,,Simbad,295.8759,23.6684
2G3461113-0010907,2G3461113-0010907,346.1113,-0.1091,0.14,0.89,0.7,0.8,0.09,54,49,0.61,,0.31,C,,1G346111-001105,G346.112-00.111,,,Simbad,257.0582,-40.531
2G0134369-0023402,2G0134369-0023402,13.4369,-0.234,0.31,0.83,0.57,0.71,0.2,37,123,0.72,0.11,0.2,R,,1G013443-002246,G013.442-00.228,,,Simbad,273.9049,-17.3898
2G0232402-0023377,2G0232402-0023377,23.2402,-0.2338,0.18,0.9,0.87,0.88,0.11,5,63,0.24,,0.14,C,,1G023242-002328,G023.240-00.240,4.8,,Simbad,278.6164,-8.7247
2G3456024-0006257,2G3456024-0006257,345.6025,-0.0626,0.16,0.41,0.31,0.36,0.09,5,58,0.65,,0.13,C,,1G345604-000666,,,,Simbad,256.6061,-40.91
2G3488748+0008391,2G3488748+0008391,348.8748,0.0839,0.08,0.39,0.26,0.33,0.05,135,32,0.74,,0.24,C,,1G348873+000849,G348.874+00.084,,,Simbad,258.9646,-38.1853
2G3118220-0030208,2G3118220-0030208,311.822,-0.3021,0.36,1.52,1.24,1.39,0.2,24,65,0.57,,0.19,C,,1G311826-003009,G311.809-00.309,,,Simbad,211.9781,-61.8467
2G0196278-0011508,2G0196278-0011508,19.6278,-0.1151,0.44,3.34,2.15,2.81,0.41,78,55,0.77,,0.22,C,P,1G019632-001189,G019.629-00.095,11.7,,Simbad,276.8094,-11.8716
2G0361209+0004801,2G0361209+0004801,36.121,0.048,0.32,0.74,0.59,0.67,0.22,62,48,0.61,,0.24,C,,,G036.117+00.050,,,Simbad,284.2721,2.8599
2G0437884-0011662,2G0437884-0011662,43.7885,-0.1166,0.07,0.39,0.36,0.38,0.04,171,104,0.38,,0.27,C,,1G043789-001157,,,,Simbad,287.9621,9.5961
2G3393060+0027124,2G3393060+0027124,339.306,0.2712,0.85,1.82,1.42,1.63,0.48,44,94,0.62,0.22,0.22,R,,1G339299+002904,,,,Simbad,250.8059,-45.5956
2G0494481+0026618,2G0494481+0026618,49.4482,0.2662,0.25,0.47,0.3,0.4,0.2,38,11,0.78,0.07,0.18,R,,1G049449+002655,,,,Simbad,290.3169,14.7812
2G0096133+0020566,2G0096133+0020566,9.6134,0.2057,0.06,0.4,0.27,0.34,0.08,63,67,0.74,0.13,0.45,R,,1G009613+002019,G009.612+00.205,5.2,CN136,Simbad,271.5478,-20.5274
2G3478557-0033029,2G3478557-0033029,347.8558,-0.3303,0.18,0.37,0.3,0.34,0.11,25,109,0.56,0.08,0.31,R,,1G347856-003297,G347.854-00.335,,,Simbad,258.635,-39.2548
2G0385515+0015928,2G0385515+0015928,38.5515,0.1593,0.15,0.3,0.24,0.27,0.09,57,85,0.58,0.27,0.18,R,,1G038552+001618,G038.550+00.163,11.5,,Simbad,285.2863,5.0726
2G3562378+0066541,2G3562378+0066541,356.2379,0.6654,0.37,1.1,0.83,0.97,0.22,68,107,0.65,0.13,0.33,R,,1G356244+006747,G356.230+00.670,,CS33,Simbad,263.4319,-31.7675
2G0500662-0027952,2G0500662-0027952,50.0663,-0.2795,0.34,0.99,0.76,0.88,0.17,70,100,0.65,0.05,0.14,R,,1G050066-002759,G050.068-00.277,,,Simbad,291.1167,15.0686
2G0495973-0045795,2G0495973-0045795,49.5974,-0.458,0.12,1.07,0.84,0.96,0.06,169,37,0.62,,0.23,C,D,1G049593-004578,G049.592-00.456,5.4,,Simbad,291.0497,14.5711
2G0235850+0002451,2G0235850+0002451,23.5851,0.0245,0.2,0.62,0.46,0.55,0.19,44,90,0.68,0.11,0.09,C,,1G023585+000273,G023.585+00.029,5.5,,Simbad,278.5453,-8.2995
2G0169614-0008562,2G0169614-0008562,16.9614,-0.0856,0.05,0.18,0.1,0.14,0.03,174,4,0.83,,0.26,C,,,G016.961-00.087,,,Simbad,275.5025,-14.2146
2G0235317-0004784,2G0235317-0004784,23.5317,-0.0478,0.32,0.72,0.56,0.65,0.24,47,158,0.63,0.03,0.1,C,,1G023532-000472,,,,Simbad,278.5853,-8.3802
2G3289644+0022591,2G3289644+0022591,328.9645,0.2259,0.5,2.44,1.98,2.22,0.43,78,75,0.58,0.1,0.18,R,,,G328.962+00.207,,,Simbad,239.5838,-52.9291
2G0047490+0030964,2G0047490+0030964,4.7491,0.3096,0.26,0.67,0.45,0.57,0.14,113,157,0.74,0.12,0.2,R,,1G004752+003108,G004.753+00.308,,,Simbad,268.8353,-24.6995
2G0059471-0014140,2G0059471-0014140,5.9471,-0.1414,0.28,0.74,0.58,0.66,0.34,1,91,0.61,0.07,0.08,C,,,G005.946-00.142,,CN72,Simbad,269.922,-23.8886
2G3390978+0070290,2G3390978+0070290,339.0979,0.7029,0.42,1.99,1.3,1.68,0.19,124,85,0.76,,0.18,C,,1G339100+007036,G339.089+00.713,4.2,,Simbad,250.1468,-45.4672
2G3563192-0021986,2G3563192-0021986,356.3192,-0.2199,0.06,0.14,0.08,0.12,0.04,170,82,0.8,,0.13,C,,,,,,Simbad,264.3621,-32.1771
2G0312684+0048494,2G0312684+0048494,31.2684,0.4849,0.2,0.73,0.57,0.66,0.13,85,117,0.62,0.26,0.33,R,,1G031269+004837,G031.268+00.478,15.3,,Simbad,281.6692,-1.2592
2G0061315-0025328,2G0061315-0025328,6.1316,-0.2533,0.69,0.77,0.69,0.73,0.32,41,109,0.43,0.06,0.15,R,,1G006131-002543,G006.128-00.252,,,Simbad,270.1284,-23.7841
2G0069995-0025392,2G0069995-0025392,6.9995,-0.2539,0.59,3.94,3.43,3.7,0.48,77,89,0.49,,0.17,C,,1G007004-002556,G007.015-00.271,,CN88 CN89,Simbad,270.5971,-23.0303
2G0274752-0003782,2G0274752-0003782,27.4753,-0.0378,0.23,0.66,0.55,0.61,0.12,15,106,0.54,0.2,0.18,R,,1G027475-000350,,,,Simbad,280.3991,-4.8721
2G0233561-0013872,2G0233561-0013872,23.3561,-0.1387,0.31,0.38,0.29,0.34,0.12,64,122,0.66,0.09,0.16,R,,,G023.354-00.136,,,Simbad,278.5851,-8.578
2G3332674-0043902,2G3332674-0043902,333.2674,-0.439,0.13,0.59,0.5,0.55,0.13,34,107,0.51,0.17,0.22,R,,1G333267-004392,G333.267-00.439,,S47,Simbad,245.4177,-50.4982
2G0071948+0023258,2G0071948+0023258,7.1948,0.2326,0.02,0.26,0.22,0.24,0.02,30,12,0.55,,0.23,C,,,G007.194+00.233,,,Simbad,270.2432,-22.6199
2G0285588-0029064,2G0285588-0029064,28.5588,-0.2906,0.11,0.33,0.26,0.3,0.07,53,108,0.64,,0.19,C,,,G028.557-00.291,,,Simbad,281.1214,-4.024
2G0518316+0045611,2G0518316+0045611,51.8316,0.4561,0.4,0.89,0.59,0.75,0.25,22,73,0.75,0.1,0.1,C,D,,G051.831+00.462,10.3,,Simbad,291.3133,16.9717
2G3530681-0002267,2G3530681-0002267,353.0681,-0.0227,0.22,0.42,0.35,0.39,0.11,33,68,0.53,0.08,0.26,R,,1G353069-000243,G353.073-00.023,,,Simbad,262.037,-34.7943
2G3280370+0029952,2G3280370+0029952,328.0371,0.2995,0.16,0.99,0.67,0.84,0.08,155,95,0.73,,0.29,C,,1G328036+002978,G328.043+00.298,,,Simbad,238.317,-53.4673
2G3384460-0026048,2G3384460-0026048,338.4461,-0.2605,0.1,0.36,0.23,0.3,0.07,32,54,0.76,,0.15,C,,,G338.446-00.261,,,Simbad,250.568,-46.593
2G0055247+0003692,2G0055247+0003692,5.5247,0.0369,0.1,0.67,0.51,0.59,0.09,124,92,0.65,0.22,0.27,R,,1G005526+000395,G005.524+00.033,,CN67,Simbad,269.5221,-24.1658
2G3461076-0037195,2G3461076-0037195,346.1076,-0.372,0.15,0.35,0.26,0.31,0.08,157,110,0.67,0.26,0.18,R,,1G346108-003706,G346.109-00.372,,,Simbad,257.3331,-40.691
2G0059111-0034148,2G0059111-0034148,5.9112,-0.3415,0.47,1.48,1.02,1.27,0.29,56,92,0.72,0.04,0.17,R,,1G005914-003444,G005.915-00.354,,,Simbad,270.0925,-24.0192
2G0053518+0008039,2G0053518+0008039,5.3519,0.0804,1.25,6.64,4.77,5.78,0.99,38,119,0.7,0.07,0.4,R,,1G005346+000820,G005.332+00.081,,,Simbad,269.386,-24.2936
2G0330535-0009376,2G0330535-0009376,33.0536,-0.0938,2.23,5.38,4.11,4.79,1.08,20,156,0.64,0.11,0.27,R,,1G033068-000991,G033.051-00.078,7.1,N59,Simbad,282.9984,0.0655
2G3323701+0058040,2G3323701+0058040,332.3701,0.5804,0.39,0.95,0.69,0.83,0.33,174,103,0.69,0.19,0.17,R,,1G332371+005801,G332.369+00.584,,,Simbad,243.2917,-50.3916
2G3012800+0044181,2G3012800+0044181,301.28,0.4418,0.24,0.59,0.43,0.52,0.25,167,117,0.69,0.2,0.22,R,,1G301279+004437,G301.282+00.445,,,Simbad,189.2941,-62.3842
2G3433675-0023506,2G3433675-0023506,343.3675,-0.2351,0.12,0.4,0.38,0.39,0.06,75,70,0.33,,0.15,C,,1G343367-002350,G343.367-00.236,,,Simbad,254.9594,-42.7864
2G0106963+0003379,2G0106963+0003379,10.6963,0.0338,0.25,1.37,0.77,1.11,0.13,47,37,0.83,,0.19,C,,1G010697+000359,G010.689+00.031,,,Simbad,272.2685,-19.6648
2G0303883+0049305,2G0303883+0049305,30.3884,0.4931,0.03,0.25,0.16,0.21,0.04,178,96,0.74,,0.19,C,,,G030.388+00.493,,,Simbad,281.26,-2.0385
2G0319127+0019540,2G0319127+0019540,31.9127,0.1954,0.05,0.45,0.29,0.38,0.04,31,58,0.78,,0.3,C,,1G031915+001943,,,,Simbad,282.2208,-0.818
2G3142588+0011615,2G3142588+0011615,314.2589,0.1162,0.09,0.56,0.4,0.49,0.08,87,67,0.71,,0.21,C,,1G314258+001166,G314.258+00.117,,,Simbad,216.49,-60.6599
2G3518343-0036664,2G3518343-0036664,351.8344,-0.3666,0.03,0.26,0.19,0.23,0.04,1,58,0.68,,0.21,C,,,G351.831-00.367,,,Simbad,261.5443,-36.0104
2G0303764+0002571,2G0303764+0002571,30.3764,0.0257,0.2,0.68,0.53,0.61,0.12,56,44,0.63,0.1,0.32,R,,1G030377+000287,G030.374+00.026,,,Simbad,281.6707,-2.2625
2G3563053-0021744,2G3563053-0021744,356.3054,-0.2174,0.1,0.53,0.42,0.48,0.08,106,97,0.61,,0.17,C,,1G356305-002183,,,,Simbad,264.3508,-32.1874
2G3027374-0080622,2G3027374-0080622,302.7374,-0.8062,1.59,2.19,1.66,1.95,0.74,56,70,0.65,,0.22,C,,1G302730-008178,G302.722-00.816,,,Simbad,192.4209,-63.6773
2G0032853-0005691,2G0032853-0005691,3.2854,-0.0569,1.26,3.49,2.72,3.13,0.86,63,114,0.63,0.18,0.37,R,P,1G003273-000593,G003.266-00.061,,CN39,Simbad,268.3654,-26.1475
2G0241735+0040436,2G0241735+0040436,24.1736,0.4044,0.19,0.34,0.26,0.3,0.09,180,61,0.67,0.08,0.15,R,,1G024174+004017,G024.174+00.403,,,Simbad,278.4788,-7.6022
2G3503952-0005835,2G3503952-0005835,350.3952,-0.0583,0.07,0.32,0.26,0.29,0.12,28,122,0.55,0.2,0.16,R,,1G350395-000604,G350.395-00.058,,CS104,Simbad,260.2165,-37.0241
2G0117681+0058393,2G0117681+0058393,11.7682,0.5839,1.43,1.63,0.97,1.34,0.7,40,59,0.81,,0.13,C,,,G011.769+00.567,,,Simbad,272.3086,-18.4606
2G3048644+0024469,2G3048644+0024469,304.8645,0.2447,0.28,0.93,0.64,0.8,0.21,64,79,0.72,,0.25,C,,1G304864+002464,G304.864+00.243,,,Simbad,197.0568,-62.564
2G0144897+0002083,2G0144897+0002083,14.4898,0.0208,0.05,0.25,0.16,0.21,0.07,116,134,0.77,0.32,0.31,R,,1G014491+000238,G014.489+00.020,,,Simbad,274.1944,-16.3425
2G3519201+0011586,2G3519201+0011586,351.9201,0.1159,0.24,0.57,0.46,0.52,0.17,103,96,0.61,0.15,0.16,R,,1G351921+001154,G351.919+00.114,,,Simbad,261.1109,-35.6689
2G0340257+0023604,2G0340257+0023604,34.0258,0.2361,0.18,0.25,0.2,0.22,0.07,33,106,0.61,0.19,0.13,R,,,G034.023+00.233,,,Simbad,283.1482,1.0812
2G3035590-0054128,2G3035590-0054128,303.5591,-0.5413,0.87,0.71,0.53,0.63,0.35,34,89,0.66,0.06,0.25,R,,1G303557-005450,G303.557-00.539,,,Simbad,194.2605,-63.4062
2G3136804+0031503,2G3136804+0031503,313.6805,0.315,0.09,0.36,0.25,0.31,0.07,47,23,0.73,,0.31,C,,,G313.682+00.313,,,Simbad,215.2419,-60.6747
2G0310516+0035071,2G0310516+0035071,31.0517,0.3507,0.14,0.43,0.37,0.4,0.14,81,96,0.52,0.14,0.18,R,,1G031051+003520,G031.050+00.353,,,Simbad,281.6897,-1.5133
2G0412083-0016737,2G0412083-0016737,41.2083,-0.1674,0.12,0.61,0.34,0.5,0.07,172,18,0.83,,0.12,C,,,G041.207-00.167,,,Simbad,286.8042,7.2835
2G0032101-0010494,2G0032101-0010494,3.2101,-0.105,0.05,0.26,0.16,0.22,0.04,17,65,0.8,0.25,0.18,R,D,,,,CN37,Simbad,268.369,-26.2368
2G3389288+0039354,2G3389288+0039354,338.9288,0.3936,0.05,0.28,0.22,0.25,0.03,11,78,0.64,,0.24,C,,1G338928+003899,G338.926+00.392,,,Simbad,250.3183,-45.7987
2G0086259-0053254,2G0086259-0053254,8.6259,-0.5325,0.24,1.06,0.9,0.98,0.2,175,112,0.53,0.07,0.11,C,,,,,CN119,Simbad,271.7223,-21.7495
2G3428058-0002596,2G3428058-0002596,342.8058,-0.026,0.37,0.93,0.58,0.77,0.19,180,100,0.78,0.04,0.24,R,,1G342807-000288,G342.809-00.031,,,Simbad,254.2591,-43.0969
2G3523843-0039147,2G3523843-0039147,352.3844,-0.3915,0.5,0.53,0.4,0.47,0.22,35,78,0.66,0.12,0.09,C,,,G352.386-00.391,,,Simbad,261.9477,-35.5677
2G0078104-0061407,2G0078104-0061407,7.8105,-0.6141,0.58,2.61,1.92,2.29,0.36,160,70,0.68,,0.26,C,,1G007810-006101,G007.812-00.618,,,Simbad,271.3695,-22.501
2G3118428-0021805,2G3118428-0021805,311.8428,-0.2181,0.1,0.4,0.33,0.37,0.06,33,55,0.58,,0.26,C,,1G311842-002177,G311.841-00.219,5.7,,Simbad,211.9684,-61.7603
2G3410839-0014435,2G3410839-0014435,341.084,-0.1444,0.08,0.32,0.28,0.3,0.05,73,126,0.51,0.14,0.22,R,,1G341084-001458,G341.085-00.145,,,Simbad,252.8823,-44.5081
2G0612975-0033161,2G0612975-0033161,61.2975,-0.3316,0.32,0.57,0.41,0.5,0.29,12,105,0.69,0.25,0.42,R,,1G061294-003308,G061.292-00.331,9.9,,Simbad,297.0062,24.8462
2G0440313-0017232,2G0440313-0017232,44.0314,-0.1723,0.35,0.59,0.4,0.5,0.12,4,80,0.73,,0.14,C,,1G044034-001687,G044.033-00.173,,,Simbad,288.1263,9.7856
2G3273581-0010455,2G3273581-0010455,327.3581,-0.1046,0.21,0.53,0.36,0.45,0.19,44,112,0.72,0.08,0.12,C,,1G327358-001056,G327.358-00.103,,,Simbad,237.8577,-54.2095
2G0143891-0002266,2G0143891-0002266,14.3891,-0.0227,0.14,0.27,0.21,0.24,0.09,65,107,0.63,0.12,0.12,C,,1G014389-000194,G014.391-00.023,,,Simbad,274.1844,-16.4518
2G0336276-0001676,2G0336276-0001676,33.6277,-0.0168,0.14,0.33,0.26,0.29,0.15,26,119,0.63,0.11,0.07,C,,,G033.627-00.017,,,Simbad,283.1917,0.6116
2G3579868-0015789,2G3579868-0015789,357.9868,-0.1579,0.33,0.32,0.26,0.29,0.11,55,72,0.59,0.05,0.55,R,,1G357987-001576,G357.985-00.161,,,Simbad,265.3417,-30.7326
2G3411305-0035419,2G3411305-0035419,341.1305,-0.3542,0.11,0.21,0.19,0.2,0.05,18,49,0.48,,0.15,C,D,,G341.131-00.354,,,Simbad,253.1511,-44.6056
2G3267809+0066789,2G3267809+0066789,326.781,0.6679,0.14,0.83,0.54,0.7,0.07,71,42,0.76,,0.62,C,,1G326778+006732,G326.780+00.669,,,Simbad,236.269,-53.9618
2G0562608-0016736,2G0562608-0016736,56.2609,-0.1674,0.11,0.4,0.35,0.37,0.08,34,87,0.49,0.18,0.4,R,,,G056.263-00.171,4.7,,Simbad,294.1409,20.5553
2G3547830+0082756,2G3547830+0082756,354.7831,0.8276,0.11,0.23,0.19,0.21,0.04,132,56,0.57,,0.16,C,,,,,CS42,Simbad,262.3279,-32.8954
2G0389547-0053437,2G0389547-0053437,38.9547,-0.5344,0.39,1.11,0.9,1.02,0.24,109,135,0.58,0.16,0.33,R,,1G038951-005298,G038.956-00.543,,,Simbad,286.0908,5.1132
2G0135756-0022511,2G0135756-0022511,13.5756,-0.2251,0.08,0.26,0.23,0.24,0.06,65,74,0.45,,0.14,C,,1G013576-002262,G013.576-00.227,,,Simbad,273.9659,-17.2636
2G3503264+0009112,2G3503264+0009112,350.3265,0.0911,0.15,0.93,0.83,0.88,0.1,50,49,0.45,,0.39,C,,1G350327+000925,G350.328+00.090,,CS106,Simbad,260.0138,-36.9952
2G3388381-0031605,2G3388381-0031605,338.8381,-0.3161,0.32,1.05,0.88,0.97,0.26,9,106,0.54,0.35,0.61,R,,1G338841-003166,G338.837-00.318,,S31,Simbad,251.0026,-46.3339
2G3314262-0037217,2G3314262-0037217,331.4262,-0.3722,0.06,0.31,0.25,0.28,0.05,1,121,0.6,0.1,0.22,R,,1G331427-003722,G331.427-00.372,,,Simbad,243.2382,-51.7322
2G0494312-0000839,2G0494312-0000839,49.4313,-0.0084,0.08,0.38,0.28,0.34,0.11,72,122,0.67,0.27,0.24,R,,1G049431-000059,G049.431-00.009,5.5,,Simbad,290.5591,14.637
2G3117883+0008542,2G3117883+0008542,311.7883,0.0854,0.17,0.55,0.42,0.49,0.16,8,144,0.63,0.17,0.22,R,,1G311791+000846,G311.794+00.084,,,Simbad,211.674,-61.4855
2G3066717-0026041,2G3066717-0026041,306.6718,-0.2604,0.14,0.88,0.69,0.79,0.11,40,34,0.62,,0.14,C,,,,,,Simbad,201.0895,-62.8929
2G0269092+0010179,2G0269092+0010179,26.9093,0.1018,0.62,0.91,0.67,0.8,0.52,72,113,0.67,0.07,0.13,R,,1G026908+001061,G026.910+00.100,,,Simbad,280.0143,-5.3114
2G3141361+0037527,2G3141361+0037527,314.1362,0.3753,0.21,0.68,0.46,0.58,0.13,160,116,0.73,0.05,0.13,R,,1G314139+003753,G314.138+00.373,,,Simbad,216.0701,-60.461
2G3583818-0084342,2G3583818-0084342,358.3819,-0.8434,0.25,1.83,1.09,1.51,0.21,46,53,0.8,,0.26,C,,1G358383-008437,G358.397-00.861,,,Simbad,266.2618,-30.7566
2G0122282-0011318,2G0122282-0011318,12.2282,-0.1132,0.23,0.82,0.55,0.7,0.09,76,82,0.75,,0.15,C,,1G012229-001117,G012.228-00.115,,,Simbad,273.186,-18.3936
2G3109998-0035807,2G3109998-0035807,310.9998,-0.3581,0.4,0.99,0.62,0.82,0.23,65,66,0.78,,0.21,C,,1G311004-003548,G311.003-00.355,14.5,,Simbad,210.3305,-62.1302
2G3237559-0004673,2G3237559-0004673,323.7559,-0.0467,0.2,0.48,0.31,0.4,0.11,21,65,0.75,0.13,0.17,R,,,G323.756-00.049,,,Simbad,232.7395,-56.3277
2G3148549-0020761,2G3148549-0020761,314.8549,-0.2076,0.29,0.53,0.41,0.47,0.19,10,111,0.64,0.13,0.11,R,,1G314856-002083,G314.858-00.210,,,Simbad,217.8657,-60.7427
2G3434857+0004587,2G3434857+0004587,343.4857,0.0459,0.03,0.4,0.28,0.34,0.03,131,6,0.71,,0.21,C,,1G343484+000450,G343.484+00.044,,,Simbad,254.7585,-42.5197
2G3517680+0010100,2G3517680+0010100,351.768,0.101,0.36,0.93,0.63,0.79,0.28,154,118,0.74,0.23,0.25,R,,1G351768+001015,G351.767+00.103,,CS77,Simbad,261.0205,-35.8029
2G0289336-0058848,2G0289336-0058848,28.9336,-0.5885,0.74,2.64,2.45,2.55,0.44,15,113,0.37,0.08,0.13,R,P,1G028934-005833,G028.951-00.594,,,Simbad,281.5586,-3.8266
2G0314022-0026952,2G0314022-0026952,31.4022,-0.2695,0.41,0.68,0.47,0.58,0.24,173,144,0.73,0.15,0.33,R,,1G031403-002638,G031.403-00.268,9.1,,Simbad,282.4017,-1.4843
2G3033094-0052293,2G3033094-0052293,303.3095,-0.5229,0.12,0.73,0.57,0.65,0.1,75,69,0.62,,0.26,C,,1G303307-005265,G303.310-00.524,,,Simbad,193.7025,-63.3922
2G3114233+0060325,2G3114233+0060325,311.4234,0.6033,0.31,0.67,0.44,0.57,0.22,171,76,0.75,0.09,0.13,R,,1G311423+006015,G311.425+00.598,,,Simbad,210.6435,-61.0902
2G3167817+0015930,2G3167817+0015930,316.7817,0.1593,0.31,0.54,0.31,0.44,0.19,61,157,0.81,0.13,0.24,R,,1G316781+001588,G316.780+00.159,,,Simbad,221.1256,-59.6372
2G0300078-0007714,2G0300078-0007714,30.0078,-0.0771,0.32,1.04,0.71,0.89,0.19,55,85,0.73,,0.14,C,,1G030008-000800,G030.007-00.084,,,Simbad,281.5939,-2.6374
2G3260524-0043849,2G3260524-0043849,326.0524,-0.4385,1.23,6.24,3.91,5.21,0.81,10,93,0.78,0.04,0.08,C,,,G326.036-00.497,,,Simbad,236.445,-55.2826
2G0163150-0074683,2G0163150-0074683,16.315,-0.7468,0.16,0.34,0.25,0.3,0.13,33,75,0.67,0.19,0.16,R,,1G016314-007465,G016.314-00.748,,,Simbad,275.7923,-15.0957
2G0280220-0003544,2G0280220-0003544,28.0221,-0.0355,0.32,2.1,1.74,1.93,0.24,53,59,0.56,,0.24,C,P,1G028028-000333,G028.022-00.043,9.0,N47,Simbad,280.648,-4.3848
2G3391094+0015411,2G3391094+0015411,339.1094,0.1541,0.32,0.65,0.59,0.62,0.24,30,100,0.4,0.06,0.13,R,,1G339108+001531,G339.106+00.152,5.0,,Simbad,250.7474,-45.8207
2G0279816+0007400,2G0279816+0007400,27.9816,0.074,0.18,0.71,0.62,0.67,0.14,28,100,0.5,0.19,0.13,R,,1G027981+000753,G027.980+00.080,10.3,,Simbad,280.5318,-4.3707
2G0241525-0001218,2G0241525-0001218,24.1526,-0.0122,0.4,0.32,0.2,0.27,0.12,3,56,0.79,0.15,0.12,R,,,G024.153-00.011,,,Simbad,278.8422,-7.8127
2G3397028+0031446,2G3397028+0031446,339.7029,0.3145,0.24,0.64,0.41,0.54,0.14,26,70,0.76,0.05,0.18,R,,,,,,Simbad,251.1297,-45.2673
2G3331495-0003068,2G3331495-0003068,333.1496,-0.0307,0.11,0.38,0.26,0.33,0.1,39,54,0.71,0.12,0.11,C,,,,,,Simbad,244.8357,-50.2911
2G3374887-0053431,2G3374887-0053431,337.4887,-0.5343,0.16,0.71,0.56,0.64,0.14,49,80,0.63,0.24,0.3,R,,1G337488-005347,G337.487-00.534,,S38,Simbad,249.9396,-47.492
2G0065762-0008550,2G0065762-0008550,6.5763,-0.0855,0.09,0.42,0.37,0.4,0.07,53,98,0.47,0.14,0.23,R,,1G006576-000836,G006.575-00.086,,CN83,Simbad,270.2102,-23.3148
2G0238417+0009811,2G0238417+0009811,23.8418,0.0981,0.12,0.64,0.56,0.6,0.08,7,96,0.49,0.16,0.23,R,,1G023842+000976,G023.840+00.099,,N31,Simbad,278.5989,-8.0378
2G3138097+0013360,2G3138097+0013360,313.8098,0.1336,0.33,1.95,1.6,1.78,0.31,56,96,0.57,0.19,0.58,R,,1G313809+001340,G313.806+00.134,,S120,Simbad,215.6173,-60.801
2G0133453-0032477,2G0133453-0032477,13.3453,-0.3248,0.18,0.56,0.33,0.46,0.13,12,110,0.8,0.15,0.14,R,,1G013345-003219,G013.342-00.323,,,Simbad,273.9428,-17.5136
2G0164186-0036962,2G0164186-0036962,16.4187,-0.3696,0.11,0.26,0.23,0.25,0.11,156,84,0.52,0.18,0.22,R,,1G016420-003700,G016.419-00.371,,,Simbad,275.4979,-14.8271
2G0310369+0044458,2G0310369+0044458,31.0369,0.4446,0.24,0.79,0.58,0.69,0.12,171,97,0.69,0.15,0.28,R,,1G031037+004491,G031.034+00.449,12.7,,Simbad,281.5994,-1.4836
2G0489516-0042805,2G0489516-0042805,48.9517,-0.428,1.24,6.36,4.18,5.38,0.54,14,61,0.75,,0.15,C,,,,,,Simbad,290.7076,14.0162
2G3105608-0019244,2G3105608-0019244,310.5609,-0.1925,0.07,0.28,0.24,0.26,0.05,7,89,0.51,0.15,0.19,R,,1G310561-001926,G310.560-00.194,,,Simbad,209.3325,-62.0843
2G3118461-0026176,2G3118461-0026176,311.8462,-0.2618,0.26,0.55,0.42,0.49,0.17,41,140,0.65,0.08,0.1,C,,,G311.843-00.261,,,Simbad,212.0023,-61.8011
2G0377507+0056100,2G0377507+0056100,37.7508,0.561,0.64,0.71,0.57,0.64,0.32,72,63,0.6,0.13,0.15,R,,1G037754+005577,G037.754+00.560,12.2,,Simbad,284.5604,4.5441
2G0304632-0018842,2G0304632-0018842,30.4633,-0.1884,0.21,0.52,0.43,0.47,0.13,18,90,0.57,0.11,0.21,R,,1G030465-001883,G030.463-00.191,,,Simbad,281.9011,-2.2829
2G0240736+0013797,2G0240736+0013797,24.0737,0.138,0.12,0.42,0.38,0.4,0.1,173,51,0.43,0.15,0.1,R,,1G024073+001379,G024.072+00.139,,,Simbad,278.671,-7.8136
2G0082813-0013731,2G0082813-0013731,8.2813,-0.1373,0.18,0.92,0.57,0.77,0.15,102,65,0.78,,0.25,C,,1G008282-001351,G008.281-00.133,,,Simbad,271.1696,-21.857
2G0229126-0005123,2G0229126-0005123,22.9126,-0.0512,0.46,1.45,1.01,1.25,0.37,1,82,0.72,,0.15,C,,,G022.907-00.048,,,Simbad,278.2996,-8.9312
2G0486426+0025088,2G0486426+0025088,48.6426,0.2509,0.66,2.19,1.66,1.94,0.54,44,85,0.65,0.21,0.33,R,,1G048643+002474,G048.630+00.230,10.7,,Simbad,289.9402,14.0628
2G0071750+0008662,2G0071750+0008662,7.1751,0.0866,0.06,0.52,0.49,0.51,0.06,53,51,0.32,,0.18,C,,1G007177+000858,G007.176+00.087,,,Simbad,270.3701,-22.7094
2G3004279-0018129,2G3004279-0018129,300.4279,-0.1813,0.14,0.49,0.32,0.41,0.06,45,88,0.75,,0.14,C,,1G300428-001807,G300.427-00.180,,S171,Simbad,187.3474,-62.9458
2G3114956-0039164,2G3114956-0039164,311.4957,-0.3916,0.68,1.6,1.2,1.41,0.37,14,62,0.66,,0.13,C,,1G311497-003942,G311.484-00.396,,,Simbad,211.3684,-62.0261
2G0121931-0012722,2G0121931-0012722,12.1931,-0.1272,0.07,0.45,0.32,0.39,0.05,38,27,0.7,,0.24,C,,1G012197-001292,G012.194-00.129,,,Simbad,273.1812,-18.4311
2G3454989+0030784,2G3454989+0030784,345.499,0.3079,0.29,0.62,0.43,0.53,0.18,33,58,0.71,0.11,0.15,R,,1G345496+003070,G345.493+00.303,13.9,,Simbad,256.1333,-40.7685
2G0396684-0016009,2G0396684-0016009,39.6685,-0.1601,0.28,0.41,0.32,0.37,0.09,164,42,0.63,0.06,0.1,C,,1G039668-001591,G039.667-00.158,,,Simbad,286.0856,5.9192
2G0195917+0002528,2G0195917+0002528,19.5917,0.0253,0.06,0.39,0.34,0.37,0.04,37,35,0.5,,0.12,C,,1G019593+000262,G019.594+00.024,,,Simbad,276.6653,-11.8382
2G0321571+0012741,2G0321571+0012741,32.1571,0.1274,0.21,0.6,0.4,0.51,0.14,120,112,0.74,0.13,0.16,R,,1G032158+001306,G032.152+00.131,6.1,,Simbad,282.3928,-0.6315
2G0211405-0030450,2G0211405-0030450,21.1405,-0.3045,0.09,0.34,0.21,0.28,0.06,71,111,0.78,0.12,0.17,R,,1G021140-003042,G021.137-00.307,13.0,,Simbad,277.6964,-10.6197
2G0445027+0033495,2G0445027+0033495,44.5028,0.335,0.19,0.79,0.69,0.74,0.12,53,79,0.47,,0.2,C,,1G044503+003373,G044.501+00.332,16.6,,Simbad,287.8912,10.4383
2G3543559+0014454,2G3543559+0014454,354.356,0.1446,0.05,0.23,0.19,0.21,0.04,1,20,0.56,,0.21,C,,,G354.354+00.144,,,Simbad,262.7282,-33.6281
2G0287921+0024758,2G0287921+0024758,28.7922,0.2476,0.61,0.66,0.37,0.54,0.27,6,48,0.83,0.1,0.14,R,D,,G028.788+00.241,7.4,,Simbad,280.7486,-3.5705
2G3444274+0003999,2G3444274+0003999,344.4275,0.04,0.81,0.8,0.6,0.7,0.41,58,100,0.66,0.07,0.09,C,,1G344427+000424,G344.424+00.044,5.0,,Simbad,255.547,-41.7813
2G3375111-0054715,2G3375111-0054715,337.5112,-0.5472,0.48,1.72,1.27,1.51,0.3,65,82,0.67,,0.32,C,,1G337511-005455,G337.515-00.543,,,Simbad,249.976,-47.4837
2G0369912-0022785,2G0369912-0022785,36.9913,-0.2278,0.48,0.53,0.41,0.47,0.14,61,95,0.64,0.08,0.12,C,D,1G036992-002298,G036.993-00.231,6.8,,Simbad,284.916,3.5081
2G0188463-0047658,2G0188463-0047658,18.8464,-0.4766,0.24,0.87,0.72,0.8,0.17,42,128,0.57,0.17,0.16,R,D,1G018848-004761,G018.851-00.482,,,Simbad,276.7645,-12.7315
2G0042800+0003274,2G0042800+0003274,4.2801,0.0328,0.09,0.44,0.35,0.4,0.06,15,55,0.62,,0.21,C,D,,G004.283+00.031,,CN54 CN55,Simbad,268.838,-25.2441
2G0368731+0050544,2G0368731+0050544,36.8732,0.5054,0.05,0.24,0.2,0.22,0.03,175,92,0.55,,0.23,C,,,,,,Simbad,284.2084,3.7379
2G3398443+0030692,2G3398443+0030692,339.8443,0.3069,0.19,0.78,0.68,0.74,0.2,174,104,0.49,0.37,0.26,R,,1G339846+003050,G339.845+00.299,14.2,S28,Simbad,251.2689,-45.1651
2G3460548-0002179,2G3460548-0002179,346.0549,-0.0218,0.05,0.36,0.24,0.31,0.03,5,85,0.76,,0.35,C,,1G346051-000216,G346.056-00.020,,,Simbad,256.9218,-40.5239
2G0174750+0012589,2G0174750+0012589,17.475,0.1259,0.14,0.59,0.52,0.56,0.1,6,102,0.46,0.12,0.44,R,,1G017476+001267,G017.475+00.128,,,Simbad,275.5588,-13.6619
2G2984189-0074541,2G2984189-0074541,298.419,-0.7454,0.22,1.49,0.99,1.26,0.13,23,73,0.75,,0.21,C,,1G298419-007416,G298.416-00.743,,S178 S180,Simbad,182.7877,-63.2636
2G0329871-0033588,2G0329871-0033588,32.9872,-0.3359,0.36,1.71,1.36,1.55,0.28,3,139,0.61,0.17,0.39,R,,1G032985-003351,G032.982-00.338,11.0,,Simbad,283.1836,-0.104
2G3375306-0030245,2G3375306-0030245,337.5307,-0.3025,0.57,1.5,1.09,1.31,0.35,14,104,0.69,,0.25,C,,1G337529-002977,,,,Simbad,249.7253,-47.3063
2G3114758+0009813,2G3114758+0009813,311.4759,0.0981,0.5,1.05,0.75,0.91,0.26,178,124,0.7,0.11,0.12,C,,1G311466+000989,G311.471+00.106,,,Simbad,211.0379,-61.5615
2G3324526-0017844,2G3324526-0017844,332.4527,-0.1784,0.13,0.57,0.4,0.49,0.1,5,62,0.71,,0.19,C,,1G332452-001779,G332.450-00.177,,,Simbad,244.2121,-50.8834
2G0298547-0024578,2G0298547-0024578,29.8547,-0.2458,0.13,0.47,0.31,0.4,0.17,74,50,0.76,0.15,0.21,R,,1G029856-002453,G029.854-00.245,,,Simbad,281.6742,-2.8506
2G0528963-0088045,2G0528963-0088045,52.8964,-0.8804,0.33,0.33,0.27,0.3,0.15,169,87,0.57,0.11,0.11,C,,1G052896-008829,G052.895-00.878,,,Simbad,293.0743,17.2675
2G3570305-0011028,2G3570305-0011028,357.0305,-0.1103,0.03,0.22,0.2,0.21,0.02,23,73,0.32,,0.28,C,,,,,,Simbad,264.7011,-31.5175
2G0305460+0002501,2G0305460+0002501,30.546,0.025,0.11,0.34,0.24,0.3,0.06,165,52,0.7,,0.17,C,,,G030.545+00.027,11.4,,Simbad,281.7488,-2.1119
2G0105747-0041278,2G0105747-0041278,10.5747,-0.4128,0.38,1.6,1.18,1.4,0.26,58,77,0.68,,0.16,C,,1G010580-004124,G010.574-00.412,,,Simbad,272.6216,-19.9872
2G0485512+0000044,2G0485512+0000044,48.5512,0.0004,0.21,0.53,0.45,0.5,0.09,1,107,0.53,0.11,0.28,R,,1G048551+000022,G048.547-00.005,9.9,,Simbad,290.1239,13.8645
2G0350375-0049166,2G0350375-0049166,35.0375,-0.4917,0.2,0.94,0.78,0.86,0.09,11,73,0.56,,0.29,C,,1G035038-004913,G035.040-00.500,10.7,,Simbad,284.2577,1.6495
2G0461636-0010325,2G0461636-0010325,46.1636,-0.1033,0.17,0.31,0.26,0.29,0.11,178,40,0.56,,0.17,C,,,G046.162-00.104,,,Simbad,289.0725,11.7058
2G0423966-0034979,2G0423966-0034979,42.3966,-0.3498,0.1,0.35,0.26,0.31,0.13,166,131,0.67,0.22,0.21,R,,1G042397-003501,G042.396-00.350,,,Simbad,287.5202,8.2541
2G3241882+0011863,2G3241882+0011863,324.1883,0.1186,0.45,1.92,1.5,1.72,0.33,47,32,0.63,,0.14,C,,,G324.201+00.117,6.9,,Simbad,233.2052,-55.9444
2G0020120-0068213,2G0020120-0068213,2.012,-0.6821,0.12,0.53,0.47,0.5,0.14,26,84,0.44,0.44,0.23,R,,1G002011-006818,G002.009-00.680,,CN28,Simbad,268.2442,-27.5619
2G0074702+0005828,2G0074702+0005828,7.4703,0.0583,0.19,0.39,0.28,0.34,0.08,33,58,0.69,,0.14,C,,1G007471+000587,G007.470+00.059,,CN103 CN102,Simbad,270.5548,-22.4668
2G3412053-0022976,2G3412053-0022976,341.2053,-0.2298,0.12,0.43,0.37,0.4,0.1,63,91,0.51,0.25,0.34,R,,1G341206-002303,G341.207-00.232,3.5,S24,Simbad,253.0828,-44.4688
2G0299513-0008963,2G0299513-0008963,29.9514,-0.0896,0.28,1.79,1.44,1.63,0.16,167,101,0.6,,0.13,C,,,G029.955-00.093,,,Simbad,281.5792,-2.6933
2G0602328-0044417,2G0602328-0044417,60.2329,-0.4442,0.44,0.89,0.62,0.77,0.37,20,160,0.72,0.07,0.1,C,,1G060233-004473,G060.235-00.446,,,Simbad,296.5244,23.8697
2G3241487+0023397,2G3241487+0023397,324.1487,0.234,1.77,3.15,2.33,2.77,0.94,60,119,0.67,0.08,0.5,R,,,G324.135+00.236,6.9,,Simbad,233.029,-55.8727
2G3489204-0000072,2G3489204-0000072,348.9204,-0.0007,0.08,0.32,0.29,0.31,0.05,59,95,0.44,,0.16,C,,1G348920-000020,G348.919+00.001,,,Simbad,259.086,-38.1973
2G0346145-0001621,2G0346145-0001621,34.6145,-0.0162,0.09,0.66,0.41,0.55,0.04,150,58,0.78,,0.2,C,,,G034.614-00.016,,,Simbad,283.6413,1.49
2G0026995-0005662,2G0026995-0005662,2.6995,-0.0566,0.19,0.3,0.25,0.28,0.13,176,78,0.54,0.06,0.13,R,,,,,,Simbad,268.0324,-26.6518
2G3532012-0011220,2G3532012-0011220,353.2013,-0.1122,0.07,0.26,0.2,0.23,0.07,160,57,0.63,,0.22,C,,1G353201-001150,G353.202-00.113,,,Simbad,262.2176,-34.733
2G0072651-0006132,2G0072651-0006132,7.2652,-0.0613,0.98,1.27,0.97,1.13,0.49,12,73,0.64,0.1,0.16,R,,1G007270-000552,G007.268-00.060,,CN96,Simbad,270.5577,-22.7042
2G3386316+0014440,2G3386316+0014440,338.6316,0.1444,0.16,0.52,0.47,0.5,0.14,176,118,0.44,0.1,0.16,R,,,G338.628+00.145,,,Simbad,250.3045,-46.1864
2G0356866-0085474,2G0356866-0085474,35.6867,-0.8547,1.49,1.64,0.92,1.33,0.51,174,85,0.83,0.11,0.21,R,,1G035693-008509,G035.687-00.847,,,Simbad,284.8774,2.0612
2G0290024+0009815,2G0290024+0009815,29.0024,0.0982,0.63,1.72,1.35,1.54,0.4,7,120,0.62,0.27,0.43,R,,1G029002+000971,G029.000+00.084,10.6,N50,Simbad,280.9779,-3.4518
2G0240953+0045507,2G0240953+0045507,24.0953,0.4551,0.2,0.73,0.66,0.7,0.18,48,91,0.42,0.21,0.16,R,,1G024095+004551,G024.093+00.455,5.6,,Simbad,278.397,-7.6483
2G3224864-0054978,2G3224864-0054978,322.4864,-0.5498,0.06,0.25,0.2,0.23,0.04,53,51,0.58,,0.39,C,,,G322.487-00.552,,,Simbad,231.3353,-57.4576
2G0041088+0002349,2G0041088+0002349,4.1089,0.0235,0.16,0.75,0.51,0.64,0.13,1,104,0.73,0.36,0.28,R,,1G004109+000256,G004.108+00.022,,CN52,Simbad,268.7513,-25.3966
2G0438195+0040230,2G0438195+0040230,43.8195,0.4023,0.28,0.93,0.69,0.82,0.18,22,84,0.68,0.04,0.27,R,,1G043829+003957,G043.818+00.395,13.3,,Simbad,287.5098,9.8635
2G0415138-0013459,2G0415138-0013459,41.5139,-0.1346,0.16,0.6,0.41,0.51,0.16,38,133,0.73,0.2,0.46,R,,1G041515-001341,G041.516-00.142,8.7,,Simbad,286.9166,7.5699
2G3057281-0023441,2G3057281-0023441,305.7281,-0.2344,0.09,0.27,0.22,0.24,0.08,164,85,0.58,0.09,0.15,R,,,G305.728-00.235,,,Simbad,199.0221,-62.9722
2G3216724-0004111,2G3216724-0004111,321.6724,-0.0411,0.15,0.5,0.42,0.46,0.13,49,100,0.52,0.22,0.25,R,,1G321673-000427,G321.670-00.043,,S88,Simbad,229.5507,-57.4722
2G3281650-0020348,2G3281650-0020348,328.1651,-0.2035,0.08,0.25,0.16,0.21,0.04,126,57,0.77,,0.18,C,,,G328.168-00.203,,,Simbad,239.0243,-53.7728
2G0311610-0010923,2G0311610-0010923,31.1611,-0.1092,0.87,2.61,1.84,2.26,0.4,61,62,0.71,0.05,0.16,R,P,1G031160-000930,G031.165-00.105,11.7,N53,Simbad,282.149,-1.6258
2G3516810+0061552,2G3516810+0061552,351.681,0.6155,0.27,1.3,1.02,1.17,0.2,57,76,0.63,,0.23,C,,1G351681+006163,G351.676+00.610,,,Simbad,260.4376,-35.5835
2G2987324-0041164,2G2987324-0041164,298.7324,-0.4116,0.94,5.46,4.44,4.98,0.94,39,134,0.58,0.09,0.54,R,,1G298732-004173,,,S177,Simbad,183.5835,-62.9804
2G3525940-0019789,2G3525940-0019789,352.594,-0.1979,0.27,1.36,0.9,1.15,0.26,34,14,0.75,,0.13,C,,1G352598-001860,,,,Simbad,261.8932,-35.2858
2G3201502+0087251,2G3201502+0087251,320.1503,0.8725,0.16,0.62,0.41,0.53,0.11,88,130,0.75,0.08,0.2,R,,,G320.148+00.873,,,Simbad,226.2494,-57.4647
2G0314306+0028843,2G0314306+0028843,31.4306,0.2884,0.16,0.51,0.44,0.48,0.11,54,97,0.51,0.11,0.39,R,,1G031431+002886,G031.431+00.289,,,Simbad,281.9181,-1.2046
2G0430966-0003995,2G0430966-0003995,43.0966,-0.04,0.1,0.3,0.27,0.28,0.09,146,84,0.45,0.07,0.2,R,,1G043097-000386,G043.094-00.041,12.4,N86,Simbad,287.5692,9.018
2G3124424+0050209,2G3124424+0050209,312.4425,0.5021,0.17,0.61,0.34,0.5,0.16,113,154,0.82,0.17,0.17,R,,1G312442+005041,G312.438+00.507,,,Simbad,212.7164,-60.8945
2G3408862-0036150,2G3408862-0036150,340.8862,-0.3615,0.06,0.4,0.23,0.33,0.04,102,45,0.81,,0.17,C,,1G340886-003596,G340.884-00.365,,,Simbad,252.9406,-44.7989
2G0063658-0005788,2G0063658-0005788,6.3659,-0.0579,0.12,0.37,0.25,0.32,0.13,131,103,0.74,0.14,0.15,R,,1G006365-000535,G006.365-00.056,,CN82,Simbad,270.0703,-23.4837
2G3384661-0026755,2G3384661-0026755,338.4662,-0.2676,0.36,1.16,0.81,1.0,0.21,64,70,0.72,,0.23,C,,1G338464-002637,G338.462-00.262,,,Simbad,250.595,-46.5826
2G0146725-0047260,2G0146725-0047260,14.6726,-0.4726,0.55,3.93,2.69,3.36,0.28,43,75,0.73,,0.25,C,,1G014666-004741,G014.667-00.477,13.5,,Simbad,274.7375,-16.4155
2G3199379-0049672,2G3199379-0049672,319.938,-0.4967,0.19,0.74,0.66,0.7,0.18,18,104,0.44,0.15,0.12,R,,1G319937-004952,G319.940-00.505,,,Simbad,227.1856,-58.759
2G0268218+0038223,2G0268218+0038223,26.8218,0.3822,0.27,1.23,1.0,1.12,0.26,26,66,0.58,0.18,0.51,R,,1G026822+003828,G026.824+00.380,,N44,Simbad,279.7238,-5.2606
2G3282229-0057776,2G3282229-0057776,328.2229,-0.5778,0.17,0.92,0.85,0.88,0.16,26,129,0.39,0.2,0.34,R,,1G328220-005795,G328.224-00.582,,,Simbad,239.5088,-54.0217
2G0283231+0015445,2G0283231+0015445,28.3232,0.1545,0.21,0.92,0.84,0.88,0.16,7,95,0.42,0.21,0.32,R,,1G028323+001544,G028.323+00.152,,N48,Simbad,280.6166,-4.0301
2G3274006+0047074,2G3274006+0047074,327.4006,0.4707,1.18,1.3,0.99,1.15,0.73,30,123,0.65,0.1,0.18,R,,1G327399+004767,G327.401+00.483,,,Simbad,237.3015,-53.7343
2G0314171-0014307,2G0314171-0014307,31.4171,-0.1431,0.08,0.75,0.47,0.63,0.08,101,62,0.78,,0.21,C,,1G031420-001412,G031.416-00.142,,,Simbad,282.296,-1.4134
2G0245081-0022374,2G0245081-0022374,24.5081,-0.2237,0.19,0.39,0.28,0.34,0.09,168,89,0.67,,0.26,C,D,1G024508-002248,,,,Simbad,279.1967,-7.5943
2G3574842-0003150,2G3574842-0003150,357.4843,-0.0315,0.12,0.37,0.24,0.31,0.12,28,83,0.77,0.16,0.13,R,,,G357.484-00.037,,CS21,Simbad,264.9061,-31.0915
2G0123093+0042528,2G0123093+0042528,12.3094,0.4253,0.16,0.91,0.62,0.78,0.09,143,164,0.72,,0.24,C,,1G012311+004242,G012.302+00.416,,,Simbad,272.7301,-18.0634
2G0194802+0015692,2G0194802+0015692,19.4802,0.1569,0.18,0.5,0.4,0.45,0.13,52,84,0.61,0.11,0.21,R,,1G019480+001567,G019.480+00.155,14.1,,Simbad,276.4932,-11.8754
2G0099995-0079013,2G0099995-0079013,9.9996,-0.7901,0.17,0.32,0.25,0.29,0.11,108,134,0.61,0.1,0.09,C,,,,,,Simbad,272.6782,-20.6729
2G3055992+0029669,2G3055992+0029669,305.5993,0.2967,2.39,6.07,4.84,5.49,1.55,16,141,0.6,0.14,0.14,R,P,,,,S150,Simbad,198.6352,-62.4553
2G0491616-0021224,2G0491616-0021224,49.1617,-0.2122,0.18,0.68,0.52,0.61,0.14,42,95,0.65,0.15,0.26,R,,1G049164-002111,G049.163-00.213,5.6,,Simbad,290.6135,14.3032
2G0493526-0041623,2G0493526-0041623,49.3526,-0.4162,0.13,1.06,0.63,0.87,0.06,10,42,0.81,,0.14,C,,1G049353-004169,G049.354-00.419,,,Simbad,290.8921,14.3752
2G0307949+0019745,2G0307949+0019745,30.7949,0.1974,0.14,0.33,0.21,0.28,0.11,54,39,0.76,0.09,0.19,R,,1G030795+001978,G030.793+00.196,,,Simbad,281.7089,-1.8118
2G2984127-0053171,2G2984127-0053171,298.4128,-0.5317,0.17,0.67,0.62,0.65,0.1,36,96,0.4,0.3,0.27,R,,1G298413-005318,G298.412-00.535,,S179,Simbad,182.8476,-63.0515
2G3128887-0044288,2G3128887-0044288,312.8888,-0.4429,0.32,1.03,0.81,0.93,0.33,82,98,0.62,0.24,0.33,R,,1G312889-004452,G312.888-00.447,,S124,Simbad,214.2142,-61.6522
2G3074498-0084652,2G3074498-0084652,307.4498,-0.8465,0.04,0.25,0.22,0.24,0.12,37,93,0.52,,0.16,C,,,G307.451-00.846,,,Simbad,202.9773,-63.3627
2G3395919+0009115,2G3395919+0009115,339.592,0.0912,0.2,0.69,0.53,0.62,0.09,45,61,0.65,,0.17,C,,1G339588+000889,G339.584+00.084,,,Simbad,251.2675,-45.4971
2G0324584+0022505,2G0324584+0022505,32.4585,0.2251,0.15,0.19,0.13,0.16,0.11,134,87,0.71,0.05,0.07,C,,,G032.458+00.227,,,Simbad,282.4433,-0.3187
2G3164592-0009405,2G3164592-0009405,316.4592,-0.094,0.17,1.42,1.14,1.29,0.18,41,82,0.59,,0.3,C,,1G316457-000917,,,,Simbad,220.7542,-60.0023
2G3580910-0042864,2G3580910-0042864,358.0911,-0.4286,0.07,0.49,0.43,0.47,0.06,9,104,0.48,0.09,0.18,R,,1G358092-004291,G358.092-00.431,,CS17,Simbad,265.6733,-30.7868
2G0281601-0004556,2G0281601-0004556,28.1601,-0.0456,0.11,0.23,0.19,0.21,0.11,172,69,0.55,0.22,0.27,R,,,G028.159-00.047,,,Simbad,280.7203,-4.2667
2G3540092+0061299,2G3540092+0061299,354.0093,0.613,0.62,1.63,1.18,1.42,0.56,166,109,0.69,0.27,0.32,R,,1G354008+006116,G354.002+00.621,,CS52,Simbad,262.0292,-33.6586
2G0204830-0068946,2G0204830-0068946,20.483,-0.6895,0.07,0.47,0.32,0.4,0.04,150,76,0.73,,0.25,C,,1G020483-006905,G020.483-00.692,,,Simbad,277.7341,-11.3807
2G0332836-0033076,2G0332836-0033076,33.2836,-0.3308,0.16,0.69,0.61,0.65,0.11,43,67,0.46,0.13,0.25,R,,1G033284-003298,G033.284-00.329,,,Simbad,283.3143,0.1621
2G3572427-0011073,2G3572427-0011073,357.2427,-0.1107,0.03,0.22,0.15,0.19,0.03,76,22,0.74,,0.32,C,,,G357.242-00.111,,,Simbad,264.8341,-31.3382
2G3211588+0000557,2G3211588+0000557,321.1589,0.0056,0.19,0.92,0.71,0.82,0.12,62,95,0.63,,0.28,C,,1G321158+000052,G321.158+00.005,,,Simbad,228.6903,-57.7028
2G0131299-0014503,2G0131299-0014503,13.1299,-0.145,0.12,0.32,0.22,0.27,0.08,167,91,0.73,0.07,0.18,R,,,G013.131-00.149,12.5,,Simbad,273.6693,-17.6172
2G0164418-0021076,2G0164418-0021076,16.4419,-0.2108,0.06,0.31,0.25,0.28,0.04,43,61,0.6,,0.19,C,,1G016442-002099,G016.442-00.211,,,Simbad,275.3643,-14.732
2G0323122-0038418,2G0323122-0038418,32.3122,-0.3842,0.4,0.66,0.4,0.55,0.23,49,44,0.8,,0.13,C,,1G032309-003805,G032.312-00.388,,,Simbad,282.9188,-0.7267
2G3054027+0005779,2G3054027+0005779,305.4028,0.0578,2.85,8.2,5.38,6.93,1.68,61,87,0.75,,0.2,C,,,G305.305+00.073,,S154,Simbad,198.255,-62.7104
2G0073391-0017572,2G0073391-0017572,7.3392,-0.1757,0.05,0.31,0.26,0.29,0.03,61,82,0.57,,0.33,C,,1G007339-001747,,,,Simbad,270.7051,-22.6962
2G3202036+0086847,2G3202036+0086847,320.2037,0.8685,0.21,0.34,0.24,0.3,0.1,19,69,0.71,0.23,0.09,R,,1G320205+008669,G320.205+00.867,,,Simbad,226.3395,-57.442
2G3307399-0044788,2G3307399-0044788,330.74,-0.4479,1.16,2.01,1.57,1.8,0.63,14,101,0.62,0.1,0.2,R,D,1G330741-004484,G330.738-00.449,,,Simbad,242.5069,-52.2555
2G3249282-0062348,2G3249282-0062348,324.9282,-0.6235,0.23,0.54,0.36,0.46,0.11,162,87,0.74,,0.23,C,,1G324929-006215,G324.931-00.621,,,Simbad,235.0568,-56.1108
2G0125036-0059605,2G0125036-0059605,12.5036,-0.5961,2.15,5.31,3.81,4.62,0.99,24,100,0.7,0.3,0.36,R,,1G012511-005904,G012.523-00.611,,N6,Simbad,273.7718,-18.3828
2G0187183-0023246,2G0187183-0023246,18.7184,-0.2325,0.09,0.24,0.2,0.22,0.05,112,87,0.55,,0.16,C,,,G018.720-00.233,,,Simbad,276.482,-12.7309
2G0246277+0009984,2G0246277+0009984,24.6277,0.0998,0.14,0.49,0.33,0.42,0.07,12,68,0.74,,0.32,C,,1G024628+001016,G024.631+00.101,,,Simbad,278.9624,-7.3393
2G2982067-0014366,2G2982067-0014366,298.2067,-0.1437,0.29,1.44,1.12,1.29,0.21,53,97,0.63,,0.26,C,,1G298214-001499,G298.205-00.142,,,Simbad,182.5352,-62.636
2G3025818+0011905,2G3025818+0011905,302.5819,0.1191,1.24,10.07,5.22,8.02,0.68,73,85,0.86,,0.15,C,,1G302635+000474,G302.631+00.030,4.6,,Simbad,192.095,-62.7506
2G0146449-0060644,2G0146449-0060644,14.645,-0.6064,0.44,1.15,0.84,1.01,0.24,30,45,0.68,0.13,0.22,R,,1G014642-006056,G014.640-00.605,,,Simbad,274.8468,-16.5031
2G0033193-0002967,2G0033193-0002967,3.3194,-0.0297,0.09,0.38,0.24,0.32,0.09,25,86,0.79,0.24,0.19,R,D,1G003320-000258,G003.318-00.030,,CN39,Simbad,268.3585,-26.1044
2G0490460-0024522,2G0490460-0024522,49.0461,-0.2452,0.83,1.72,1.33,1.54,0.41,168,114,0.63,0.09,0.11,C,,,G049.051-00.255,5.3,,Simbad,290.5873,14.1857
2G3314677-0026051,2G3314677-0026051,331.4677,-0.2605,0.3,0.88,0.67,0.78,0.16,72,80,0.64,,0.34,C,,1G331469-002568,G331.468-00.262,,,Simbad,243.1635,-51.6224
2G0338800+0005622,2G0338800+0005622,33.8801,0.0562,0.15,0.4,0.28,0.34,0.1,86,91,0.71,0.11,0.22,R,,1G033882+000569,G033.882+00.057,11.4,,Simbad,283.2418,0.8695
2G0342460+0010291,2G0342460+0010291,34.2461,0.1029,0.43,1.01,0.8,0.91,0.32,146,108,0.62,0.03,0.21,R,,1G034246+001023,G034.246+00.102,,,Simbad,283.3672,1.2165
2G0494200-0030193,2G0494200-0030193,49.4201,-0.3019,0.46,1.22,0.81,1.03,0.19,65,82,0.75,,0.15,C,,1G049420-003003,G049.423-00.303,,,Simbad,290.821,14.4886
2G0230612+0056500,2G0230612+0056500,23.0613,0.565,0.87,2.27,1.76,2.03,0.49,47,91,0.63,0.27,0.3,R,,1G023089+005617,,,N29,Simbad,277.8162,-8.5146
2G0241967+0024604,2G0241967+0024604,24.1967,0.246,0.14,0.33,0.22,0.28,0.08,12,68,0.72,0.17,0.12,R,,,G024.195+00.242,,,Simbad,278.6314,-7.6547
2G0393167-0028849,2G0393167-0028849,39.3168,-0.2885,0.25,0.97,0.84,0.91,0.17,150,77,0.5,0.09,0.13,R,,1G039319-002877,G039.322-00.294,,,Simbad,286.0381,5.5478
2G3276349+0085331,2G3276349+0085331,327.6349,0.8533,0.16,0.83,0.52,0.69,0.08,143,50,0.77,,0.15,C,,1G327636+008538,G327.637+00.850,,,Simbad,237.2092,-53.2891
2G3062682-0033312,2G3062682-0033312,306.2682,-0.3331,0.22,0.47,0.41,0.44,0.13,34,51,0.49,0.06,0.16,R,,1G306268-003326,G306.268-00.333,,,Simbad,200.2278,-63.0138
2G3350142-0016783,2G3350142-0016783,335.0143,-0.1678,0.14,0.28,0.2,0.24,0.06,49,49,0.67,,0.17,C,,1G335014-001670,G335.013-00.170,,,Simbad,247.0118,-49.0609
2G0325794-0007863,2G0325794-0007863,32.5795,-0.0786,0.32,0.43,0.32,0.38,0.21,178,81,0.65,0.07,0.17,R,,,G032.581-00.077,,,Simbad,282.7687,-0.3495
2G0081525+0024103,2G0081525+0024103,8.1525,0.241,0.23,1.2,1.0,1.1,0.21,12,135,0.56,0.15,0.25,R,,1G008152+002384,G008.137+00.232,,CN109,Simbad,270.7465,-21.7832
2G3409062+0016773,2G3409062+0016773,340.9063,0.1677,0.35,1.17,0.87,1.03,0.28,38,87,0.67,0.22,0.54,R,,1G340907+001700,G340.910+00.167,,,Simbad,252.3867,-44.4453
2G3503256-0000697,2G3503256-0000697,350.3256,-0.007,0.16,0.7,0.56,0.63,0.17,19,100,0.6,0.18,0.2,R,,1G350325-000092,G350.325-00.008,,CS107,Simbad,260.1139,-37.052
2G3560893-0007518,2G3560893-0007518,356.0893,-0.0752,0.14,0.51,0.35,0.44,0.08,72,94,0.71,,0.18,C,,1G356090-000756,G356.090-00.075,,,Simbad,264.0717,-32.2932
2G0104406+0001190,2G0104406+0001190,10.4406,0.0119,0.24,0.53,0.41,0.47,0.2,69,53,0.64,0.23,0.16,R,,1G010442+000157,G010.441+00.012,,,Simbad,272.1572,-19.8991
2G3202343-0010610,2G3202343-0010610,320.2344,-0.1061,0.5,2.0,1.27,1.67,0.38,65,83,0.77,0.21,0.62,R,,1G320234-000978,G320.236-00.099,,S94,Simbad,227.3003,-58.2723
2G3547695+0079165,2G3547695+0079165,354.7695,0.7916,0.25,0.51,0.27,0.41,0.07,87,68,0.86,,0.15,C,,,,,,Simbad,262.3547,-32.9267
2G0526068+0035989,2G0526068+0035989,52.6068,0.3599,0.48,0.85,0.67,0.76,0.15,49,120,0.61,0.13,0.22,R,,1G052605+003633,G052.606+00.357,,,Simbad,291.7879,17.6079
2G3082440-0099001,2G3082440-0099001,308.2441,-0.99,0.12,0.28,0.2,0.24,0.06,7,48,0.68,0.2,0.11,R,,,G308.248-00.991,,,Simbad,204.7776,-63.369
2G3347797-0002302,2G3347797-0002302,334.7798,-0.023,0.55,1.06,0.84,0.96,0.52,80,152,0.62,0.09,0.24,R,,1G334779-000253,G334.774-00.023,,,Simbad,246.6039,-49.129
2G0083087-0008401,2G0083087-0008401,8.3088,-0.084,0.26,1.49,1.37,1.43,0.3,22,90,0.39,0.22,0.31,R,,1G008307-000882,G008.306-00.084,,CN111,Simbad,271.1341,-21.8069
2G0341301+0047370,2G0341301+0047370,34.1301,0.4737,0.05,0.32,0.22,0.27,0.03,91,73,0.7,,0.24,C,,1G034132+004724,G034.133+00.471,11.7,,Simbad,282.9842,1.2824
2G3419661+0022619,2G3419661+0022619,341.9661,0.2262,0.33,0.41,0.32,0.37,0.21,21,115,0.63,0.12,0.18,R,,1G341966+002271,G341.968+00.224,15.3,,Simbad,253.2635,-43.5914
2G0151785+0004555,2G0151785+0004555,15.1785,0.0456,0.39,0.5,0.35,0.43,0.16,173,108,0.71,0.16,0.1,R,,1G015177+000470,G015.176+00.044,,,Simbad,274.5117,-15.7246
2G3481329+0027165,2G3481329+0027165,348.1329,0.2717,0.15,0.63,0.48,0.56,0.09,66,62,0.65,,0.19,C,,1G348133+002704,G348.130+00.270,,,Simbad,258.2165,-38.6775
2G0164431-0019483,2G0164431-0019483,16.4432,-0.1948,0.07,0.3,0.24,0.27,0.03,33,77,0.62,,0.13,C,,1G016444-001945,G016.444-00.195,,,Simbad,275.3503,-14.7233
2G3390065+0043629,2G3390065+0043629,339.0065,0.4363,0.17,0.33,0.27,0.3,0.1,170,80,0.58,0.22,0.09,R,,1G339008+004365,G339.009+00.437,,,Simbad,250.3459,-45.7122
2G3092849-0039864,2G3092849-0039864,309.285,-0.3986,2.76,7.41,6.18,6.82,1.0,33,105,0.55,0.1,0.1,C,,1G309256-004094,G309.297-00.409,,,Simbad,206.7638,-62.5823
2G0471767+0031639,2G0471767+0031639,47.1768,0.3164,0.76,1.69,1.24,1.48,0.57,15,83,0.68,0.25,0.2,R,,1G047180+003195,G047.181+00.320,,,Simbad,289.1759,12.7978
2G3523365-0045126,2G3523365-0045126,352.3366,-0.4513,0.11,0.38,0.32,0.35,0.14,28,73,0.55,0.07,0.23,R,,,G352.337-00.451,,,Simbad,261.9762,-35.6407
2G3510319+0015401,2G3510319+0015401,351.032,0.154,0.09,0.87,0.58,0.74,0.07,87,58,0.75,,0.35,C,,1G351029+001544,G351.025+00.156,,CS93,Simbad,260.451,-36.3797
2G3281912-0057247,2G3281912-0057247,328.1913,-0.5725,0.07,0.75,0.54,0.65,0.06,98,69,0.69,,0.23,C,,,G328.193-00.569,,,Simbad,239.4619,-54.0381
2G0209981+0007960,2G0209981+0007960,20.9981,0.0796,0.1,0.51,0.4,0.46,0.07,126,140,0.62,0.06,0.24,R,,1G020998+000789,,,,Simbad,277.283,-10.5678
2G3471335+0027741,2G3471335+0027741,347.1336,0.2774,0.1,0.42,0.31,0.37,0.06,62,55,0.66,,0.13,C,,,G347.130+00.277,,,Simbad,257.4494,-39.48
2G2972460-0075429,2G2972460-0075429,297.2461,-0.7543,0.29,0.58,0.5,0.54,0.19,21,90,0.51,0.07,0.14,R,D,1G297252-007547,G297.248-00.754,,,Simbad,180.2262,-63.0668
2G3303663+0015330,2G3303663+0015330,330.3663,0.1533,0.56,1.3,0.78,1.07,0.42,169,136,0.8,0.09,0.28,R,,1G330378+001446,G330.359+00.152,,,Simbad,241.397,-52.062
2G3563099-0019841,2G3563099-0019841,356.31,-0.1984,0.12,0.45,0.36,0.41,0.13,86,117,0.59,0.33,0.45,R,,1G356310-001978,,,CS32,Simbad,264.3348,-32.1733
2G0263084+0007104,2G0263084+0007104,26.3085,0.0711,0.47,0.91,0.7,0.81,0.33,36,91,0.63,0.06,0.13,R,,1G026308+000701,G026.306+00.073,,,Simbad,279.7651,-5.8594
2G0531555+0020521,2G0531555+0020521,53.1556,0.2052,0.12,0.35,0.2,0.29,0.08,128,132,0.82,0.05,0.2,R,,,G053.155+00.204,,,Simbad,292.2058,18.0163
2G0586355-0003363,2G0586355-0003363,58.6356,-0.0336,0.11,0.41,0.31,0.36,0.08,1,71,0.65,,0.24,C,,1G058633-000307,G058.634-00.033,,,Simbad,295.2705,22.6894
2G0245337+0030831,2G0245337+0030831,24.5338,0.3083,0.48,0.9,0.65,0.79,0.25,67,69,0.69,0.11,0.13,R,,1G024537+003087,G024.536+00.308,,,Simbad,278.7322,-7.3268
2G3286890+0048335,2G3286890+0048335,328.689,0.4834,0.19,0.86,0.72,0.79,0.13,67,72,0.55,0.16,0.28,R,,1G328688+004842,G328.688+00.486,,,Simbad,238.9591,-52.9098
2G0494401-0003503,2G0494401-0003503,49.4401,-0.035,0.11,0.27,0.2,0.24,0.11,98,100,0.66,0.12,0.11,C,,,G049.439-00.034,,,Simbad,290.5877,14.6322
2G0271877-0015386,2G0271877-0015386,27.1877,-0.1539,0.12,0.54,0.33,0.45,0.07,86,42,0.79,,0.21,C,,1G027189-001520,G027.185-00.156,,,Simbad,280.3706,-5.1809
2G3415957+0006599,2G3415957+0006599,341.5958,0.066,0.15,0.42,0.24,0.34,0.16,9,71,0.82,0.13,0.23,R,,1G341596+000657,G341.598+00.068,,,Simbad,253.1099,-43.9793
2G3311800-0053982,2G3311800-0053982,331.18,-0.5398,0.14,0.43,0.34,0.39,0.09,53,127,0.63,0.09,0.12,C,,1G331180-005407,G331.182-00.541,,,Simbad,243.1336,-52.023
2G3276404-0044193,2G3276404-0044193,327.6404,-0.4419,0.33,0.62,0.5,0.56,0.21,6,97,0.6,0.13,0.3,R,,1G327639-004401,G327.637-00.442,,,Simbad,238.5973,-54.2917
2G3029654-0054148,2G3029654-0054148,302.9654,-0.5415,0.09,0.53,0.46,0.49,0.08,74,59,0.48,,0.26,C,,1G302967-005407,G302.964-00.540,,,Simbad,192.9343,-63.4132
2G0286854+0004585,2G0286854+0004585,28.6855,0.0459,0.26,1.05,0.83,0.95,0.22,92,110,0.6,0.18,0.34,R,,1G028687+000480,G028.679+00.044,7.5,,Simbad,280.8795,-3.7576
2G0243233-0039849,2G0243233-0039849,24.3233,-0.3985,0.2,0.46,0.31,0.39,0.1,50,59,0.73,,0.26,C,,1G024323-004001,G024.324-00.402,,,Simbad,279.2677,-7.8387
2G0095716-0088527,2G0095716-0088527,9.5716,-0.8853,0.03,0.37,0.27,0.32,0.17,36,43,0.67,,0.25,C,,,G009.571-00.888,,,Simbad,272.5464,-21.0937
2G3370447+0000069,2G3370447+0000069,337.0447,0.0007,0.09,0.3,0.2,0.25,0.09,44,69,0.75,0.12,0.12,C,,,G337.046-00.001,,,Simbad,248.9118,-47.4635
2G0035672+0005046,2G0035672+0005046,3.5672,0.0505,0.12,0.44,0.37,0.4,0.07,9,100,0.53,,0.19,C,,1G003567+000524,G003.570+00.050,,,Simbad,268.4215,-25.8501
2G0104720+0001911,2G0104720+0001911,10.472,0.0191,0.06,0.21,0.19,0.2,0.06,9,66,0.47,0.19,0.26,R,,1G010473+000216,G010.472+00.017,,CN151,Simbad,272.1667,-19.8681
2G0059812+0000136,2G0059812+0000136,5.9813,0.0014,0.1,0.42,0.26,0.35,0.09,29,65,0.79,,0.34,C,,1G005982+000043,G005.981-00.002,,,Simbad,269.8053,-23.7879
2G0050358+0013818,2G0050358+0013818,5.0358,0.1382,0.09,0.51,0.3,0.42,0.07,40,79,0.8,,0.17,C,,1G005036+001386,G005.035+00.140,,,Simbad,269.157,-24.5381
2G0257255-0002668,2G0257255-0002668,25.7255,-0.0267,0.05,0.17,0.12,0.15,0.03,4,73,0.74,0.09,0.36,R,,,G025.726-00.028,,,Simbad,279.5836,-6.4223
2G0340470+0014008,2G0340470+0014008,34.047,0.1401,0.04,0.35,0.23,0.3,0.04,52,68,0.75,,0.23,C,,1G034046+001394,G034.046+00.140,,,Simbad,283.2433,1.0563
2G0083671-0033840,2G0083671-0033840,8.3671,-0.3384,1.15,4.76,4.14,4.46,0.64,7,101,0.49,0.03,0.08,C,P,,G008.397-00.392,,CN114 CN113,Simbad,271.4038,-21.8807
2G3153142-0026838,2G3153142-0026838,315.3142,-0.2684,0.36,1.62,1.14,1.4,0.2,27,56,0.71,,0.3,C,,1G315314-002691,G315.312-00.272,13.6,,Simbad,218.7799,-60.6232
2G3033180-0075382,2G3033180-0075382,303.318,-0.7538,0.09,0.3,0.16,0.24,0.05,71,131,0.84,,0.18,C,,,G303.320-00.755,,,Simbad,193.7284,-63.6229
2G0249501-0005113,2G0249501-0005113,24.9501,-0.0511,0.25,0.67,0.55,0.61,0.19,172,83,0.58,0.2,0.22,R,,1G024952-000498,G024.951-00.050,,,Simbad,279.2469,-7.1224
2G3028165-0084144,2G3028165-0084144,302.8165,-0.8415,0.09,0.7,0.56,0.63,0.06,42,95,0.59,,0.22,C,,1G302819-008411,G302.816-00.844,,,Simbad,192.5989,-63.713
2G0253802-0034130,2G0253802-0034130,25.3803,-0.3413,0.43,2.81,1.57,2.27,0.2,29,7,0.83,,0.15,C,,,G025.386-00.347,11.2,N40,Simbad,279.7056,-6.8734
2G3434186-0014596,2G3434186-0014596,343.4186,-0.146,0.06,0.29,0.2,0.25,0.08,22,30,0.73,,0.33,C,,,G343.419-00.145,,,Simbad,254.907,-42.6912
2G3194791-0038165,2G3194791-0038165,319.4792,-0.3817,0.44,0.85,0.6,0.74,0.22,43,134,0.7,,0.14,C,,,G319.483-00.380,,,Simbad,226.306,-58.8868
2G3460394+0004871,2G3460394+0004871,346.0395,0.0487,0.04,0.14,0.12,0.13,0.05,58,92,0.44,0.17,0.19,R,,,G346.039+00.048,,,Simbad,256.8354,-40.4939
2G3307812-0039787,2G3307812-0039787,330.7813,-0.3979,0.92,5.23,3.74,4.55,0.81,79,135,0.7,0.11,0.23,R,P,1G330790-003938,G330.775-00.398,,S66 S65,Simbad,242.5011,-52.1908
2G0282919+0001077,2G0282919+0001077,28.292,0.0108,0.04,0.18,0.13,0.16,0.03,65,60,0.67,,0.16,C,,,G028.291+00.011,,,Simbad,280.7305,-4.1236
2G0223828+0034221,2G0223828+0034221,22.3829,0.3422,0.11,0.48,0.39,0.44,0.08,65,68,0.56,,0.19,C,,,,,,Simbad,277.6984,-9.2191
2G3556622+0037925,2G3556622+0037925,355.6623,0.3792,0.2,0.46,0.42,0.44,0.28,57,59,0.43,0.4,0.13,R,,1G355662+003775,G355.663+00.377,,,Simbad,263.3458,-32.4061
2G0076444-0009321,2G0076444-0009321,7.6444,-0.0932,0.55,2.14,1.28,1.77,0.27,70,81,0.8,0.18,0.22,R,,1G007642-000884,G007.638-00.101,,,Simbad,270.7902,-22.39
2G0311578-0014537,2G0311578-0014537,31.1579,-0.1454,0.21,0.82,0.68,0.76,0.17,53,75,0.56,0.25,0.36,R,D,1G031159-001445,G031.156-00.148,,N53,Simbad,282.1798,-1.6451
2G3244770-0022567,2G3244770-0022567,324.4771,-0.2257,0.22,0.24,0.17,0.21,0.13,27,127,0.7,0.09,0.13,R,,,G324.480-00.226,,,Simbad,233.9832,-56.0569
2G3516162+0015340,2G3516162+0015340,351.6162,0.1534,1.43,2.21,1.81,2.02,0.81,52,102,0.57,0.06,0.2,R,,1G351622+001442,G351.620+00.143,,CS81 CS82,Simbad,260.8615,-35.8987
2G0175653+0016383,2G0175653+0016383,17.5653,0.1638,0.05,0.32,0.28,0.3,0.04,37,55,0.49,,0.16,C,,,G017.564+00.165,,,Simbad,275.568,-13.5643
2G0351218-0075182,2G0351218-0075182,35.1219,-0.7518,0.65,2.38,2.07,2.23,0.51,73,119,0.5,0.04,0.05,C,,,G035.126-00.755,2.3,,Simbad,284.5277,1.6058
2G3136029-0051286,2G3136029-0051286,313.603,-0.5129,0.16,0.67,0.61,0.64,0.14,41,116,0.41,0.25,0.36,R,,1G313603-005130,G313.602-00.512,,,Simbad,215.6768,-61.4792
2G3499054+0016132,2G3499054+0016132,349.9055,0.1613,0.12,0.47,0.3,0.39,0.06,17,76,0.77,,0.2,C,,1G349905+001614,G349.905+00.162,,,Simbad,259.6386,-37.2997
2G0446641+0012010,2G0446641+0012010,44.6641,0.1201,0.09,0.5,0.36,0.44,0.06,161,90,0.7,,0.35,C,,1G044666+001225,G044.667+00.122,,,Simbad,288.1609,10.4818
2G3407962-0099393,2G3407962-0099393,340.7962,-0.9939,0.15,1.16,0.82,1.0,0.14,10,81,0.7,0.1,0.22,R,,,,,,Simbad,253.5524,-45.2691
2G0284969-0024829,2G0284969-0024829,28.4969,-0.2483,0.11,0.27,0.21,0.24,0.08,15,120,0.6,0.15,0.22,R,,,G028.497-00.249,,,Simbad,281.0554,-4.0598
2G3400407-0014671,2G3400407-0014671,340.0408,-0.1467,0.24,2.14,1.16,1.72,0.24,56,71,0.84,0.23,0.38,R,,1G340048-001442,G340.059-00.138,,S27,Simbad,251.9401,-45.31
2G3491134-0083074,2G3491134-0083074,349.1135,-0.8307,0.13,0.51,0.33,0.43,0.12,24,67,0.77,0.09,0.18,R,,1G349114-008306,G349.115-00.830,,,Simbad,260.0932,-38.5174
2G0569756-0023644,2G0569756-0023644,56.9757,-0.2364,0.09,0.36,0.27,0.32,0.08,39,72,0.66,0.12,0.31,R,,1G056976-002384,G056.977-00.241,,,Simbad,294.5796,21.1449
2G0247164-0012681,2G0247164-0012681,24.7165,-0.1268,0.2,0.47,0.39,0.43,0.11,47,108,0.57,0.1,0.27,R,,1G024718-001264,G024.713-00.125,7.7,,Simbad,279.2065,-7.3647
2G3073995-0095325,2G3073995-0095325,307.3996,-0.9533,0.05,0.17,0.15,0.16,0.03,19,69,0.52,,0.33,C,,,G307.400-00.954,,,Simbad,202.9037,-63.476
2G3310662+0037425,2G3310662+0037425,331.0663,0.3743,0.66,0.62,0.54,0.58,0.29,30,91,0.49,0.04,0.18,R,,1G331066+003764,G331.066+00.377,,,Simbad,241.9971,-51.4289
2G3333488-0012473,2G3333488-0012473,333.3489,-0.1247,0.36,0.49,0.36,0.43,0.17,68,80,0.68,0.08,0.18,R,,1G333349-001299,,,,Simbad,245.1608,-50.2179
2G0072301-0021507,2G0072301-0021507,7.2301,-0.2151,0.33,2.01,1.58,1.81,0.27,52,69,0.62,,0.15,C,,1G007225-002119,G007.220-00.212,,CN95,Simbad,270.684,-22.8106
2G3560880+0028927,2G3560880+0028927,356.0881,0.2893,0.07,0.36,0.23,0.3,0.04,78,36,0.77,,0.14,C,,,G356.090+00.291,,,Simbad,263.7084,-32.0974
2G3366881-0008607,2G3366881-0008607,336.6882,-0.0861,0.05,0.24,0.19,0.22,0.03,150,47,0.64,,0.24,C,,,G336.689-00.085,,,Simbad,248.6493,-47.785
2G0544824+0092419,2G0544824+0092419,54.4825,0.9242,0.6,2.2,1.43,1.86,0.52,41,68,0.76,0.14,0.25,R,,1G054480+009282,G054.490+00.930,7.3,,Simbad,292.2091,19.5254
2G3086330-0029387,2G3086330-0029387,308.633,-0.2939,0.21,0.55,0.43,0.49,0.21,157,102,0.63,0.13,0.16,R,,1G308633-002936,G308.631-00.297,,,Simbad,205.3305,-62.6122
2G3325512+0025663,2G3325512+0025663,332.5513,0.2566,0.11,0.77,0.56,0.68,0.11,68,84,0.69,0.18,0.43,R,,1G332551+002544,G332.551+00.257,,,Simbad,243.8482,-50.5015
2G3053914-0091050,2G3053914-0091050,305.3914,-0.9105,0.41,1.05,0.68,0.88,0.34,56,84,0.76,0.14,0.3,R,,1G305390-009081,G305.391-00.908,,,Simbad,198.4121,-63.6761
2G3182567+0012274,2G3182567+0012274,318.2568,0.1227,0.14,1.72,1.07,1.43,0.35,79,48,0.78,,0.13,C,,1G318263+001243,,,,Simbad,223.7551,-59.0219
2G0296114-0060249,2G0296114-0060249,29.6115,-0.6025,0.23,0.66,0.48,0.57,0.19,52,86,0.69,0.16,0.21,R,,1G029613-006009,G029.615-00.599,,,Simbad,281.881,-3.2298
2G3141210+0010285,2G3141210+0010285,314.1211,0.1029,0.34,0.61,0.45,0.53,0.2,54,72,0.69,0.11,0.18,R,,1G314123+001045,G314.123+00.101,,,Simbad,216.2365,-60.7212
2G0128238+0054025,2G0128238+0054025,12.8238,0.5403,0.31,1.01,0.66,0.85,0.35,168,115,0.75,0.1,0.15,R,,1G012824+005433,G012.825+00.542,,,Simbad,272.8845,-17.5572
2G3437183-0021784,2G3437183-0021784,343.7183,-0.2178,0.42,1.14,0.92,1.03,0.53,169,101,0.59,0.13,0.14,R,,1G343721-002178,G343.712-00.210,,,Simbad,255.2347,-42.4995
2G0455711-0002686,2G0455711-0002686,45.5711,-0.0269,0.6,1.1,0.95,1.03,0.3,121,141,0.5,0.12,0.16,R,,1G045574-000218,G045.575-00.024,,,Simbad,288.7221,11.217
2G0144807-0010828,2G0144807-0010828,14.4807,-0.1083,0.08,0.28,0.22,0.25,0.11,16,73,0.58,,0.14,C,,,G014.480-00.110,,,Simbad,274.3083,-16.4119
2G0190493-0058361,2G0190493-0058361,19.0493,-0.5836,1.08,1.02,0.76,0.9,0.42,19,74,0.67,0.08,0.23,R,,1G019047-005852,G019.045-00.588,4.7,,Simbad,276.9584,-12.6017
2G3325165+0047036,2G3325165+0047036,332.5166,0.4704,0.23,0.93,0.84,0.89,0.19,40,69,0.43,,0.17,C,,1G332515+004760,,,,Simbad,243.5771,-50.3708
2G3491269+0001186,2G3491269+0001186,349.1269,0.0119,0.42,0.59,0.46,0.53,0.22,12,101,0.63,0.17,0.26,R,,1G349130+000142,G349.126+00.010,,,Simbad,259.225,-38.0218
2G0281355+0033487,2G0281355+0033487,28.1355,0.3349,0.46,0.77,0.59,0.69,0.22,56,72,0.64,0.11,0.11,C,P,1G028134+003336,G028.128+00.338,,,Simbad,280.3697,-4.1145
2G3108644-0054010,2G3108644-0054010,310.8644,-0.5401,0.14,0.46,0.38,0.42,0.07,171,105,0.57,0.09,0.3,R,,1G310864-005395,G310.865-00.539,,,Simbad,210.1542,-62.3416
2G0080088-0017020,2G0080088-0017020,8.0089,-0.1702,0.15,0.96,0.74,0.85,0.09,32,54,0.64,,0.12,C,,1G008008-001682,G008.006-00.169,,,Simbad,271.0563,-22.1105
2G0236028-0020103,2G0236028-0020103,23.6029,-0.201,0.12,0.52,0.39,0.46,0.06,10,58,0.66,,0.15,C,,,G023.601-00.203,,,Simbad,278.7559,-8.3876
2G3397766+0002265,2G3397766+0002265,339.7767,0.0227,0.06,0.18,0.16,0.17,0.06,38,150,0.54,0.5,0.29,R,,1G339777+000226,G339.777+00.022,,,Simbad,251.513,-45.4014
2G3453766-0090316,2G3453766-0090316,345.3767,-0.9032,0.08,0.22,0.18,0.2,0.05,135,123,0.62,0.16,0.2,R,,,G345.377-00.904,,,Simbad,257.3213,-41.5944
2G0108811+0008719,2G0108811+0008719,10.8811,0.0872,0.33,1.63,1.32,1.48,0.26,58,136,0.58,0.11,0.31,R,,1G010879+000922,G010.877+00.084,,,Simbad,272.3139,-19.4773
2G0110872-0037774,2G0110872-0037774,11.0873,-0.3777,0.85,1.66,1.42,1.54,0.41,18,115,0.52,0.14,0.34,R,,1G011089-003769,G011.080-00.378,,,Simbad,272.8514,-19.5212
2G2974096-0063761,2G2974096-0063761,297.4097,-0.6376,0.69,1.24,0.94,1.1,0.5,152,104,0.65,0.14,0.19,R,,1G297414-006371,,,,Simbad,180.6295,-62.9836
2G0431871-0006303,2G0431871-0006303,43.1872,-0.063,0.11,0.54,0.42,0.48,0.04,13,58,0.63,,0.16,C,,1G043188-000611,G043.188-00.067,,,Simbad,287.6322,9.0877
2G0302461+0005537,2G0302461+0005537,30.2462,0.0554,0.06,0.29,0.26,0.27,0.04,37,89,0.42,0.2,0.17,R,,1G030250+000547,,,,Simbad,281.5848,-2.3648
2G3347234-0009516,2G3347234-0009516,334.7235,-0.0952,0.07,0.2,0.16,0.18,0.03,167,31,0.61,,0.18,C,,,G334.723-00.098,,,Simbad,246.6232,-49.2197
2G3004694-0010424,2G3004694-0010424,300.4694,-0.1042,0.29,0.88,0.58,0.74,0.15,32,105,0.75,0.13,0.12,R,,1G300469-001071,G300.470-00.103,,,Simbad,187.4525,-62.8725
2G3076081-0059352,2G3076081-0059352,307.6082,-0.5935,0.35,0.82,0.55,0.7,0.38,114,146,0.75,0.07,0.2,R,,1G307608-005930,G307.610-00.593,,,Simbad,203.2356,-63.0878
2G3299747-0000262,2G3299747-0000262,329.9747,-0.0026,0.13,1.05,0.81,0.94,0.12,49,83,0.64,0.17,0.45,R,,1G329975-000051,G329.976-00.002,,S68,Simbad,241.0889,-52.4389
2G3109058-0036197,2G3109058-0036197,310.9058,-0.362,0.23,1.05,0.8,0.94,0.16,29,63,0.65,0.06,0.13,R,,1G310906-003659,G310.901-00.373,13.8,S138,Simbad,210.1388,-62.1589
2G3134593-0013236,2G3134593-0013236,313.4593,-0.1324,0.13,0.5,0.36,0.44,0.07,10,34,0.69,,0.23,C,,1G313458-001336,,,,Simbad,215.1248,-61.1705
2G3454336+0020933,2G3454336+0020933,345.4337,0.2093,0.39,0.88,0.7,0.79,0.24,53,95,0.61,0.04,0.28,R,,1G345434+002068,G345.432+00.207,,,Simbad,256.1845,-40.8802
2G0173276+0042877,2G0173276+0042877,17.3277,0.4288,0.06,0.28,0.24,0.26,0.04,103,81,0.51,,0.41,C,,1G017328+004293,G017.330+00.428,,,Simbad,275.2124,-13.6494
2G0244969-0003930,2G0244969-0003930,24.497,-0.0393,0.32,0.41,0.39,0.4,0.13,3,46,0.32,,0.16,C,,1G024500-000354,G024.498-00.039,9.2,,Simbad,279.0264,-7.5194
2G0306561+0022411,2G0306561+0022411,30.6561,0.2241,0.38,0.37,0.3,0.33,0.13,44,113,0.59,0.05,0.09,C,,,,,,Simbad,281.6218,-1.9231
2G0381792-0001256,2G0381792-0001256,38.1793,-0.0126,0.14,1.27,1.0,1.14,0.09,13,102,0.62,,0.21,C,,1G038181-000131,,,,Simbad,285.2688,4.663
2G0025928+0000502,2G0025928+0000502,2.5928,0.005,0.04,0.21,0.14,0.18,0.03,36,91,0.72,,0.22,C,,,,,,Simbad,267.9122,-26.7121
2G3327127+0056275,2G3327127+0056275,332.7127,0.5627,0.68,1.43,1.1,1.28,0.5,17,96,0.64,0.11,0.24,R,,1G332711+005667,,,,Simbad,243.6997,-50.1687
2G3472408+0030897,2G3472408+0030897,347.2409,0.309,0.19,0.47,0.33,0.41,0.12,2,75,0.71,0.1,0.09,C,,1G347240+003096,G347.237+00.308,,,Simbad,257.4991,-39.3749
2G3508844+0072947,2G3508844+0072947,350.8844,0.7295,0.19,0.67,0.52,0.6,0.19,19,94,0.62,0.13,0.13,R,,1G350884+007300,G350.889+00.728,,CS95,Simbad,259.7605,-36.1721
2G0106171-0040606,2G0106171-0040606,10.6172,-0.4061,0.19,0.85,0.57,0.72,0.1,178,92,0.74,0.05,0.15,R,,1G010619-003993,G010.617-00.405,17.3,,Simbad,272.6372,-19.9467
2G3283561-0048449,2G3283561-0048449,328.3562,-0.4845,0.15,0.4,0.28,0.35,0.12,82,113,0.72,0.23,0.15,R,,,G328.355-00.485,,,Simbad,239.5787,-53.8643
2G3322932-0010084,2G3322932-0010084,332.2932,-0.1008,0.08,0.35,0.24,0.3,0.06,155,88,0.73,,0.17,C,,1G332293-001020,G332.293-00.106,3.3,,Simbad,243.9446,-50.9381
2G3294222-0015755,2G3294222-0015755,329.4222,-0.1576,0.11,0.27,0.18,0.23,0.12,32,11,0.75,,0.41,C,,1G329422-001589,G329.422-00.160,,,Simbad,240.5741,-52.9205
2G0051025-0000102,2G0051025-0000102,5.1025,-0.001,0.31,0.53,0.37,0.46,0.22,7,111,0.72,0.11,0.14,R,,,G005.101-00.001,,,Simbad,269.3261,-24.5502
2G0347620-0067053,2G0347620-0067053,34.762,-0.6705,0.9,4.75,3.48,4.16,0.74,52,139,0.68,0.14,0.55,R,P,1G034753-006701,G034.757-00.669,3.4,N64,Simbad,284.291,1.3227
2G3207661-0027304,2G3207661-0027304,320.7662,-0.273,0.11,0.52,0.31,0.43,0.08,1,98,0.81,,0.18,C,,1G320767-002728,G320.766-00.276,,,Simbad,228.3302,-58.1447
2G0065337-0011839,2G0065337-0011839,6.5337,-0.1184,0.05,0.55,0.27,0.43,0.01,8,5,0.87,,0.13,C,,1G006533-001187,G006.534-00.119,,,Simbad,270.2183,-23.3681
2G3217607-0055552,2G3217607-0055552,321.7608,-0.5555,0.21,0.61,0.46,0.54,0.17,39,86,0.66,0.25,0.25,R,,1G321764-005571,G321.765-00.554,,,Simbad,230.2056,-57.8592
2G3266417+0014079,2G3266417+0014079,326.6418,0.1408,0.1,0.35,0.23,0.3,0.06,91,86,0.75,0.14,0.19,R,,1G326642+001418,G326.643+00.142,,,Simbad,236.6342,-54.4634
2G0458460-0029806,2G0458460-0029806,45.8461,-0.2981,0.52,1.52,1.04,1.3,0.34,160,85,0.73,,0.13,C,,1G045843-002960,G045.838-00.296,5.9,,Simbad,289.0974,11.3341
2G0123586+0002922,2G0123586+0002922,12.3586,0.0292,0.06,0.32,0.27,0.3,0.04,70,75,0.5,,0.24,C,,,G012.357+00.029,,,Simbad,273.1204,-18.2108
2G3115728+0023925,2G3115728+0023925,311.5728,0.2393,0.05,0.3,0.26,0.28,0.04,93,85,0.48,,0.24,C,,,G311.575+00.239,11.6,,Simbad,211.1505,-61.3989
2G3383590-0009561,2G3383590-0009561,338.3591,-0.0956,0.09,0.52,0.48,0.5,0.05,49,51,0.42,,0.14,C,,1G338361-000970,G338.360-00.095,,,Simbad,250.3043,-46.5495
2G3268418+0065584,2G3268418+0065584,326.8418,0.6559,0.04,0.46,0.42,0.44,0.07,160,41,0.44,,0.15,C,,,,,,Simbad,236.3631,-53.934
2G0251461+0009214,2G0251461+0009214,25.1461,0.0921,0.32,0.6,0.47,0.54,0.12,155,45,0.63,,0.12,C,,,G025.147+00.089,,,Simbad,279.2095,-6.8825
2G0253618-0015867,2G0253618-0015867,25.3619,-0.1587,1.05,2.76,1.8,2.33,0.53,98,100,0.76,0.1,0.38,R,,1G025372-001767,G025.382-00.151,4.0,N39 N38,Simbad,279.5337,-6.806
2G0371769-0044654,2G0371769-0044654,37.177,-0.4465,0.46,2.08,1.63,1.87,0.37,67,67,0.62,,0.28,C,P,1G037179-004399,G037.175-00.440,11.1,,Simbad,285.1959,3.5732
2G0128794+0049349,2G0128794+0049349,12.8795,0.4935,0.14,0.26,0.18,0.23,0.1,52,106,0.72,0.06,0.08,C,,,G012.878+00.495,2.5,,Simbad,272.9556,-17.5309
2G0185833+0034458,2G0185833+0034458,18.5834,0.3446,0.08,0.38,0.35,0.37,0.05,25,57,0.41,,0.25,C,,1G018583+003447,G018.584+00.344,15.0,,Simbad,275.8944,-12.5804
2G3520962-0003383,2G3520962-0003383,352.0963,-0.0338,0.49,0.73,0.54,0.64,0.24,10,58,0.68,,0.15,C,,1G352097-000343,G352.098-00.039,,,Simbad,261.385,-35.6071
2G3580086-0015094,2G3580086-0015094,358.0087,-0.1509,0.13,0.43,0.31,0.38,0.07,147,72,0.69,,0.14,C,,,G358.010-00.153,,,Simbad,265.3482,-30.7103
2G0055779-0021020,2G0055779-0021020,5.5779,-0.2102,0.26,0.35,0.27,0.32,0.12,50,99,0.64,,0.22,C,,,,,,Simbad,269.786,-24.243
2G3191514-0034897,2G3191514-0034897,319.1514,-0.349,0.72,3.37,2.85,3.12,0.46,21,101,0.54,0.21,0.37,R,,1G319188-003543,G319.188-00.329,,S100,Simbad,225.7199,-59.0178
2G3310253+0009778,2G3310253+0009778,331.0253,0.0978,0.23,0.46,0.39,0.43,0.19,43,102,0.55,0.12,0.09,C,,,G331.025+00.099,,,Simbad,242.2482,-51.6607
2G3277660+0016331,2G3277660+0016331,327.766,0.1633,0.23,1.04,0.76,0.91,0.11,44,54,0.68,,0.2,C,,1G327767+001650,G327.763+00.163,,,Simbad,238.1087,-53.7443
2G3392980-0001888,2G3392980-0001888,339.2981,-0.0189,0.16,0.49,0.38,0.44,0.1,67,80,0.63,0.11,0.2,R,,1G339298-000221,G339.299-00.020,,,Simbad,251.1123,-45.7916
2G3271407+0024138,2G3271407+0024138,327.1408,0.2414,1.17,1.54,1.12,1.34,0.74,66,88,0.69,0.17,0.18,R,,1G327146+002426,G327.139+00.242,,,Simbad,237.1988,-54.0755
2G3475390+0017254,2G3475390+0017254,347.539,0.1726,0.69,7.62,4.1,6.12,0.34,149,58,0.84,,0.16,C,,1G347529+002163,G347.620+00.146,,,Simbad,257.8693,-39.2156
2G0461102+0028635,2G0461102+0028635,46.1103,0.2863,0.12,0.22,0.14,0.19,0.1,149,61,0.76,0.05,0.12,C,,,G046.109+00.286,,,Simbad,288.6949,11.84
2G0432758-0044605,2G0432758-0044605,43.2758,-0.4461,0.81,1.0,0.73,0.87,0.31,177,96,0.68,0.18,0.22,R,,1G043279-004475,G043.277-00.448,,,Simbad,288.0177,8.9891
2G0040556-0001448,2G0040556-0001448,4.0557,-0.0145,0.02,0.15,0.12,0.14,0.02,38,58,0.61,,0.38,C,,,G004.056-00.015,,CN50,Simbad,268.7579,-25.4617
2G0271603+0000275,2G0271603+0000275,27.1603,0.0027,0.05,0.24,0.17,0.21,0.08,37,70,0.67,,0.17,C,,,G027.160+00.001,,,Simbad,280.2182,-5.1336
2G0313167+0004774,2G0313167+0004774,31.3168,0.0478,0.34,1.23,1.14,1.19,0.14,151,106,0.37,,0.31,C,,1G031308+000533,G031.309+00.044,,,Simbad,282.0803,-1.4156
2G0165601+0000225,2G0165601+0000225,16.5602,0.0023,0.07,0.31,0.19,0.26,0.06,89,66,0.8,0.28,0.34,R,,1G016560+000056,G016.560+00.002,,,Simbad,275.2275,-14.5273
2G3515914-0035630,2G3515914-0035630,351.5915,-0.3563,0.11,0.55,0.27,0.44,0.04,167,68,0.87,,0.14,C,,1G351585-003560,,,,Simbad,261.3654,-36.2059
2G3057622-0024963,2G3057622-0024963,305.7623,-0.2496,0.11,0.41,0.33,0.37,0.07,48,84,0.59,0.06,0.1,C,,1G305762-002495,G305.763-00.250,,,Simbad,199.1003,-62.9841
2G3302916+0049596,2G3302916+0049596,330.2917,0.496,0.24,1.14,1.01,1.07,0.27,16,115,0.46,0.36,0.29,R,,1G330292+004960,G330.286+00.494,,,Simbad,240.9369,-51.8555
2G0167957+0006212,2G0167957+0006212,16.7958,0.0621,0.32,0.41,0.31,0.37,0.1,142,69,0.67,0.07,0.14,R,,1G016800+000607,G016.794+00.061,,,Simbad,275.2876,-14.2913
2G0073498+0003241,2G0073498+0003241,7.3498,0.0324,0.1,0.38,0.33,0.35,0.08,6,97,0.5,0.28,0.23,R,,1G007350+000365,G007.350+00.032,,CN97,Simbad,270.5147,-22.5843
2G3054861+0033278,2G3054861+0033278,305.4861,0.3328,0.14,0.44,0.26,0.36,0.07,27,56,0.81,,0.16,C,,,G305.487+00.332,,,Simbad,198.3846,-62.4293
2G3337190-0002679,2G3337190-0002679,333.7191,-0.0268,0.08,0.47,0.37,0.42,0.06,65,31,0.6,,0.38,C,,,G333.719-00.027,,,Simbad,245.4617,-49.8874
2G3400917-0017180,2G3400917-0017180,340.0918,-0.1718,0.48,1.51,1.22,1.37,0.26,44,80,0.58,0.04,0.35,R,,1G340093-001704,G340.097-00.174,,,Simbad,252.0141,-45.2872
2G0377800-0021389,2G0377800-0021389,37.78,-0.2139,0.14,0.91,0.53,0.74,0.06,6,63,0.81,,0.14,C,D,,,,,Simbad,285.2651,4.2158
2G0286086-0001182,2G0286086-0001182,28.6086,-0.0118,0.56,0.98,0.72,0.86,0.28,14,154,0.68,0.16,0.29,R,,1G028610-000090,G028.605-00.013,,,Simbad,280.8957,-3.8523
2G3464180+0026067,2G3464180+0026067,346.418,0.2607,0.04,0.4,0.22,0.33,0.02,29,113,0.84,,0.53,C,,1G346416+002582,G346.416+00.257,,,Simbad,256.9108,-40.0639
2G3558804-0052267,2G3558804-0052267,355.8804,-0.5227,0.21,1.46,1.09,1.29,0.26,129,91,0.67,0.17,0.24,R,,1G355878-005186,G355.882-00.524,,CS34,Simbad,264.3861,-32.7098
2G0198120+0001667,2G0198120+0001667,19.812,0.0167,0.34,1.01,0.84,0.93,0.2,24,93,0.55,0.29,0.33,R,,1G019814+000181,G019.818+00.010,,N27,Simbad,276.7779,-11.6472
2G0493802-0030761,2G0493802-0030761,49.3802,-0.3076,0.21,1.24,0.79,1.04,0.12,4,42,0.77,,0.25,C,,1G049381-003064,G049.384-00.298,5.3,,Simbad,290.8068,14.4508
2G0548372-0039918,2G0548372-0039918,54.8372,-0.3992,0.28,0.55,0.42,0.49,0.17,54,126,0.65,0.07,0.11,C,,1G054837-003984,,,,Simbad,293.6195,19.1987
2G0244383+0025094,2G0244383+0025094,24.4383,0.251,0.03,0.16,0.12,0.14,0.03,10,42,0.71,0.12,0.26,R,,,G024.438+00.250,7.7,,Simbad,278.7392,-7.4379
2G0491597-0006503,2G0491597-0006503,49.1597,-0.065,0.15,1.75,1.09,1.46,0.16,47,139,0.78,,0.18,C,,1G049161-000598,G049.163-00.066,5.3,,Simbad,290.4785,14.3708
2G3372534-0016653,2G3372534-0016653,337.2534,-0.1665,0.09,0.48,0.31,0.41,0.07,88,51,0.76,,0.3,C,,1G337254-001664,G337.253-00.165,,,Simbad,249.3023,-47.4215
2G3408570-0010357,2G3408570-0010357,340.857,-0.1036,0.07,0.37,0.21,0.3,0.04,149,52,0.83,,0.27,C,,1G340857-001056,G340.857-00.102,,,Simbad,252.6348,-44.6569
2G0214937-0015789,2G0214937-0015789,21.4937,-0.1579,0.1,0.26,0.19,0.23,0.06,11,18,0.68,,0.14,C,,,G021.494-00.159,11.7,,Simbad,277.7305,-10.2388
2G3423552-0005008,2G3423552-0005008,342.3552,-0.0501,0.11,0.71,0.63,0.67,0.09,13,103,0.45,0.24,0.45,R,,1G342355-000491,G342.354-00.047,14.8,,Simbad,253.8976,-43.4635
2G0073148-0012660,2G0073148-0012660,7.3148,-0.1266,1.24,3.36,2.89,3.13,0.82,4,103,0.51,0.13,0.3,R,,1G007315-001350,G007.303-00.125,,,Simbad,270.6458,-22.6933
2G3281162+0057052,2G3281162+0057052,328.1163,0.5705,0.38,1.12,0.77,0.96,0.28,16,93,0.72,,0.15,C,,1G328114+005732,G328.117+00.570,,,Simbad,238.1322,-53.2074
2G0180804+0006975,2G0180804+0006975,18.0805,0.0698,0.18,0.63,0.5,0.57,0.09,29,106,0.62,,0.22,C,,1G018081+000708,G018.076+00.068,11.8,,Simbad,275.9018,-13.1535
2G0494159-0019734,2G0494159-0019734,49.4159,-0.1973,0.27,2.21,1.94,2.08,0.26,86,71,0.48,,0.28,C,,1G049413-001928,G049.407-00.193,5.3,,Simbad,290.7238,14.5343
2G0039787-0079823,2G0039787-0079823,3.9787,-0.7982,0.23,0.96,0.85,0.91,0.23,78,113,0.46,0.33,0.4,R,,1G003978-007973,G003.975-00.797,,CN48,Simbad,269.4668,-25.9221
2G3263828-0007034,2G3263828-0007034,326.3829,-0.0703,0.69,1.51,0.7,1.18,0.23,70,96,0.89,0.11,0.17,R,,1G326381-000736,G326.380-00.072,,,Simbad,236.5058,-54.789
2G0094069-0009015,2G0094069-0009015,9.4069,-0.0901,0.19,0.3,0.21,0.26,0.09,171,124,0.72,0.14,0.14,R,,1G009404-000902,G009.405-00.091,,CN131,Simbad,271.7161,-20.852
2G0102626-0039943,2G0102626-0039943,10.2627,-0.3994,0.15,0.77,0.52,0.66,0.11,170,49,0.73,,0.17,C,,1G010262-003984,G010.259-00.401,,,Simbad,272.4486,-20.2539
2G0340949+0001809,2G0340949+0001809,34.0949,0.0181,0.09,0.49,0.29,0.41,0.05,44,93,0.8,,0.14,C,,1G034096+000203,G034.095+00.017,,,Simbad,283.3737,1.0433
2G3419634+0044011,2G3419634+0044011,341.9634,0.4401,0.97,1.59,1.38,1.49,0.59,23,109,0.5,0.08,0.31,R,,1G341963+004416,G341.962+00.437,,,Simbad,253.0331,-43.4578
2G0123548-0058216,2G0123548-0058216,12.3549,-0.5822,0.93,3.12,2.6,2.88,0.74,20,97,0.55,0.09,0.11,C,,1G012359-005614,G012.359-00.554,,,Simbad,273.6841,-18.5068
2G0532067+0015261,2G0532067+0015261,53.2067,0.1526,0.18,0.79,0.55,0.68,0.17,157,59,0.72,0.06,0.21,R,,1G053206+001514,G053.207+00.152,9.9,,Simbad,292.2801,18.036
2G0461740+0053330,2G0461740+0053330,46.1741,0.5333,0.21,0.7,0.59,0.64,0.13,175,147,0.54,0.15,0.26,R,,1G046175+005351,G046.173+00.533,11.5,,Simbad,288.5016,12.0112
2G0511938-0073692,2G0511938-0073692,51.1938,-0.7369,0.95,4.03,3.58,3.81,0.8,56,118,0.46,0.33,0.71,R,,1G051201-007383,G051.203-00.739,,,Simbad,292.0905,15.8429
2G3406435-0032240,2G3406435-0032240,340.6435,-0.3224,0.23,1.3,1.11,1.21,0.23,14,62,0.52,,0.24,C,,1G340636-003163,G340.638-00.319,,,Simbad,252.6797,-44.9609
2G0103173-0013476,2G0103173-0013476,10.3174,-0.1348,0.23,1.29,0.86,1.1,0.22,145,142,0.75,0.26,0.16,R,,1G010317-001386,G010.308-00.150,,CN148,Simbad,272.2301,-20.078
2G0244879-0024585,2G0244879-0024585,24.488,-0.2459,0.65,2.96,1.86,2.47,0.65,131,118,0.78,,0.15,C,P,1G024499-002429,G024.493-00.219,9.7,,Simbad,279.2073,-7.6223
2G0051897-0028621,2G0051897-0028621,5.1897,-0.2862,0.53,0.82,0.68,0.75,0.22,40,120,0.55,0.2,0.29,R,,1G005190-002877,G005.189-00.285,,CN64,Simbad,269.6456,-24.6174
2G3346618-0028276,2G3346618-0028276,334.6618,-0.2828,0.24,0.62,0.37,0.51,0.22,180,54,0.8,0.11,0.36,R,,1G334660-002835,G334.659-00.286,,,Simbad,246.7642,-49.3945
2G0136275+0019630,2G0136275+0019630,13.6276,0.1963,0.17,0.21,0.15,0.18,0.07,19,74,0.69,0.1,0.1,C,,1G013630+001949,,,,Simbad,273.6043,-17.0169
2G0284185-0013231,2G0284185-0013231,28.4185,-0.1323,0.19,0.57,0.47,0.52,0.23,33,84,0.58,0.23,0.15,R,,1G028419-001322,G028.420-00.131,,,Simbad,280.916,-4.0765
2G3101742-0024777,2G3101742-0024777,310.1742,-0.2478,0.06,0.5,0.47,0.49,0.03,91,87,0.28,,0.32,C,,1G310175-002488,G310.182-00.247,,,Simbad,208.5593,-62.2333
2G3328655-0056924,2G3328655-0056924,332.8656,-0.5693,0.13,0.9,0.73,0.82,0.13,105,114,0.58,0.2,0.21,R,,1G332865-005687,G332.861-00.573,,S49,Simbad,245.1132,-50.8739
2G3558423-0048948,2G3558423-0048948,355.8423,-0.4895,0.12,0.66,0.47,0.57,0.09,11,62,0.71,,0.21,C,,1G355843-004891,G355.842-00.490,,,Simbad,264.3285,-32.7242
2G3555043-0006262,2G3555043-0006262,355.5044,-0.0626,0.03,0.21,0.18,0.2,0.02,15,67,0.51,,0.2,C,,,G355.504-00.062,,CS35,Simbad,263.6844,-32.7786
2G3454765-0022154,2G3454765-0022154,345.4766,-0.2215,0.12,0.22,0.18,0.2,0.08,4,86,0.6,0.04,0.24,R,,,G345.477-00.221,,,Simbad,256.6737,-41.1062
2G0120854-0041270,2G0120854-0041270,12.0854,-0.4127,0.46,0.5,0.34,0.43,0.14,91,36,0.72,,0.18,C,,1G012088-004139,G012.089-00.414,,,Simbad,273.3911,-18.6625
2G0274957+0019652,2G0274957+0019652,27.4958,0.1965,0.06,0.45,0.35,0.4,0.04,28,88,0.63,,0.43,C,,,,,,Simbad,280.1995,-4.7466
2G0462135+0054714,2G0462135+0054714,46.2135,0.5472,0.08,0.31,0.26,0.29,0.08,28,103,0.54,0.17,0.27,R,,1G046214+005477,G046.213+00.547,11.5,,Simbad,288.5078,12.0525
2G3202557-0030016,2G3202557-0030016,320.2558,-0.3002,0.17,0.65,0.36,0.53,0.12,79,84,0.83,0.1,0.35,R,D,1G320257-003014,,,,Simbad,227.5223,-58.4291
2G3391705+0009299,2G3391705+0009299,339.1705,0.093,0.56,0.57,0.42,0.5,0.19,168,96,0.68,0.07,0.1,C,,1G339174+000930,G339.176+00.098,,,Simbad,250.8711,-45.8147
2G3420479+0039191,2G3420479+0039191,342.048,0.3919,0.29,1.64,1.07,1.38,0.15,38,45,0.76,,0.19,C,,1G342040+003934,,,S20,Simbad,253.1584,-43.423
2G3314745-0013858,2G3314745-0013858,331.4746,-0.1386,0.06,0.19,0.15,0.17,0.05,152,80,0.61,0.23,0.26,R,,,G331.475-00.138,,,Simbad,243.0374,-51.5288
2G3364056+0002708,2G3364056+0002708,336.4057,0.0271,0.35,0.65,0.42,0.55,0.2,157,92,0.76,0.18,0.18,R,,1G336405+000271,,,,Simbad,248.2396,-47.9155
2G0252809-0030408,2G0252809-0030408,25.2809,-0.3041,0.63,2.6,1.79,2.23,0.57,45,108,0.72,,0.3,C,,1G025268-003041,G025.291-00.303,11.2,,Simbad,279.6264,-6.9447
2G0363812+0001697,2G0363812+0001697,36.3813,0.017,0.05,0.61,0.37,0.51,0.04,91,92,0.8,,0.18,C,,1G036382+000172,G036.380+00.014,,,Simbad,284.4187,3.0773
2G3438112+0015293,2G3438112+0015293,343.8112,0.1529,0.32,0.64,0.48,0.57,0.22,10,89,0.66,0.15,0.33,R,,1G343812+001516,G343.811+00.151,17.0,,Simbad,254.9173,-42.1978
2G0175832+0008897,2G0175832+0008897,17.5832,0.089,0.1,0.39,0.31,0.35,0.15,168,101,0.61,0.36,0.14,R,,1G017585+000894,G017.584+00.088,,,Simbad,275.6446,-13.5837
2G0042026-0002616,2G0042026-0002616,4.2026,-0.0262,0.16,0.3,0.26,0.28,0.15,18,87,0.47,0.28,0.1,R,,1G004203-000259,G004.202-00.027,,CN53,Simbad,268.8511,-25.3408
2G0574719+0030381,2G0574719+0030381,57.472,0.3038,0.43,1.08,0.86,0.98,0.19,12,129,0.6,0.12,0.36,R,,1G057471+003043,G057.470+00.303,,,Simbad,294.3347,21.8422
2G0431630-0007096,2G0431630-0007096,43.1631,-0.071,0.13,0.32,0.23,0.28,0.07,32,84,0.7,0.06,0.12,C,,1G043164-000682,G043.162-00.071,12.2,,Simbad,287.6281,9.0627
2G3180030-0065227,2G3180030-0065227,318.003,-0.6523,1.42,5.2,4.33,4.78,0.79,35,78,0.55,,0.34,C,,1G317983-006559,G317.979-00.672,,S103,Simbad,224.0106,-59.827
2G3457087+0016103,2G3457087+0016103,345.7087,0.161,0.43,0.98,0.66,0.84,0.21,3,81,0.74,0.15,0.12,R,,1G345715+001570,G345.711+00.159,,,Simbad,256.4551,-40.6904
2G0281417+0032946,2G0281417+0032946,28.1417,0.3295,0.14,0.32,0.21,0.27,0.07,38,39,0.76,,0.2,C,D,,G028.140+00.327,,,Simbad,280.3774,-4.1115
2G3326036-0072792,2G3326036-0072792,332.6037,-0.7279,0.1,0.7,0.66,0.68,0.08,15,74,0.33,,0.21,C,,1G332604-007273,G332.601-00.727,,,Simbad,244.9945,-51.1709
2G0055034-0025338,2G0055034-0025338,5.5034,-0.2534,0.07,0.43,0.33,0.39,0.05,3,80,0.63,,0.2,C,,1G005504-002529,G005.503-00.252,,,Simbad,269.7864,-24.3292
2G0291346-0014296,2G0291346-0014296,29.1347,-0.143,0.18,0.53,0.38,0.46,0.19,11,86,0.7,0.3,0.27,R,,1G029136-001438,G029.134-00.145,,,Simbad,281.2534,-3.4443
2G3166828-0019366,2G3166828-0019366,316.6829,-0.1937,0.11,0.36,0.28,0.32,0.08,25,75,0.6,0.23,0.21,R,,,G316.679-00.197,,,Simbad,221.244,-59.9989
2G3018219+0078494,2G3018219+0078494,301.822,0.785,0.6,0.62,0.46,0.55,0.22,45,86,0.68,0.2,0.28,R,,1G301821+007850,G301.817+00.784,4.5,,Simbad,190.4898,-62.0663
2G3210341-0050835,2G3210341-0050835,321.0342,-0.5083,1.06,1.71,1.13,1.45,0.43,27,82,0.75,0.07,0.23,R,,1G321040-004969,,,,Simbad,228.9965,-58.2061
2G3330483+0073060,2G3330483+0073060,333.0484,0.7306,0.25,0.73,0.45,0.61,0.14,175,98,0.79,0.08,0.16,R,,1G333049+007283,G333.045+00.731,,,Simbad,243.8966,-49.8154
2G0276122+0001667,2G0276122+0001667,27.6122,0.0167,0.28,0.78,0.59,0.69,0.14,12,98,0.65,0.09,0.18,R,,1G027612+000203,G027.611+00.020,9.7,,Simbad,280.4133,-4.7254
2G3500949+0010832,2G3500949+0010832,350.095,0.1083,0.04,0.25,0.17,0.21,0.03,57,13,0.73,,0.26,C,,,G350.094+00.107,,,Simbad,259.8298,-37.1751
2G3367674+0024285,2G3367674+0024285,336.7674,0.2429,0.36,0.43,0.31,0.38,0.13,25,61,0.69,0.14,0.11,R,,1G336766+002430,G336.766+00.243,,,Simbad,248.3702,-47.5036
2G0164283-0019930,2G0164283-0019930,16.4283,-0.1993,0.11,0.72,0.61,0.67,0.07,67,67,0.53,,0.27,C,,1G016429-001984,G016.424-00.201,3.9,,Simbad,275.3472,-14.7386
2G0027733+0010656,2G0027733+0010656,2.7734,0.1066,0.16,0.48,0.38,0.43,0.12,179,81,0.63,0.12,0.23,R,,1G002773+001072,G002.773+00.107,,CN35,Simbad,267.9176,-26.505
2G0253045+0053425,2G0253045+0053425,25.3045,0.5343,0.05,0.25,0.13,0.2,0.03,42,70,0.84,0.32,0.34,R,,,G025.305+00.532,,,Simbad,278.8874,-6.5385
2G0319270+0019810,2G0319270+0019810,31.927,0.1981,0.09,0.86,0.57,0.73,0.05,14,53,0.75,,0.13,C,P,1G031922+001987,G031.915+00.196,7.2,,Simbad,282.2249,-0.804
2G3303473-0023769,2G3303473-0023769,330.3473,-0.2377,0.03,0.19,0.14,0.17,0.01,75,62,0.67,,0.64,C,,,G330.347-00.238,,,Simbad,241.8008,-52.3653
2G3452853-0098167,2G3452853-0098167,345.2853,-0.9817,0.4,2.56,1.17,1.99,0.33,56,38,0.89,,0.21,C,,,,,,Simbad,257.3329,-41.7146
2G3389574-0003205,2G3389574-0003205,338.9574,-0.0321,0.06,0.17,0.15,0.16,0.05,46,59,0.4,0.11,0.13,R,,,G338.957-00.032,,,Simbad,250.8058,-46.0576
2G0104562-0000021,2G0104562-0000021,10.4562,-0.0002,0.18,0.68,0.43,0.57,0.07,7,40,0.77,,0.17,C,,1G010455-000010,G010.453-00.006,,,Simbad,272.1765,-19.8913
2G2988409+0011938,2G2988409+0011938,298.8409,0.1194,0.62,0.54,0.46,0.5,0.3,168,88,0.54,0.09,0.14,R,,1G298836+001155,G298.846+00.121,10.4,,Simbad,183.9806,-62.4699
2G0163793-0030790,2G0163793-0030790,16.3793,-0.3079,0.07,0.31,0.29,0.3,0.02,170,120,0.38,,0.15,C,,1G016379-003073,G016.380-00.308,,,Simbad,275.4224,-14.8329
2G3125963+0022743,2G3125963+0022743,312.5964,0.2274,0.47,1.01,0.72,0.88,0.27,47,47,0.7,,0.22,C,,1G312596+002219,,,,Simbad,213.192,-61.109
2G3579667-0016881,2G3579667-0016881,357.9667,-0.1688,0.06,0.23,0.18,0.21,0.07,145,118,0.65,0.13,0.3,R,,1G357967-001679,G357.966-00.168,,,Simbad,265.3401,-30.7554
2G0058529+0052360,2G0058529+0052360,5.8529,0.5236,0.12,0.81,0.61,0.72,0.09,171,63,0.66,,0.23,C,,1G005854+005245,,,,Simbad,269.2412,-23.6379
2G3080669-0043237,2G3080669-0043237,308.067,-0.4324,0.18,0.33,0.24,0.29,0.09,31,120,0.69,0.11,0.15,R,,1G308067-004326,G308.067-00.432,,,Simbad,204.1715,-62.8521
2G3562769-0007904,2G3562769-0007904,356.2769,-0.079,0.41,0.68,0.47,0.58,0.21,58,93,0.72,0.07,0.1,C,,1G356278-000799,G356.277-00.080,,,Simbad,264.1948,-32.1371
2G0346021-0041059,2G0346021-0041059,34.6021,-0.4106,0.21,0.39,0.33,0.36,0.16,177,118,0.57,0.31,0.33,R,,1G034603-004112,G034.600-00.412,,N63,Simbad,283.9867,1.2991
2G0378802-0031961,2G0378802-0031961,37.8802,-0.3196,0.95,3.9,2.8,3.39,0.49,70,65,0.7,,0.15,C,,1G037856-002996,,,,Simbad,285.4053,4.2566
2G0051388-0009338,2G0051388-0009338,5.1388,-0.0934,0.21,0.55,0.41,0.49,0.13,57,76,0.67,,0.15,C,,1G005138-000897,G005.139-00.094,,,Simbad,269.434,-24.5651
2G3061840-0035349,2G3061840-0035349,306.1841,-0.3535,0.17,0.42,0.31,0.37,0.13,161,78,0.68,0.13,0.09,R,,,G306.181-00.353,,,Simbad,200.0486,-63.0435
2G3183482-0069734,2G3183482-0069734,318.3482,-0.6974,0.13,0.93,0.71,0.83,0.2,93,77,0.64,,0.21,C,,,G318.352-00.690,,,Simbad,224.6592,-59.7065
2G3135731+0032833,2G3135731+0032833,313.5731,0.3283,0.52,0.58,0.36,0.48,0.31,42,65,0.78,0.11,0.11,C,,,G313.578+00.327,,,Simbad,215.0262,-60.6984
2G0148521-0060041,2G0148521-0060041,14.8521,-0.6004,0.06,0.49,0.43,0.46,0.05,71,69,0.48,,0.38,C,,1G014851-006013,G014.851-00.600,,,Simbad,274.9433,-16.3177
2G0229938-0015378,2G0229938-0015378,22.9939,-0.1538,0.2,1.22,0.98,1.1,0.18,172,120,0.59,,0.25,C,,1G022994-001535,G022.987-00.155,,,Simbad,278.4297,-8.9064
2G0236592-0025126,2G0236592-0025126,23.6592,-0.2513,0.14,0.62,0.48,0.55,0.13,168,73,0.62,,0.17,C,,1G023660-002527,G023.661-00.252,11.2,,Simbad,278.8273,-8.3608
2G0460972+0042410,2G0460972+0042410,46.0973,0.4241,0.15,0.42,0.37,0.4,0.14,10,108,0.48,0.27,0.37,R,,1G046098+004196,G046.095+00.422,,,Simbad,288.5641,11.8925
2G3309356-0025733,2G3309356-0025733,330.9357,-0.2573,0.11,0.35,0.22,0.29,0.06,59,81,0.77,0.11,0.13,R,,1G330936-002567,G330.937-00.258,,,Simbad,242.5305,-51.9827
2G0240427+0020432,2G0240427+0020432,24.0427,0.2043,0.06,0.16,0.12,0.14,0.07,146,115,0.65,0.12,0.15,R,,,G024.043+00.204,,,Simbad,278.5971,-7.8106
2G3296466+0009460,2G3296466+0009460,329.6466,0.0946,0.14,0.37,0.33,0.35,0.09,36,99,0.45,0.1,0.18,R,,1G329646+000954,G329.649+00.094,,,Simbad,240.5788,-52.5829
2G3166722+0036981,2G3166722+0036981,316.6722,0.3698,0.07,0.34,0.24,0.3,0.05,41,15,0.71,,0.16,C,,1G316672+003695,G316.673+00.370,,S112,Simbad,220.7553,-59.4919
2G0205581+0005781,2G0205581+0005781,20.5581,0.0578,0.48,0.77,0.46,0.63,0.18,66,92,0.8,,0.13,C,,,G020.550+00.053,9.1,,Simbad,277.0947,-10.9676
2G3210481-0080591,2G3210481-0080591,321.0482,-0.8059,1.51,4.98,3.6,4.34,0.82,170,82,0.69,,0.28,C,,,G321.061-00.763,,,Simbad,229.3178,-58.4516
2G3308243-0033990,2G3308243-0033990,330.8243,-0.3399,0.28,1.05,0.65,0.87,0.19,87,106,0.79,0.08,0.12,C,D,1G330825-003463,,,,Simbad,242.4885,-52.119
2G3515565+0020027,2G3515565+0020027,351.5565,0.2003,0.96,1.04,0.79,0.92,0.37,51,103,0.64,0.09,0.17,R,,1G351553+002033,G351.557+00.211,,CS83,Simbad,260.772,-35.9214
2G0111136-0039868,2G0111136-0039868,11.1136,-0.3987,0.65,0.62,0.41,0.53,0.32,47,98,0.75,0.05,0.12,C,,,G011.112-00.402,16.4,,Simbad,272.8844,-19.5082
2G3332438-0029146,2G3332438-0029146,333.2439,-0.2915,0.65,2.77,2.17,2.49,0.43,170,94,0.62,,0.36,C,,1G333236-002965,G333.215-00.298,,,Simbad,245.2281,-50.4103
2G3142411+0048910,2G3142411+0048910,314.2412,0.4891,1.36,3.62,2.26,3.02,0.86,61,93,0.78,0.13,0.23,R,,1G314234+004579,G314.220+00.477,,S116,Simbad,216.188,-60.3175
2G3122606+0026520,2G3122606+0026520,312.2606,0.2652,0.08,0.28,0.18,0.24,0.05,31,45,0.78,0.19,0.15,R,,1G312261+002665,G312.262+00.267,,,Simbad,212.5054,-61.1752
2G0329492-0037419,2G0329492-0037419,32.9492,-0.3742,0.24,0.44,0.36,0.4,0.12,170,137,0.56,0.12,0.11,C,,,G032.946-00.376,,,Simbad,283.2004,-0.1552
2G0075150+0039232,2G0075150+0039232,7.515,0.3923,0.52,0.58,0.48,0.54,0.21,25,119,0.56,0.28,0.11,R,,,,,,Simbad,270.2648,-22.2627
2G3399790-0055057,2G3399790-0055057,339.979,-0.5506,0.23,0.91,0.78,0.85,0.2,26,78,0.51,0.09,0.21,R,,1G339980-005491,G339.977-00.550,,,Simbad,252.3239,-45.6174
2G0107849-0051042,2G0107849-0051042,10.7849,-0.5104,0.6,10.99,6.08,8.88,0.51,139,58,0.83,,0.14,C,,1G010748-004703,G010.769-00.487,,N2,Simbad,272.8203,-19.8501
2G3326729-0061798,2G3326729-0061798,332.673,-0.618,0.25,1.78,1.11,1.48,0.27,5,92,0.78,0.36,0.34,R,,1G332678-006262,G332.657-00.622,3.3,S51,Simbad,244.9501,-51.044
2G0485859-0001317,2G0485859-0001317,48.5859,-0.0132,0.3,0.71,0.57,0.65,0.21,39,99,0.6,0.16,0.31,R,,1G048587-000113,G048.584-00.015,,,Simbad,290.1531,13.8888
2G0061078-0017482,2G0061078-0017482,6.1078,-0.1748,0.18,0.31,0.26,0.29,0.11,40,83,0.56,0.06,0.11,C,,1G006109-001759,,,,Simbad,270.0411,-23.7658
2G0173620-0004146,2G0173620-0004146,17.3621,-0.0415,0.12,0.58,0.33,0.47,0.08,39,43,0.83,,0.28,C,,1G017364-000376,,,,Simbad,275.6564,-13.8402
2G3580016-0016516,2G3580016-0016516,358.0016,-0.1652,0.16,0.56,0.46,0.51,0.15,1,85,0.56,0.23,0.19,R,,1G358001-001641,G358.001-00.168,,CS18,Simbad,265.358,-30.7239
2G0194937-0020413,2G0194937-0020413,19.4938,-0.2041,0.1,0.21,0.14,0.18,0.05,166,52,0.75,,0.18,C,,,G019.493-00.206,,,Simbad,276.8262,-12.0316
2G3231888+0012687,2G3231888+0012687,323.1889,0.1269,0.4,0.86,0.69,0.78,0.26,33,69,0.59,0.09,0.27,R,,1G323188+001278,G323.187+00.129,,,Simbad,231.7163,-56.5045
2G3571383+0024880,2G3571383+0024880,357.1384,0.2488,0.1,0.44,0.34,0.39,0.07,34,28,0.64,,0.14,C,,,G357.135+00.250,,,Simbad,264.4133,-31.2343
2G0431629-0051007,2G0431629-0051007,43.1629,-0.5101,0.04,0.37,0.23,0.31,0.04,147,115,0.78,,0.31,C,,1G043163-005099,G043.159-00.508,,,Simbad,288.0222,8.8594
2G3455074-0092586,2G3455074-0092586,345.5074,-0.9259,1.28,3.77,3.02,3.42,0.94,61,121,0.6,0.1,0.14,R,,1G345510-009098,,,,Simbad,257.4497,-41.5029
2G0239039+0006987,2G0239039+0006987,23.9039,0.0699,0.09,0.4,0.33,0.37,0.06,171,112,0.58,0.19,0.33,R,,1G023904+000704,G023.907+00.074,2.9,N32,Simbad,278.653,-7.9957
2G0403994+0068736,2G0403994+0068736,40.3995,0.6874,0.26,1.89,1.22,1.59,0.15,175,34,0.77,,0.18,C,,1G040414+006912,G040.399+00.683,,,Simbad,285.6647,6.9573
2G0241497+0012301,2G0241497+0012301,24.1497,0.123,0.56,1.14,0.9,1.03,0.35,56,111,0.61,0.19,0.3,R,,1G024150+001239,G024.138+00.123,8.9,,Simbad,278.7197,-7.753
2G0369673-0026022,2G0369673-0026022,36.9673,-0.2602,0.22,1.45,1.15,1.31,0.21,29,106,0.61,0.05,0.2,R,,1G036971-002625,G036.966-00.265,,,Simbad,284.9338,3.4719
2G3278048-0062574,2G3278048-0062574,327.8049,-0.6258,0.28,0.44,0.35,0.39,0.15,67,91,0.62,0.05,0.24,R,,1G327807-006277,G327.807-00.629,,,Simbad,239.0156,-54.3279
2G0535972+0004682,2G0535972+0004682,53.5973,0.0468,0.19,0.97,0.63,0.82,0.17,25,62,0.76,0.15,0.17,R,,1G053600+000497,G053.601+00.050,,,Simbad,292.5749,18.3281
2G0130783-0031497,2G0130783-0031497,13.0784,-0.315,0.1,0.37,0.28,0.33,0.05,169,65,0.66,,0.2,C,,1G013078-003131,G013.078-00.314,,,Simbad,273.8003,-17.7435
2G0391765-0039791,2G0391765-0039791,39.1765,-0.3979,0.57,1.12,0.88,1.01,0.31,26,104,0.62,0.13,0.33,R,,1G039172-003984,G039.176-00.399,9.4,,Simbad,286.0711,5.3729
2G3435163+0013012,2G3435163+0013012,343.5164,0.1301,0.11,0.47,0.31,0.4,0.11,1,125,0.76,,0.13,C,,1G343517+001306,G343.518+00.133,,,Simbad,254.6947,-42.4434
2G3323348+0068095,2G3323348+0068095,332.3348,0.681,0.2,0.53,0.4,0.47,0.06,38,80,0.67,,0.16,C,,1G332335+006834,G332.335+00.683,,,Simbad,243.1433,-50.3425
2G0501523-0067745,2G0501523-0067745,50.1524,-0.6775,0.75,2.41,1.68,2.08,0.59,64,103,0.72,0.31,0.15,R,,1G050154-006584,G050.137-00.660,5.4,,Simbad,291.5217,14.9556
2G0517625+0048039,2G0517625+0048039,51.7626,0.4804,0.9,3.98,2.72,3.41,0.8,161,133,0.73,0.58,0.61,R,,1G051758+004867,,,N108,Simbad,291.2567,16.9224
2G0446890-0058044,2G0446890-0058044,44.689,-0.5804,0.2,1.52,0.84,1.22,0.11,62,39,0.83,,0.15,C,,1G044698-005780,G044.689-00.579,,,Simbad,288.8033,10.1787
2G0598749+0076139,2G0598749+0076139,59.875,0.7614,0.09,0.35,0.27,0.32,0.07,74,94,0.64,0.14,0.18,R,,1G059875+007616,G059.872+00.760,,,Simbad,295.1847,24.1597
2G3052293-0014286,2G3052293-0014286,305.2294,-0.1429,0.07,0.41,0.38,0.39,0.05,112,133,0.35,0.21,0.3,R,,1G305229-001450,G305.229-00.144,,,Simbad,197.9122,-62.9245
2G3176117-0039759,2G3176117-0039759,317.6118,-0.3976,0.64,3.33,2.69,3.02,0.49,57,68,0.59,,0.33,C,,1G317613-004032,G317.628-00.425,,,Simbad,223.0877,-59.7778
2G3179174-0082504,2G3179174-0082504,317.9174,-0.825,0.32,1.5,0.94,1.25,0.25,89,150,0.78,0.09,0.25,R,,1G317928-008150,G317.925-00.814,,,Simbad,224.0177,-60.0197
2G0103389-0027823,2G0103389-0027823,10.339,-0.2782,0.21,1.4,1.13,1.27,0.14,17,114,0.59,0.13,0.27,R,,1G010335-002752,G010.331-00.278,,CN149,Simbad,272.3749,-20.1285
2G0486030+0006723,2G0486030+0006723,48.6031,0.0672,0.33,1.13,0.86,1.01,0.19,50,70,0.64,,0.13,C,,,,,,Simbad,290.0883,13.9417
2G3506739+0083803,2G3506739+0083803,350.6739,0.838,0.1,0.55,0.48,0.52,0.06,19,63,0.5,,0.3,C,,1G350669+008395,G350.675+00.832,,CS100,Simbad,259.5004,-36.2818
2G3328385-0054267,2G3328385-0054267,332.8386,-0.5427,0.09,0.48,0.4,0.44,0.06,8,88,0.55,,0.29,C,,1G332839-005424,G332.840-00.543,3.7,,Simbad,245.0531,-50.874
2G0179165-0065873,2G0179165-0065873,17.9165,-0.6587,0.14,0.7,0.58,0.64,0.09,159,104,0.57,0.07,0.1,C,,,,,,Simbad,276.4849,-13.639
2G0022683+0024069,2G0022683+0024069,2.2683,0.2407,0.77,2.79,2.1,2.47,0.45,50,91,0.66,,0.28,C,,1G002270+002402,G002.272+00.237,,,Simbad,267.4993,-26.8702
2G0235163-0003029,2G0235163-0003029,23.5163,-0.0303,0.35,0.99,0.74,0.87,0.21,58,167,0.67,0.09,0.13,R,,1G023512-000287,,,,Simbad,278.5625,-8.3858
2G0036051-0021322,2G0036051-0021322,3.6052,-0.2132,0.48,1.69,1.5,1.6,0.48,35,106,0.46,0.18,0.35,R,,1G003606-002144,G003.607-00.209,,CN42,Simbad,268.6956,-25.9509
2G3120460+0000118,2G3120460+0000118,312.0461,0.0012,0.09,0.29,0.23,0.26,0.1,47,93,0.57,0.19,0.14,R,,,G312.046-00.001,,,Simbad,212.242,-61.491
2G3204269-0027286,2G3204269-0027286,320.4269,-0.2729,0.33,1.53,1.29,1.42,0.25,44,96,0.54,0.12,0.22,R,,1G320427-002713,G320.426-00.270,,,Simbad,227.7769,-58.3187
2G3373286+0001411,2G3373286+0001411,337.3286,0.0141,0.07,0.21,0.14,0.18,0.03,7,50,0.74,,0.25,C,,,G337.328+00.015,,,Simbad,249.1793,-47.2446
2G2972402-0074090,2G2972402-0074090,297.2403,-0.7409,0.2,1.37,1.02,1.21,0.18,40,56,0.67,0.09,0.1,C,P,1G297242-007433,G297.251-00.731,,,Simbad,180.2194,-63.0526
2G3324598-0008382,2G3324598-0008382,332.4599,-0.0838,0.12,0.74,0.56,0.66,0.09,148,53,0.64,,0.17,C,,,G332.456-00.083,,,Simbad,244.1163,-50.8103
2G3179435-0078994,2G3179435-0078994,317.9435,-0.79,0.76,1.86,1.24,1.58,0.37,3,158,0.75,0.12,0.21,R,,,,,,Simbad,224.0318,-59.9766
2G3438535-0010749,2G3438535-0010749,343.8535,-0.1075,0.09,0.54,0.42,0.49,0.06,63,84,0.63,,0.3,C,,1G343853-001089,G343.855-00.103,,,Simbad,255.2296,-42.325
2G3195610-0051501,2G3195610-0051501,319.561,-0.515,0.13,0.21,0.12,0.17,0.09,110,128,0.82,0.1,0.38,R,,,G319.562-00.516,,,Simbad,226.571,-58.9626
2G0411287+0012006,2G0411287+0012006,41.1287,0.1201,0.63,1.0,0.74,0.88,0.34,41,114,0.67,0.1,0.16,R,,1G041127+001142,G041.129+00.112,,,Simbad,286.5099,7.345
2G0342704-0020435,2G0342704-0020435,34.2704,-0.2044,0.13,0.27,0.19,0.24,0.06,51,70,0.71,,0.14,C,,,G034.269-00.208,,,Simbad,283.6518,1.098
2G0142179-0053251,2G0142179-0053251,14.218,-0.5325,0.15,0.46,0.4,0.43,0.17,9,103,0.47,0.07,0.36,R,,1G014218-005325,,,,Simbad,274.568,-16.8443
2G0442306+0008171,2G0442306+0008171,44.2306,0.0817,1.92,3.86,2.65,3.31,1.32,12,96,0.73,0.38,0.39,R,,1G044231+000775,G044.224+00.085,7.7,N91,Simbad,287.9914,10.0798
2G3407337-0061624,2G3407337-0061624,340.7338,-0.6162,0.55,1.68,1.37,1.53,0.48,45,106,0.58,0.29,0.48,R,,1G340734-006147,G340.730-00.617,,,Simbad,253.0815,-45.0784
2G3305644-0011223,2G3305644-0011223,330.5645,-0.1122,0.27,0.43,0.32,0.38,0.25,176,110,0.67,0.09,0.24,R,,1G330565-001137,G330.564-00.112,,,Simbad,241.9259,-52.1264
2G3327182-0005264,2G3327182-0005264,332.7182,-0.0526,0.04,0.2,0.17,0.19,0.06,69,98,0.53,0.26,0.24,R,,,G332.718-00.053,,,Simbad,244.3751,-50.6083
2G3572333-0009035,2G3572333-0009035,357.2333,-0.0904,0.03,0.18,0.11,0.15,0.02,159,58,0.79,,0.27,C,,,,,,Simbad,264.8081,-31.3353
2G3526963-0030006,2G3526963-0030006,352.6963,-0.3001,0.39,0.74,0.57,0.66,0.24,2,115,0.64,0.17,0.22,R,,1G352696-002999,G352.697-00.297,,,Simbad,262.0669,-35.2575
2G3391165-0030069,2G3391165-0030069,339.1165,-0.3007,0.71,6.83,4.05,5.61,0.82,174,117,0.81,0.09,0.14,R,,,G339.109-00.233,,,Simbad,251.2487,-46.1131
2G0143055+0014082,2G0143055+0014082,14.3056,0.1408,0.53,1.76,1.53,1.65,0.29,25,138,0.49,,0.14,C,,1G014317+001421,G014.303+00.140,,,Simbad,273.993,-16.4475
2G0325843-0033209,2G0325843-0033209,32.5844,-0.3321,0.52,1.25,0.91,1.09,0.46,157,63,0.69,,0.19,C,,,G032.587-00.330,7.2,,Simbad,282.9966,-0.4607
2G3400793+0090920,2G3400793+0090920,340.0793,0.9092,0.15,0.37,0.27,0.32,0.12,9,71,0.69,0.08,0.35,R,,1G340080+009088,G340.081+00.906,,,Simbad,250.8429,-44.5934
2G0192545+0014670,2G0192545+0014670,19.2545,0.1467,0.1,0.43,0.26,0.36,0.05,2,73,0.79,,0.19,C,,1G019256+001457,G019.254+00.146,,,Simbad,276.3948,-12.0798
2G3432967+0017388,2G3432967+0017388,343.2967,0.1739,0.06,0.26,0.18,0.22,0.02,76,51,0.73,,0.24,C,,1G343297+001732,G343.297+00.173,,,Simbad,254.463,-42.5884
2G0089091+0016937,2G0089091+0016937,8.9091,0.1694,0.06,0.21,0.18,0.2,0.04,56,49,0.49,,0.22,C,,1G008909+001694,G008.909+00.168,,CN124,Simbad,271.213,-21.1595
2G2974667-0078330,2G2974667-0078330,297.4667,-0.7833,0.06,0.44,0.25,0.36,0.04,82,94,0.83,,0.15,C,,,G297.464-00.784,,,Simbad,180.6925,-63.1375
2G3101806-0012778,2G3101806-0012778,310.1806,-0.1278,0.31,2.33,1.87,2.11,0.29,106,85,0.6,,0.13,C,P,1G310181-001376,,,,Simbad,208.5108,-62.1152
2G3122999-0032733,2G3122999-0032733,312.3,-0.3273,0.22,0.5,0.37,0.44,0.19,41,72,0.67,0.11,0.12,R,,1G312300-003273,G312.299-00.327,,,Simbad,212.959,-61.728
2G3425646+0073531,2G3425646+0073531,342.5646,0.7353,0.2,0.91,0.75,0.84,0.14,43,91,0.56,0.14,0.46,R,,1G342567+007370,G342.567+00.737,,,Simbad,253.2431,-42.8058
2G0304432-0000874,2G0304432-0000874,30.4432,-0.0088,0.16,0.68,0.56,0.62,0.07,90,71,0.55,,0.18,C,,1G030443-000070,G030.442-00.004,,,Simbad,281.7319,-2.2188
2G0100650-0016834,2G0100650-0016834,10.065,-0.1683,0.15,0.82,0.53,0.69,0.13,90,50,0.77,,0.21,C,,1G010067-001680,G010.064-00.169,,,Simbad,272.131,-20.3149
2G0269890-0005989,2G0269890-0005989,26.9891,-0.0599,0.29,1.81,1.19,1.53,0.18,42,51,0.76,,0.46,C,,1G026990-000561,G026.984-00.062,10.2,N45,Simbad,280.1954,-5.3145
2G0317286+0069902,2G0317286+0069902,31.7287,0.699,0.07,0.28,0.23,0.25,0.11,53,124,0.57,0.3,0.43,R,,,G031.727+00.698,19.7,,Simbad,281.6886,-0.752
2G0438429+0038498,2G0438429+0038498,43.843,0.385,0.26,1.22,0.93,1.08,0.16,36,87,0.65,0.16,0.2,R,,1G043829+003957,G043.846+00.384,,,Simbad,287.5364,9.8763
2G3494759+0011960,2G3494759+0011960,349.476,0.1196,0.14,0.51,0.31,0.42,0.1,161,83,0.79,0.14,0.3,R,,1G349476+001209,G349.477+00.119,,CS118,Simbad,259.3695,-37.6747
2G0432176+0010670,2G0432176+0010670,43.2176,0.1067,0.07,0.3,0.24,0.27,0.06,9,97,0.57,0.25,0.22,R,,1G043218+001087,G043.218+00.106,,N87,Simbad,287.494,9.1931
2G3504814+0094910,2G3504814+0094910,350.4814,0.9491,0.13,0.62,0.51,0.57,0.11,173,104,0.56,0.26,0.27,R,,1G350482+009505,G350.482+00.951,,CS103,Simbad,259.2498,-36.3748
2G0484216+0011754,2G0484216+0011754,48.4216,0.1175,0.13,0.64,0.52,0.58,0.11,13,87,0.57,0.14,0.18,R,,1G048422+001173,G048.417+00.117,10.2,,Simbad,289.9548,13.8051
2G3191273-0046119,2G3191273-0046119,319.1274,-0.4612,0.07,0.38,0.35,0.37,0.03,36,60,0.4,,0.13,C,,1G319132-004601,G319.129-00.462,,,Simbad,225.7845,-59.1276
2G3508514-0004147,2G3508514-0004147,350.8515,-0.0415,0.14,0.39,0.3,0.35,0.09,180,108,0.65,0.11,0.22,R,,1G350852-000436,G350.850-00.040,,,Simbad,260.5236,-36.6393
2G0261927-0017975,2G0261927-0017975,26.1928,-0.1797,0.5,0.59,0.42,0.51,0.29,47,87,0.71,0.14,0.08,R,,,G026.192-00.183,,,Simbad,279.9359,-6.0772
2G0430980-0005208,2G0430980-0005208,43.0981,-0.0521,0.14,0.18,0.16,0.17,0.06,161,99,0.44,0.06,0.18,R,,,G043.097-00.052,12.4,,Simbad,287.5808,9.0138
2G0214297-0054934,2G0214297-0054934,21.4297,-0.5494,0.07,0.43,0.24,0.34,0.05,152,44,0.83,,0.22,C,,,G021.426-00.546,4.7,,Simbad,278.0533,-10.4765
2G3402596-0005801,2G3402596-0005801,340.2597,-0.058,0.14,0.55,0.47,0.51,0.08,26,87,0.53,0.1,0.35,R,,1G340260-000593,G340.261-00.056,,,Simbad,252.0444,-45.0855
2G0342631+0013065,2G0342631+0013065,34.2632,0.1306,0.19,1.24,0.81,1.05,0.13,134,93,0.76,0.16,0.19,R,,1G034261+001357,G034.256+00.136,3.5,,Simbad,283.3504,1.2444
2G0024408+0048004,2G0024408+0048004,2.4408,0.48,0.17,0.99,0.86,0.93,0.24,20,76,0.5,0.5,0.38,R,,1G002441+004805,G002.440+00.479,,CN30,Simbad,267.3686,-26.5993
2G0285912-0035336,2G0285912-0035336,28.5912,-0.3534,0.17,0.58,0.35,0.48,0.09,27,63,0.8,0.15,0.2,R,,1G028592-003541,G028.590-00.352,5.4,,Simbad,281.1923,-4.0239
2G0380457-0002942,2G0380457-0002942,38.0458,-0.0294,0.63,1.17,0.86,1.03,0.37,32,117,0.68,0.2,0.27,R,,1G038046-000318,G038.045-00.034,9.5,,Simbad,285.2225,4.5366
2G0497916+0035894,2G0497916+0035894,49.7917,0.3589,0.65,2.95,1.96,2.51,0.49,29,84,0.75,0.08,0.22,R,,1G049799+003628,G049.792+00.360,,,Simbad,290.3995,15.1279
2G3194524-0002059,2G3194524-0002059,319.4525,-0.0206,0.08,0.39,0.3,0.35,0.07,89,136,0.64,0.22,0.25,R,,1G319453-000219,G319.453-00.022,,,Simbad,225.9215,-58.5846
2G2992833-0029002,2G2992833-0029002,299.2834,-0.29,0.51,2.0,1.68,1.85,0.37,71,118,0.54,0.27,0.38,R,,1G299286-002903,G299.290-00.289,,S175,Simbad,184.8203,-62.9337
2G3492123+0007710,2G3492123+0007710,349.2124,0.0771,0.3,0.25,0.18,0.22,0.06,29,101,0.68,0.08,0.09,C,D,,G349.213+00.074,,,Simbad,259.2204,-37.9143
2G3546689+0025798,2G3546689+0025798,354.6689,0.258,1.06,2.03,1.58,1.82,0.49,29,94,0.63,0.11,0.41,R,,1G354668+002549,G354.670+00.252,,CS45,Simbad,262.8205,-33.3043
2G0404040+0008312,2G0404040+0008312,40.4041,0.0831,0.06,0.29,0.23,0.26,0.06,58,69,0.61,,0.14,C,,1G040403+000837,G040.403+00.084,,,Simbad,286.2077,6.6844
2G0337521-0005965,2G0337521-0005965,33.7521,-0.0597,0.32,0.78,0.66,0.72,0.18,93,82,0.54,,0.18,C,,1G033753-000607,G033.753-00.063,7.1,,Simbad,283.2866,0.7027
2G0083276-0032441,2G0083276-0032441,8.3277,-0.3244,0.47,0.69,0.61,0.65,0.21,30,139,0.47,0.05,0.12,C,D,1G008328-003216,G008.327-00.320,,,Simbad,271.3698,-21.9082
2G0315486+0009985,2G0315486+0009985,31.5487,0.0999,0.06,0.43,0.25,0.35,0.09,137,112,0.82,,0.13,C,,,G031.549+00.099,,,Simbad,282.1397,-1.1855
2G3385702-0013248,2G3385702-0013248,338.5702,-0.1325,0.44,0.79,0.56,0.69,0.24,33,77,0.71,0.1,0.1,C,,1G338571-001382,,,,Simbad,250.5469,-46.4153
2G3501263+0006996,2G3501263+0006996,350.1263,0.07,0.38,0.59,0.4,0.51,0.2,158,129,0.74,0.18,0.16,R,,1G350127+000699,G350.127+00.069,,CS112,Simbad,259.8917,-37.1714
2G0170087-0006303,2G0170087-0006303,17.0087,-0.063,0.18,0.87,0.69,0.78,0.14,69,107,0.61,0.14,0.24,R,,1G017011-000545,G017.004-00.061,,,Simbad,275.5048,-14.1622
2G0155170+0018639,2G0155170+0018639,15.517,0.1864,0.05,0.25,0.15,0.2,0.04,48,54,0.79,0.24,0.21,R,,,G015.520+00.188,,,Simbad,274.5495,-15.3598
2G0462042+0053330,2G0462042+0053330,46.2043,0.5333,0.12,0.41,0.26,0.35,0.08,103,51,0.77,,0.2,C,,1G046204+005341,G046.203+00.532,,,Simbad,288.516,12.0379
2G3524829+0080188,2G3524829+0080188,352.483,0.8019,0.35,0.57,0.35,0.47,0.16,170,76,0.78,,0.15,C,,,G352.486+00.799,,,Simbad,260.8059,-34.8171
2G3366513-0011729,2G3366513-0011729,336.6513,-0.1173,0.5,1.12,0.64,0.91,0.23,36,36,0.82,0.13,0.19,R,,,G336.652-00.117,,,Simbad,248.6463,-47.8332
2G0062245-0002751,2G0062245-0002751,6.2245,-0.0275,0.14,0.62,0.51,0.56,0.19,152,90,0.57,0.14,0.3,R,,1G006223-000258,G006.226-00.028,,CN81,Simbad,269.9649,-23.5913
2G2995970+0017042,2G2995970+0017042,299.597,0.1704,0.07,0.15,0.12,0.14,0.06,168,57,0.59,0.09,0.17,R,,,,,,Simbad,185.6187,-62.5137
2G3501756+0001626,2G3501756+0001626,350.1757,0.0163,0.06,0.25,0.23,0.24,0.06,14,96,0.45,0.21,0.27,R,,,G350.174+00.015,,CS111,Simbad,259.9825,-37.1616
2G3380912-0021431,2G3380912-0021431,338.0913,-0.2143,1.11,1.53,0.81,1.22,0.56,47,54,0.85,0.12,0.12,C,,,,,,Simbad,250.1756,-46.8288
2G0342041-0058398,2G0342041-0058398,34.2042,-0.584,0.04,0.21,0.16,0.19,0.02,98,26,0.69,,0.25,C,,,G034.204-00.584,,,Simbad,283.9595,0.8659
2G3220567+0060630,2G3220567+0060630,322.0567,0.6063,1.65,3.73,3.14,3.45,0.8,46,102,0.54,0.12,0.33,R,,1G322060+006149,G322.036+00.625,,,Simbad,229.5164,-56.7196
2G3178275-0001630,2G3178275-0001630,317.8275,-0.0163,0.06,0.26,0.17,0.22,0.06,139,136,0.75,0.3,0.29,R,,,G317.829-00.015,,,Simbad,223.1308,-59.3402
2G0137944+0018321,2G0137944+0018321,13.7944,0.1832,0.37,1.04,0.78,0.92,0.2,52,62,0.66,,0.21,C,,,G013.789+00.189,,,Simbad,273.6997,-16.8766
2G3137255-0051979,2G3137255-0051979,313.7255,-0.5198,0.11,0.65,0.47,0.56,0.07,49,72,0.69,0.08,0.17,R,,1G313725-005191,G313.724-00.519,,,Simbad,215.9223,-61.4432
2G3389452-0005285,2G3389452-0005285,338.9452,-0.0529,0.52,1.08,0.63,0.89,0.18,5,120,0.81,0.12,0.09,C,,1G338944-000598,,,,Simbad,250.8168,-46.0805
2G0305796-0009050,2G0305796-0009050,30.5797,-0.0905,0.22,1.34,1.15,1.25,0.23,5,115,0.51,0.09,0.18,R,,1G030587-000967,G030.585-00.097,7.3,,Simbad,281.867,-2.1346
2G0549278-0047793,2G0549278-0047793,54.9279,-0.4779,0.08,0.42,0.32,0.37,0.07,164,52,0.65,,0.38,C,,1G054928-004766,G054.928-00.478,,N118,Simbad,293.739,19.2398
2G3392397+0000780,2G3392397+0000780,339.2397,0.0078,0.06,0.24,0.16,0.2,0.05,4,102,0.74,0.18,0.17,R,,1G339240+000080,G339.240+00.008,,,Simbad,251.0285,-45.8183
2G0214772-0015435,2G0214772-0015435,21.4773,-0.1544,0.08,0.39,0.28,0.34,0.04,164,27,0.68,,0.17,C,,,G021.474-00.156,,,Simbad,277.7197,-10.2517
2G0282961+0000365,2G0282961+0000365,28.2962,0.0037,0.09,0.24,0.17,0.21,0.03,26,62,0.69,,0.17,C,,,G028.296+00.002,,,Simbad,280.7387,-4.1231
2G3074005-0057919,2G3074005-0057919,307.4005,-0.5792,0.1,0.5,0.28,0.4,0.07,154,67,0.83,,0.36,C,,1G307402-005802,G307.396-00.578,13.6,,Simbad,202.7773,-63.1062
2G3396149-0089778,2G3396149-0089778,339.6149,-0.8978,0.56,2.33,1.48,1.96,0.31,89,112,0.77,,0.21,C,,1G339609-008947,G339.607-00.887,,,Simbad,252.3707,-46.1194
2G0321574-0026969,2G0321574-0026969,32.1575,-0.2697,0.07,0.31,0.2,0.26,0.03,27,41,0.77,,0.18,C,,,,,,Simbad,282.7464,-0.8122
2G3552379+0009409,2G3552379+0009409,355.238,0.0941,0.9,5.1,3.18,4.25,0.61,102,93,0.78,,0.45,C,,1G355224+000886,G355.244+00.109,,,Simbad,263.3556,-32.9173
2G0073462-0024645,2G0073462-0024645,7.3463,-0.2465,0.07,0.42,0.36,0.39,0.13,29,67,0.5,,0.24,C,,1G007347-002459,G007.345-00.247,,,Simbad,270.7757,-22.725
2G0126854-0024884,2G0126854-0024884,12.6855,-0.2488,0.18,1.39,0.87,1.16,0.16,141,62,0.78,,0.21,C,,1G012696-002476,G012.692-00.251,,,Simbad,273.542,-18.0571
2G3316174+0051950,2G3316174+0051950,331.6174,0.5195,0.08,0.24,0.23,0.23,0.06,175,38,0.34,,0.28,C,,1G331620+005203,G331.620+00.518,,,Simbad,242.4888,-50.9495
2G3288161-0000321,2G3288161-0000321,328.8162,-0.0032,0.21,0.61,0.52,0.57,0.17,11,78,0.54,0.14,0.12,R,,1G328817-000040,G328.819-00.004,,,Simbad,239.643,-53.1997
2G0227568-0024571,2G0227568-0024571,22.7569,-0.2457,0.11,0.81,0.73,0.77,0.06,6,53,0.44,,0.19,C,,1G022757-002449,G022.757-00.246,,,Simbad,278.4016,-9.159
2G0531370+0014054,2G0531370+0014054,53.137,0.1405,0.34,1.51,0.84,1.22,0.17,21,34,0.83,,0.16,C,,,G053.134+00.123,,,Simbad,292.2562,17.969
2G0106383-0043298,2G0106383-0043298,10.6384,-0.433,0.08,0.33,0.25,0.29,0.03,51,84,0.62,,0.23,C,,1G010638-004340,G010.638-00.434,,,Simbad,272.6731,-19.9411
2G0286118+0001218,2G0286118+0001218,28.6118,0.0122,0.32,0.35,0.25,0.31,0.09,151,85,0.7,0.07,0.18,R,,1G028611+000144,G028.610+00.015,5.8,,Simbad,280.8757,-3.8385
2G0171253+0014397,2G0171253+0014397,17.1254,0.144,0.05,0.2,0.19,0.19,0.07,173,51,0.36,0.2,0.16,R,,,G017.125+00.144,,,Simbad,275.3731,-13.9619
2G3011369-0022482,2G3011369-0022482,301.1369,-0.2248,0.18,0.83,0.54,0.7,0.2,63,95,0.76,0.1,0.17,R,,1G301136-002263,G301.138-00.227,4.4,,Simbad,188.8975,-63.0413
2G0502905-0039033,2G0502905-0039033,50.2905,-0.3903,0.11,0.37,0.32,0.34,0.08,6,69,0.51,0.44,0.19,R,,1G050287-003912,G050.287-00.392,10.2,,Simbad,291.3279,15.2135
2G0282373+0002034,2G0282373+0002034,28.2374,0.0203,0.44,0.59,0.43,0.51,0.09,42,64,0.68,,0.16,C,,,,,,Simbad,280.697,-4.1678
2G0320915-0050235,2G0320915-0050235,32.0916,-0.5024,0.13,0.48,0.39,0.44,0.11,46,42,0.58,0.24,0.23,R,,,G032.092-00.504,,,Simbad,282.9235,-0.9769
2G0128931-0023148,2G0128931-0023148,12.8932,-0.2315,0.43,1.81,1.48,1.66,0.35,25,137,0.58,0.05,0.12,C,,1G012892-002286,G012.884-00.237,,,Simbad,273.6304,-17.8664
2G0085930+0038122,2G0085930+0038122,8.593,0.3812,0.28,0.97,0.65,0.83,0.28,153,79,0.75,,0.12,C,,,G008.597+00.383,,,Simbad,270.8485,-21.3308
2G3322862-0042798,2G3322862-0042798,332.2862,-0.428,0.06,0.43,0.27,0.36,0.06,78,57,0.78,,0.16,C,,1G332285-004264,,,,Simbad,244.298,-51.1785
2G3129507+0026127,2G3129507+0026127,312.9507,0.2613,0.17,0.58,0.41,0.5,0.1,90,120,0.71,0.13,0.3,R,,1G312949+002628,G312.950+00.261,,,Simbad,213.8646,-60.9655
2G0571125-0019915,2G0571125-0019915,57.1126,-0.1992,0.32,0.97,0.86,0.92,0.34,176,129,0.47,0.3,0.37,R,,1G057114-001993,G057.113-00.197,,,Simbad,294.6168,21.2824
2G3505857-0007436,2G3505857-0007436,350.5857,-0.0744,0.94,1.95,1.62,1.79,0.47,162,102,0.55,0.08,0.47,R,,1G350585-000744,G350.582-00.074,,CS101,Simbad,260.3688,-36.8767
2G0309930-0007701,2G0309930-0007701,30.993,-0.077,0.19,0.56,0.35,0.47,0.23,20,69,0.77,0.09,0.07,C,,1G030993-000734,G030.992-00.077,5.1,,Simbad,282.0437,-1.7607
2G3567788-0007125,2G3567788-0007125,356.7789,-0.0713,0.11,0.28,0.21,0.25,0.07,7,53,0.65,,0.14,C,,,G356.777-00.071,,,Simbad,264.5045,-31.7093
2G3095189-0075288,2G3095189-0075288,309.519,-0.7529,0.1,0.33,0.3,0.32,0.07,12,92,0.44,0.15,0.08,R,,,G309.517-00.756,,,Simbad,207.4314,-62.8768
2G3391587+0001338,2G3391587+0001338,339.1588,0.0134,0.24,0.38,0.24,0.32,0.12,36,92,0.77,0.09,0.16,R,,,G339.158+00.009,,,Simbad,250.9464,-45.8758
2G3350121-0014494,2G3350121-0014494,335.0122,-0.1449,0.09,0.52,0.44,0.48,0.06,34,55,0.55,,0.27,C,,1G335012-001467,G335.006-00.143,,,Simbad,246.9843,-49.0465
2G3319104-0003323,2G3319104-0003323,331.9104,-0.0332,0.29,1.18,0.72,0.98,0.19,38,89,0.79,,0.15,C,,1G331910-000354,G331.911-00.034,,,Simbad,243.4297,-51.1533
2G0051889-0035288,2G0051889-0035288,5.189,-0.3529,0.08,0.45,0.37,0.41,0.06,30,58,0.57,,0.16,C,,1G005189-003526,G005.189-00.354,,,Simbad,269.7089,-24.6513
2G3401096-0034543,2G3401096-0034543,340.1096,-0.3454,0.57,2.44,1.54,2.04,0.27,176,90,0.78,,0.16,C,,1G340114-003483,G340.106-00.354,,,Simbad,252.2194,-45.3854
2G3207807+0026626,2G3207807+0026626,320.7807,0.2663,0.31,0.84,0.65,0.75,0.17,25,86,0.63,0.12,0.19,R,,1G320783+002644,G320.782+00.258,,,Simbad,227.8326,-57.6744
2G0469471+0037013,2G0469471+0037013,46.9471,0.3701,0.09,0.38,0.3,0.34,0.07,26,76,0.61,0.11,0.23,R,,1G046948+003704,G046.948+00.371,16.2,N96,Simbad,289.0174,12.6196
2G3165451-0000145,2G3165451-0000145,316.5452,-0.0015,0.38,1.32,0.94,1.14,0.26,22,66,0.7,,0.2,C,,1G316545+000060,G316.548-00.003,,S113,Simbad,220.8333,-59.8824
2G0085753-0068868,2G0085753-0068868,8.5753,-0.6887,0.58,1.4,1.07,1.25,0.45,42,96,0.65,0.33,0.23,R,,1G008579-006834,G008.570-00.690,,CN118,Simbad,271.8427,-21.8698
2G3456297-0023193,2G3456297-0023193,345.6298,-0.2319,0.18,0.5,0.42,0.46,0.11,51,60,0.54,0.11,0.15,R,,1G345630-002320,G345.631-00.234,,,Simbad,256.8069,-40.99
2G0085321-0031274,2G0085321-0031274,8.5322,-0.3127,0.24,1.25,1.08,1.17,0.17,43,50,0.51,,0.15,C,,1G008534-003126,G008.537-00.313,,,Simbad,271.4665,-21.7241
2G0427645-0004639,2G0427645-0004639,42.7645,-0.0464,0.1,0.26,0.18,0.22,0.11,7,50,0.72,0.13,0.15,R,,,G042.764-00.046,,,Simbad,287.4198,8.7205
2G3368787+0015289,2G3368787+0015289,336.8788,0.1529,0.11,0.77,0.66,0.72,0.08,37,77,0.52,,0.32,C,,1G336878+001482,,,,Simbad,248.5799,-47.4829
2G3373099-0014042,2G3373099-0014042,337.31,-0.1404,0.17,0.78,0.6,0.7,0.1,48,52,0.64,,0.34,C,,1G337309-001393,G337.304-00.142,,,Simbad,249.3298,-47.3621
2G3057772-0025385,2G3057772-0025385,305.7773,-0.2539,0.09,0.22,0.17,0.2,0.05,49,43,0.62,0.05,0.16,R,,1G305778-002529,G305.777-00.254,,,Simbad,199.1341,-62.9869
2G3125722+0040359,2G3125722+0040359,312.5722,0.4036,0.34,1.63,1.36,1.5,0.21,5,84,0.55,,0.21,C,,1G312581+004121,G312.571+00.405,,,Simbad,213.0324,-60.9488
2G3137488+0012080,2G3137488+0012080,313.7489,0.1208,0.49,0.83,0.53,0.69,0.27,167,61,0.77,,0.18,C,,1G313750+001191,G313.754+00.115,,,Simbad,215.509,-60.834
2G3489861+0016805,2G3489861+0016805,348.9861,0.1681,0.16,0.77,0.65,0.71,0.2,58,60,0.53,,0.19,C,,1G348986+001678,G348.987+00.168,,,Simbad,258.9598,-38.0458
2G3530527-0001376,2G3530527-0001376,353.0527,-0.0138,0.09,0.38,0.31,0.34,0.08,21,65,0.59,0.32,0.31,R,,1G353053-000155,G353.052-00.015,,CS64,Simbad,262.0176,-34.8022
2G0128920-0019349,2G0128920-0019349,12.892,-0.1935,0.08,0.4,0.26,0.34,0.06,97,87,0.75,,0.15,C,,1G012893-001932,G012.891-00.195,,,Simbad,273.5947,-17.8493
2G0208564+0017343,2G0208564+0017343,20.8565,0.1734,0.04,0.29,0.16,0.23,0.03,111,30,0.82,,0.17,C,,,G020.855+00.174,,,Simbad,277.1316,-10.6497
2G3279166+0015660,2G3279166+0015660,327.9167,0.1566,0.11,0.64,0.49,0.57,0.09,49,44,0.65,,0.19,C,,1G327917+001563,G327.916+00.154,7.2,,Simbad,238.3129,-53.6541
2G0329830-0055013,2G0329830-0055013,32.983,-0.5501,0.3,0.62,0.42,0.53,0.16,2,71,0.74,,0.14,C,,1G032984-005506,G032.985-00.548,,,Simbad,283.3724,-0.2054
2G3517654+0048561,2G3517654+0048561,351.7654,0.4856,0.25,1.72,1.36,1.55,0.24,9,90,0.61,,0.14,C,,1G351767+004829,G351.766+00.492,,,Simbad,260.628,-35.5877
2G3361977+0038575,2G3361977+0038575,336.1977,0.3858,0.22,1.21,1.01,1.11,0.16,60,72,0.56,,0.22,C,,1G336198+003856,G336.203+00.385,,,Simbad,247.6374,-47.8221
2G0117964+0085296,2G0117964+0085296,11.7965,0.853,0.19,0.65,0.59,0.62,0.1,26,98,0.41,0.14,0.18,R,,1G011804+008519,G011.798+00.854,,,Simbad,272.075,-18.3054
2G3336633-0010779,2G3336633-0010779,333.6634,-0.1078,0.37,1.6,1.22,1.42,0.43,97,70,0.65,,0.18,C,,1G333664-001096,G333.668-00.122,,,Simbad,245.4895,-49.984
2G0377511-0011009,2G0377511-0011009,37.7512,-0.1101,0.13,0.55,0.48,0.52,0.09,70,101,0.49,0.1,0.29,R,,1G037751-001098,G037.750-00.110,10.1,N70,Simbad,285.1593,4.2377
2G3390924+0001132,2G3390924+0001132,339.0924,0.0113,0.2,0.93,0.66,0.81,0.16,5,112,0.7,,0.19,C,,,G339.103+00.008,,,Simbad,250.8861,-45.9273
2G3266849+0052402,2G3266849+0052402,326.6849,0.524,1.47,3.05,2.54,2.81,0.95,50,92,0.55,0.04,0.47,R,,1G326664+005225,G326.643+00.514,3.0,S79,Simbad,236.2894,-54.1344
2G3534297-0028976,2G3534297-0028976,353.4298,-0.2898,0.1,0.59,0.44,0.52,0.07,85,51,0.66,,0.17,C,,,G353.431-00.291,,,Simbad,262.5511,-34.6406
2G3201156-0048937,2G3201156-0048937,320.1157,-0.4894,0.54,1.64,1.19,1.43,0.31,14,70,0.69,,0.35,C,,1G320116-004855,G320.104-00.511,12.2,,Simbad,227.4741,-58.6632
2G3534360+0044581,2G3534360+0044581,353.436,0.4458,0.68,2.52,1.98,2.27,0.49,39,106,0.62,,0.32,C,,1G353434+004394,G353.436+00.426,,,Simbad,261.8126,-34.228
2G0115713+0039715,2G0115713+0039715,11.5714,0.3972,0.19,0.91,0.52,0.74,0.17,27,57,0.82,0.13,0.33,R,,1G011572+003977,G011.570+00.399,,N3,Simbad,272.3804,-18.7232
2G0242750-0013784,2G0242750-0013784,24.275,-0.1379,1.04,3.25,2.32,2.82,0.41,150,112,0.7,0.04,0.13,R,,1G024291-001491,G024.280-00.145,,N34,Simbad,279.0117,-7.7619
2G0286940+0017888,2G0286940+0017888,28.6941,0.1789,0.57,0.6,0.42,0.52,0.23,139,108,0.71,0.09,0.07,C,,,G028.688+00.177,9.6,,Simbad,280.7649,-3.6891
2G3101865-0010751,2G3101865-0010751,310.1865,-0.1075,0.07,0.35,0.2,0.28,0.04,54,43,0.82,0.21,0.21,R,D,,,,,Simbad,208.5126,-62.0941
2G3384612-0021673,2G3384612-0021673,338.4612,-0.2167,0.09,0.44,0.27,0.37,0.07,36,52,0.78,0.1,0.23,R,,1G338460-002173,G338.461-00.217,,,Simbad,250.5346,-46.5528
2G0057055-0012366,2G0057055-0012366,5.7056,-0.1237,0.13,0.51,0.41,0.46,0.11,178,76,0.59,0.08,0.15,R,,1G005706-001235,G005.705-00.127,,CN70,Simbad,269.7736,-24.0892
2G0306470+0010215,2G0306470+0010215,30.647,0.1022,0.14,0.85,0.73,0.8,0.14,69,70,0.51,0.17,0.25,R,,,G030.644+00.102,,,Simbad,281.7262,-1.9868
2G0470279+0021859,2G0470279+0021859,47.028,0.2186,0.39,1.38,1.19,1.28,0.25,27,110,0.51,0.23,0.35,R,,1G047029+002204,G047.028+00.216,5.8,N98,Simbad,289.1934,12.6206
2G0547139-0014463,2G0547139-0014463,54.714,-0.1446,0.05,0.51,0.31,0.43,0.04,37,38,0.79,,0.33,C,,1G054717-001433,G054.716-00.145,7.2,,Simbad,293.3204,19.2143
2G3316568+0013002,2G3316568+0013002,331.6568,0.13,0.16,1.17,0.97,1.07,0.27,71,75,0.55,,0.17,C,,1G331658+001312,G331.653+00.128,,,Simbad,242.9566,-51.2082
2G0021660+0000943,2G0021660+0000943,2.166,0.0094,0.03,0.2,0.18,0.19,0.07,169,30,0.48,,0.18,C,,,G002.164+00.010,,,Simbad,267.6633,-27.0767
2G0229931-0037493,2G0229931-0037493,22.9931,-0.3749,0.15,1.22,1.15,1.18,0.09,9,83,0.34,,0.17,C,,1G022991-003666,G022.988-00.360,4.8,,Simbad,278.628,-9.009
2G0074172-0028262,2G0074172-0028262,7.4173,-0.2826,0.2,0.53,0.42,0.48,0.11,19,87,0.62,0.09,0.29,R,,1G007419-002812,G007.415-00.281,,CN100,Simbad,270.8477,-22.6809
2G3515309-0043855,2G3515309-0043855,351.531,-0.4385,0.4,1.08,0.71,0.92,0.2,144,74,0.75,,0.22,C,,,,,,Simbad,261.4078,-36.3021
2G3293804+0039102,2G3293804+0039102,329.3805,0.391,0.22,2.01,1.53,1.78,0.17,15,59,0.65,,0.22,C,,1G329380+003922,G329.372+00.386,,,Simbad,239.9287,-52.5333
2G3340530+0035016,2G3340530+0035016,334.053,0.3502,0.19,0.37,0.28,0.33,0.12,58,97,0.65,0.13,0.12,R,,,G334.052+00.351,,,Simbad,245.415,-49.3847
2G3460959-0036351,2G3460959-0036351,346.0959,-0.3635,0.14,0.54,0.48,0.51,0.09,31,63,0.45,,0.2,C,,1G346096-003638,G346.095-00.361,,,Simbad,257.3149,-40.6953
2G3391522-0049825,2G3391522-0049825,339.1523,-0.4983,0.12,0.26,0.21,0.24,0.08,173,88,0.62,0.14,0.08,R,,,G339.154-00.497,,,Simbad,251.4989,-46.2146
2G3493309+0001789,2G3493309+0001789,349.331,0.0179,0.25,0.48,0.32,0.41,0.1,53,92,0.75,,0.35,C,,1G349331+000185,G349.328+00.020,21.4,,Simbad,259.3685,-37.8518
2G0159156+0032669,2G0159156+0032669,15.9156,0.3267,0.14,0.65,0.56,0.61,0.09,64,51,0.52,,0.31,C,,1G015918+003260,G015.916+00.326,,,Simbad,274.6171,-14.9423
2G3389027-0005010,2G3389027-0005010,338.9028,-0.0501,0.29,1.56,1.31,1.44,0.15,65,60,0.54,,0.12,C,,1G338907-000545,,,,Simbad,250.7737,-46.1106
2G3234252-0021538,2G3234252-0021538,323.4252,-0.2154,0.16,0.96,0.85,0.91,0.1,50,90,0.48,,0.15,C,,1G323422-002135,G323.423-00.217,,,Simbad,232.4206,-56.6546
2G3283162+0043944,2G3283162+0043944,328.3163,0.4395,1.29,1.56,1.13,1.36,0.78,27,109,0.69,0.13,0.2,R,,1G328308+004465,G328.320+00.435,7.2,,Simbad,238.5289,-53.1817
2G3078963-0046279,2G3078963-0046279,307.8963,-0.4628,0.1,0.39,0.35,0.37,0.13,9,86,0.44,0.22,0.26,R,,1G307896-004626,G307.895-00.463,,,Simbad,203.814,-62.9114
2G3098997+0034183,2G3098997+0034183,309.8998,0.3418,1.05,4.14,3.65,3.9,0.44,43,71,0.47,0.04,0.06,C,,1G309917+003676,G309.917+00.342,5.5,,Simbad,207.6973,-61.7244
2G0166397-0035363,2G0166397-0035363,16.6397,-0.3536,2.28,4.58,3.77,4.2,1.46,33,101,0.57,0.26,0.4,R,,1G016638-003549,G016.648-00.357,3.9,N18,Simbad,275.5907,-14.6245
2G0129287-0008427,2G0129287-0008427,12.9287,-0.0843,0.44,0.61,0.46,0.54,0.18,161,104,0.65,0.05,0.1,C,,1G012930-000811,G012.931-00.082,,,Simbad,273.5124,-17.7649
2G0452001-0043993,2G0452001-0043993,45.2001,-0.4399,0.3,0.81,0.68,0.75,0.36,30,112,0.55,0.31,0.18,R,,1G045196-004386,G045.195-00.439,6.0,,Simbad,288.9186,10.6964
2G0494251-0040523,2G0494251-0040523,49.4251,-0.4052,0.11,0.65,0.55,0.6,0.08,36,53,0.53,,0.22,C,,1G049427-004050,G049.424-00.406,,,Simbad,290.9175,14.4442
2G3385935-0000751,2G3385935-0000751,338.5935,-0.0075,0.1,0.27,0.23,0.25,0.07,32,64,0.52,0.1,0.18,R,,1G338594-000082,G338.596-00.007,,,Simbad,250.433,-46.3154
2G0050652-0004219,2G0050652-0004219,5.0653,-0.0422,0.09,0.26,0.2,0.23,0.09,8,92,0.67,0.18,0.14,R,,,G005.065-00.043,,,Simbad,269.3448,-24.6031
2G3197295-0047434,2G3197295-0047434,319.7295,-0.4743,0.55,0.96,0.77,0.87,0.22,35,102,0.61,,0.13,C,,,G319.739-00.477,,,Simbad,226.8153,-58.8437
2G3163366-0045410,2G3163366-0045410,316.3367,-0.4541,0.27,0.37,0.23,0.31,0.15,171,88,0.78,0.17,0.11,R,,1G316337-004540,G316.338-00.454,,,Simbad,220.8323,-60.3807
2G0395268-0045722,2G0395268-0045722,39.5269,-0.4572,0.2,0.26,0.16,0.22,0.05,88,68,0.79,,0.19,C,,1G039527-004579,G039.526-00.456,,,Simbad,286.2856,5.657
2G2981796-0025110,2G2981796-0025110,298.1796,-0.2511,0.7,1.81,1.38,1.61,0.52,33,114,0.65,0.08,0.17,R,,,G298.196-00.247,,,Simbad,182.4394,-62.7376
2G3024369-0010688,2G3024369-0010688,302.437,-0.1069,0.64,0.86,0.66,0.77,0.29,56,108,0.63,0.11,0.35,R,,1G302437-001075,G302.436-00.106,,,Simbad,191.7702,-62.9745
2G3313619+0000450,2G3313619+0000450,331.362,0.0045,0.19,0.93,0.72,0.83,0.15,180,97,0.63,0.23,0.31,R,,1G331363+000030,,,,Simbad,242.7482,-51.501
2G0521657-0059170,2G0521657-0059170,52.1658,-0.5917,1.36,6.75,6.11,6.44,1.08,14,112,0.43,0.2,0.32,R,,1G052171-005832,G052.174-00.567,,,Simbad,292.4422,16.7658
2G3296664+0010362,2G3296664+0010362,329.6664,0.1036,0.09,0.54,0.35,0.46,0.06,63,44,0.77,,0.13,C,,1G329665+001006,G329.665+00.101,,,Simbad,240.5936,-52.5631
2G0543771-0005778,2G0543771-0005778,54.3771,-0.0578,1.34,1.56,1.13,1.36,0.55,43,116,0.69,0.12,0.16,R,,,G054.376-00.050,,,Simbad,293.0678,18.9613
2G0278361+0007341,2G0278361+0007341,27.8361,0.0734,0.4,0.75,0.62,0.69,0.28,55,83,0.57,0.1,0.16,R,,1G027837+000754,G027.838+00.074,,,Simbad,280.4655,-4.5004
2G0056310-0029111,2G0056310-0029111,5.6311,-0.2911,0.17,0.24,0.2,0.22,0.15,9,74,0.56,0.06,0.1,C,,,G005.629-00.293,,CN68 CN69,Simbad,269.892,-24.2372
2G3374536-0035933,2G3374536-0035933,337.4536,-0.3593,0.36,1.12,0.74,0.95,0.16,34,45,0.75,,0.14,C,,1G337451-003575,G337.453-00.363,,,Simbad,249.7119,-47.4017
2G3437024-0013030,2G3437024-0013030,343.7024,-0.1303,0.24,1.3,1.05,1.19,0.27,29,109,0.59,0.15,0.39,R,,1G343704-001300,G343.708-00.124,,,Simbad,255.128,-42.4581
2G3525222-0015626,2G3525222-0015626,352.5222,-0.1563,0.23,0.41,0.24,0.34,0.17,20,87,0.8,,0.16,C,,1G352522-001539,,,,Simbad,261.8019,-35.3223
2G0077574-0005028,2G0077574-0005028,7.7575,-0.0503,0.11,0.54,0.36,0.46,0.09,68,65,0.74,0.15,0.22,R,,1G007757-000476,G007.757-00.050,,CN106,Simbad,270.8101,-22.2705
2G3205127-0037273,2G3205127-0037273,320.5128,-0.3727,0.07,0.29,0.28,0.29,0.06,34,70,0.23,0.11,0.25,R,,1G320513-003721,G320.513-00.373,,,Simbad,228.0148,-58.3606
2G3436170+0095417,2G3436170+0095417,343.6171,0.9542,0.09,0.53,0.39,0.47,0.08,44,28,0.67,,0.22,C,,,G343.615+00.955,,,Simbad,253.9105,-41.8508
2G0389834-0026200,2G0389834-0026200,38.9834,-0.262,0.89,0.77,0.64,0.71,0.32,176,87,0.56,0.04,0.12,C,,1G038986-002590,G038.978-00.269,,,Simbad,285.8609,5.2636
2G2964858-0044719,2G2964858-0044719,296.4858,-0.4472,0.02,0.23,0.14,0.19,0.02,0,68,0.82,,0.28,C,,,G296.486-00.448,,,Simbad,178.735,-62.6097
2G0309509+0054183,2G0309509+0054183,30.9509,0.5418,0.43,0.68,0.53,0.61,0.22,69,91,0.63,0.05,0.29,R,,1G030951+005426,G030.951+00.541,,,Simbad,281.4736,-1.5158
2G0176901-0009246,2G0176901-0009246,17.6902,-0.0925,0.05,0.2,0.18,0.19,0.07,14,102,0.44,0.29,0.22,R,,,G017.690-00.092,,,Simbad,275.8611,-13.5743
2G0207174-0013617,2G0207174-0013617,20.7175,-0.1362,1.98,3.54,2.41,3.02,0.79,161,76,0.73,,0.23,C,,1G020733-001049,G020.728-00.105,11.8,,Simbad,277.3451,-10.9165
2G3482565-0098002,2G3482565-0098002,348.2565,-0.98,0.94,1.52,1.15,1.35,0.54,63,111,0.66,0.3,0.31,R,,,G348.249-00.971,2.5,S6,Simbad,259.619,-39.305
2G0179440-0067657,2G0179440-0067657,17.944,-0.6766,0.2,0.78,0.64,0.71,0.11,174,104,0.56,0.08,0.2,R,,1G017945-006776,,,,Simbad,276.5144,-13.623
2G0331699+0000045,2G0331699+0000045,33.1699,0.0005,0.6,2.06,1.41,1.76,0.63,11,77,0.73,0.22,0.15,R,,1G033176-000097,G033.176-00.016,7.1,,Simbad,282.9676,0.212
2G0143798-0008987,2G0143798-0008987,14.3798,-0.0899,0.3,2.47,1.86,2.19,0.21,28,89,0.66,,0.25,C,,1G014399-001027,G014.392-00.106,,,Simbad,274.2414,-16.4919
2G0231155+0055921,2G0231155+0055921,23.1155,0.5592,0.29,1.18,0.94,1.07,0.14,28,63,0.6,,0.28,C,,,,,N30,Simbad,277.8468,-8.4692
2G3326373-0068101,2G3326373-0068101,332.6373,-0.681,0.13,0.49,0.34,0.42,0.06,155,45,0.72,,0.15,C,,,G332.633-00.683,,,Simbad,244.98,-51.1139
2G0529942+0013247,2G0529942+0013247,52.9942,0.1325,0.38,0.71,0.54,0.63,0.2,46,62,0.65,,0.18,C,,,,,,Simbad,292.1918,17.8398
2G0597878-0024276,2G0597878-0024276,59.7878,-0.2428,0.16,0.95,0.76,0.86,0.13,168,63,0.6,,0.16,C,,1G059790-002422,G059.791-00.243,,,Simbad,296.0905,23.5853
2G3202243+0042842,2G3202243+0042842,320.2244,0.4284,0.39,1.08,0.83,0.96,0.21,171,107,0.64,0.11,0.15,R,,1G320229+004329,,,,Simbad,226.7791,-57.8144
2G3383283-0029193,2G3383283-0029193,338.3284,-0.2919,0.07,0.41,0.27,0.35,0.07,44,55,0.75,0.28,0.34,R,,1G338329-002923,G338.328-00.291,,,Simbad,250.4894,-46.7022
2G0493841-0026794,2G0493841-0026794,49.3841,-0.268,0.4,0.73,0.64,0.68,0.17,113,99,0.48,0.05,0.28,R,,1G049385-002675,G049.379-00.264,5.5,,Simbad,290.7726,14.4729
2G3093738-0014826,2G3093738-0014826,309.3739,-0.1483,0.09,0.57,0.49,0.53,0.1,53,112,0.52,0.09,0.31,R,,1G309374-001502,G309.370-00.153,5.4,,Simbad,206.8355,-62.3188
2G3365312-0019492,2G3365312-0019492,336.5312,-0.1949,0.41,1.4,1.06,1.24,0.22,47,56,0.65,,0.21,C,,1G336541-001850,G336.539-00.198,10.4,,Simbad,248.6102,-47.9742
2G3575341+0019808,2G3575341+0019808,357.5342,0.1981,0.14,0.46,0.4,0.43,0.18,19,97,0.49,0.31,0.3,R,,1G357534+001985,G357.534+00.197,,CS20,Simbad,264.7104,-30.927
2G3439610-0018366,2G3439610-0018366,343.961,-0.1837,0.21,0.58,0.52,0.55,0.23,64,97,0.47,0.17,0.14,R,,1G343961-001836,G343.961-00.183,,,Simbad,255.4002,-42.287
2G0287888+0047493,2G0287888+0047493,28.7889,0.4749,0.07,0.34,0.31,0.32,0.06,48,45,0.42,,0.41,C,,1G028789+004757,G028.787+00.476,,,Simbad,280.5445,-3.4695
2G3397699+0001251,2G3397699+0001251,339.77,0.0125,0.04,0.21,0.15,0.19,0.02,175,98,0.7,,0.18,C,,1G339770+000131,G339.771+00.011,,,Simbad,251.5178,-45.4132
2G0364670-0018527,2G0364670-0018527,36.467,-0.1853,0.42,2.55,2.04,2.31,0.32,165,106,0.6,,0.31,C,,1G036468-001859,G036.459-00.183,8.9,,Simbad,284.6381,3.0611
2G3316879+0016172,2G3316879+0016172,331.6879,0.1617,0.08,0.57,0.34,0.47,0.09,98,82,0.81,0.2,0.27,R,,1G331688+001606,G331.689+00.162,,,Simbad,242.9583,-51.1638
2G3507297+0055859,2G3507297+0055859,350.7297,0.5586,3.34,6.7,4.27,5.62,1.06,27,149,0.77,0.06,0.29,R,,1G350783+005976,G350.710+00.641,,,Simbad,259.824,-36.3969
2G3208932-0038643,2G3208932-0038643,320.8933,-0.3864,0.25,0.5,0.43,0.47,0.19,12,109,0.49,0.05,0.16,R,,1G320892-003863,G320.891-00.386,,,Simbad,228.6477,-58.1758
2G0132191+0008251,2G0132191+0008251,13.2191,0.0825,0.43,1.4,0.97,1.2,0.26,56,93,0.73,0.2,0.34,R,,1G013222+000832,G013.222+00.082,,N11,Simbad,273.5045,-17.4301
2G3163778-0034483,2G3163778-0034483,316.3779,-0.3448,0.74,1.68,1.31,1.51,0.47,41,131,0.63,0.26,0.4,R,,1G316378-003439,G316.369-00.368,12.7,,Simbad,220.8157,-60.2642
2G3481124-0032801,2G3481124-0032801,348.1125,-0.328,0.06,0.25,0.19,0.22,0.04,1,56,0.61,,0.13,C,,,G348.113-00.328,,,Simbad,258.8257,-39.045
2G0101645-0023062,2G0101645-0023062,10.1645,-0.2306,0.11,0.38,0.24,0.32,0.1,103,109,0.77,0.32,0.1,R,,1G010164-002308,G010.162-00.231,,CN144,Simbad,272.2405,-20.2581
2G0444129+0054834,2G0444129+0054834,44.413,0.5483,0.16,0.87,0.58,0.74,0.13,46,64,0.74,0.19,0.17,R,,1G044414+005453,,,,Simbad,287.6567,10.4573
2G3292376-0027871,2G3292376-0027871,329.2376,-0.2787,0.43,0.5,0.41,0.46,0.17,122,106,0.58,0.05,0.08,C,,1G329237-002796,G329.234-00.276,,,Simbad,240.4755,-53.1331
2G3332949-0040398,2G3332949-0040398,333.295,-0.404,0.33,0.85,0.64,0.75,0.18,33,93,0.66,0.04,0.1,C,,,G333.288-00.399,3.4,,Simbad,245.4096,-50.4539
2G0210045-0005391,2G0210045-0005391,21.0045,-0.0539,0.11,0.31,0.23,0.27,0.07,21,87,0.66,0.11,0.21,R,,1G021005-000517,G021.004-00.056,13.4,,Simbad,277.4064,-10.6241
2G0178052+0007312,2G0178052+0007312,17.8053,0.0731,0.03,0.18,0.17,0.17,0.02,28,64,0.4,,0.27,C,,,G017.804+00.073,,,Simbad,275.7662,-13.395
2G0389074-0043743,2G0389074-0043743,38.9075,-0.4374,0.26,1.5,1.24,1.37,0.38,23,127,0.57,0.34,0.3,R,,1G038907-004386,G038.901-00.443,,N74,Simbad,285.9825,5.1158
2G0137077-0023894,2G0137077-0023894,13.7077,-0.2389,0.27,0.57,0.49,0.53,0.19,38,96,0.51,0.12,0.32,R,,1G013708-002390,G013.709-00.243,,,Simbad,274.0445,-17.154
2G3305265+0055176,2G3305265+0055176,330.5266,0.5518,0.28,1.18,1.01,1.1,0.28,39,104,0.51,0.15,0.55,R,,1G330527+005514,G330.528+00.553,,,Simbad,241.1611,-51.6579
2G0336423-0022807,2G0336423-0022807,33.6423,-0.2281,0.22,0.56,0.45,0.51,0.26,137,91,0.59,0.08,0.14,R,,1G033643-002273,G033.643-00.229,6.5,,Simbad,283.3864,0.5282
2G3017131-0006025,2G3017131-0006025,301.7132,-0.0603,0.3,0.51,0.46,0.49,0.28,45,124,0.43,0.16,0.14,R,,1G301712-000616,G301.710-00.056,,,Simbad,190.1828,-62.9067
2G3116936-0039087,2G3116936-0039087,311.6936,-0.3909,0.37,0.37,0.26,0.32,0.07,113,62,0.73,,0.54,C,,,G311.696-00.392,,,Simbad,211.7719,-61.9689
2G3571471-0010057,2G3571471-0010057,357.1472,-0.1006,0.05,0.2,0.14,0.17,0.02,4,49,0.71,,0.27,C,,,G357.148-00.101,,,Simbad,264.7644,-31.4136
2G3494082+0018767,2G3494082+0018767,349.4082,0.1877,0.05,0.28,0.23,0.25,0.04,65,107,0.58,,0.27,C,,,G349.407+00.188,18.1,,Simbad,259.2497,-37.6906
2G0502985+0067888,2G0502985+0067888,50.2985,0.6789,0.18,0.64,0.51,0.58,0.11,64,52,0.61,,0.26,C,,1G050302+006756,G050.298+00.674,8.9,,Simbad,290.354,15.7257
2G3330923-0036941,2G3330923-0036941,333.0924,-0.3694,0.15,0.48,0.33,0.41,0.1,58,112,0.72,,0.16,C,,1G333093-003676,G333.093-00.370,,,Simbad,245.1453,-50.5723
2G0128825+0048085,2G0128825+0048085,12.8826,0.4808,0.18,0.37,0.29,0.33,0.14,150,95,0.61,0.07,0.07,C,,1G012883+004799,G012.881+00.480,2.5,,Simbad,272.9688,-17.5343
2G0311513+0028909,2G0311513+0028909,31.1514,0.2891,0.48,1.53,1.21,1.38,0.29,57,110,0.61,0.21,0.42,R,,1G031147+002879,G031.138+00.285,7.3,N54,Simbad,281.79,-1.4527
2G3264592+0090494,2G3264592+0090494,326.4592,0.905,0.14,0.94,0.6,0.79,0.13,82,85,0.77,0.2,0.43,R,,1G326450+009028,,,,Simbad,235.5896,-53.9691
2G0300195-0003903,2G0300195-0003903,30.0196,-0.039,0.2,0.37,0.24,0.31,0.09,15,70,0.77,,0.15,C,,1G030022-000378,G030.022-00.042,8.9,,Simbad,281.5653,-2.6095
2G0324643+0019478,2G0324643+0019478,32.4644,0.1948,0.04,0.36,0.25,0.31,0.04,151,94,0.72,,0.41,C,,1G032464+001944,G032.463+00.193,11.1,,Simbad,282.4729,-0.3273
2G3026408-0009331,2G3026408-0009331,302.6408,-0.0933,0.95,4.37,3.59,4.0,0.6,24,86,0.57,0.15,0.2,R,,1G302620-000837,G302.582-00.083,12.2,,Simbad,192.219,-62.9636
2G0410678-0018005,2G0410678-0018005,41.0678,-0.1801,2.26,3.58,2.63,3.14,1.2,47,114,0.68,0.19,0.39,R,,1G041066-001600,G041.074-00.162,8.7,,Simbad,286.7504,7.1529
2G0126370-0001236,2G0126370-0001236,12.6371,-0.0124,0.47,0.43,0.33,0.39,0.19,18,76,0.65,0.08,0.1,C,,,,,,Simbad,273.2994,-17.9864
2G0414796+0038180,2G0414796+0038180,41.4796,0.3818,0.12,0.58,0.44,0.52,0.06,80,62,0.65,,0.24,C,,1G041479+003845,G041.481+00.382,,,Simbad,286.438,7.7769
2G3490506+0009278,2G3490506+0009278,349.0506,0.0928,0.04,0.28,0.26,0.27,0.02,44,73,0.43,,0.3,C,,1G349051+000925,G349.051+00.093,,S4,Simbad,259.0852,-38.037
2G0190313+0042229,2G0190313+0042229,19.0313,0.4223,0.17,0.89,0.62,0.76,0.19,96,71,0.71,,0.23,C,,1G019029+004207,G019.030+00.423,13.7,,Simbad,276.0389,-12.1483
2G0060556-0003131,2G0060556-0003131,6.0556,-0.0313,0.38,0.43,0.27,0.36,0.25,13,75,0.79,0.04,0.2,R,,1G006056-000292,G006.057-00.033,,,Simbad,269.8767,-23.7397
2G0456329-0001645,2G0456329-0001645,45.6329,-0.0164,0.46,1.03,0.77,0.91,0.25,13,62,0.66,,0.18,C,,1G045622-000093,G045.634-00.016,11.4,,Simbad,288.7419,11.2766
2G0399284-0037802,2G0399284-0037802,39.9284,-0.378,0.32,0.66,0.52,0.59,0.17,172,121,0.6,0.06,0.12,C,,1G039928-003775,G039.924-00.378,6.5,,Simbad,286.4001,6.0501
2G0598350+0001031,2G0598350+0001031,59.8351,0.0103,0.44,1.32,1.08,1.21,0.44,55,125,0.58,0.29,0.31,R,,1G059837+000112,G059.835+00.009,,,Simbad,295.8768,23.7526
2G0309602+0058540,2G0309602+0058540,30.9602,0.5854,0.13,0.85,0.62,0.75,0.1,8,59,0.68,0.3,0.27,R,,1G030961+005940,G030.958+00.594,,,Simbad,281.439,-1.4876
2G3056393+0051128,2G3056393+0051128,305.6393,0.5113,0.14,0.57,0.54,0.55,0.11,32,66,0.34,0.2,0.34,R,,1G305640+005119,G305.637+00.515,,S148,Simbad,198.6794,-62.238
2G3208831-0064312,2G3208831-0064312,320.8831,-0.6431,0.35,1.38,1.2,1.3,0.3,11,104,0.5,0.05,0.3,R,,1G320883-006436,G320.884-00.641,,,Simbad,228.8861,-58.4001
2G3580837-0015733,2G3580837-0015733,358.0838,-0.1573,0.16,0.34,0.26,0.3,0.11,84,94,0.64,0.09,0.18,R,,1G358084-001571,G358.083-00.158,,,Simbad,265.4007,-30.65
2G0138900-0047682,2G0138900-0047682,13.8901,-0.4768,0.21,1.11,0.9,1.01,0.17,26,37,0.58,,0.15,C,,,G013.890-00.475,,,Simbad,274.3542,-17.1066
2G3374011-0031136,2G3374011-0031136,337.4011,-0.3114,0.04,0.31,0.22,0.27,0.03,109,48,0.68,,0.18,C,,1G337402-003104,G337.402-00.310,,,Simbad,249.6075,-47.4088
2G0186665+0004858,2G0186665+0004858,18.6665,0.0486,0.05,0.22,0.12,0.18,0.02,5,5,0.84,,0.14,C,,,G018.667+00.050,10.8,,Simbad,276.2023,-12.6455
2G3456558+0001375,2G3456558+0001375,345.6559,0.0138,0.27,0.69,0.59,0.64,0.13,42,120,0.53,,0.18,C,,1G345653+000114,G345.651+00.015,15.2,,Simbad,256.568,-40.8214
2G0247603+0062761,2G0247603+0062761,24.7603,0.6276,0.42,1.36,1.13,1.25,0.33,0,110,0.56,0.12,0.2,R,,1G024763+006252,G024.762+00.621,,,Simbad,278.5517,-6.9787
2G0331734-0001479,2G0331734-0001479,33.1735,-0.0148,0.39,2.5,1.73,2.15,0.25,115,125,0.72,,0.17,C,,1G033176-000097,G033.205-00.013,7.1,,Simbad,282.9828,0.2083
2G0174657-0023288,2G0174657-0023288,17.4658,-0.2329,0.06,0.3,0.24,0.27,0.05,51,93,0.63,,0.26,C,,1G017466-002332,G017.465-00.234,,,Simbad,275.8805,-13.8383
2G3319293+0006084,2G3319293+0006084,331.9293,0.0608,0.09,0.37,0.3,0.34,0.05,70,60,0.6,,0.27,C,,1G331930+000603,,,,Simbad,243.3487,-51.072
2G0123078-0005943,2G0123078-0005943,12.3079,-0.0594,0.69,2.12,1.8,1.97,0.32,176,113,0.52,0.06,0.11,C,,1G012309-000609,G012.311-00.059,,,Simbad,273.1766,-18.2978
2G0350588-0077857,2G0350588-0077857,35.0588,-0.7786,0.41,1.05,0.74,0.91,0.3,99,131,0.71,0.08,0.15,R,,1G035059-007792,G035.057-00.783,,,Simbad,284.5227,1.5375
2G0299535-0078597,2G0299535-0078597,29.9536,-0.786,0.09,0.34,0.28,0.31,0.1,43,47,0.58,0.21,0.09,R,,1G029954-007860,G029.954-00.788,,,Simbad,282.2007,-3.009
2G0606589-0002319,2G0606589-0002319,60.659,-0.0232,0.2,0.86,0.81,0.83,0.11,28,128,0.33,0.17,0.25,R,,1G060662-000267,G060.659-00.031,9.1,,Simbad,296.3595,24.4495
2G2989290+0048248,2G2989290+0048248,298.9291,0.4825,0.36,1.93,1.56,1.75,0.15,36,42,0.59,,0.23,C,,1G298930+004855,G298.924+00.473,,,Simbad,184.2741,-62.1221
2G3572422-0008981,2G3572422-0008981,357.2423,-0.0898,0.05,0.31,0.22,0.27,0.03,169,61,0.73,,0.19,C,,,,,,Simbad,264.8131,-31.3274
2G0101863-0039775,2G0101863-0039775,10.1863,-0.3977,0.12,0.28,0.2,0.24,0.1,132,97,0.69,0.08,0.09,C,,,G010.185-00.396,,CN145,Simbad,272.4076,-20.3199
2G0234246+0007241,2G0234246+0007241,23.4246,0.0724,0.11,0.25,0.19,0.22,0.07,138,105,0.62,0.11,0.21,R,,,G023.424+00.071,,,Simbad,278.4276,-8.4199
2G0292404+0015506,2G0292404+0015506,29.2405,0.1551,0.19,1.0,0.84,0.92,0.11,155,112,0.55,,0.15,C,,1G029240+001548,G029.246+00.149,,,Simbad,281.0362,-3.214
2G3221607+0018689,2G3221607+0018689,322.1608,0.1869,0.06,0.33,0.24,0.29,0.04,6,58,0.67,,0.13,C,,1G322158+001856,G322.159+00.187,,,Simbad,230.0878,-57.0183
2G3491133+0001052,2G3491133+0001052,349.1133,0.0105,0.08,0.42,0.32,0.37,0.06,9,50,0.64,,0.16,C,,1G349115+000114,,,,Simbad,259.2165,-38.0337
2G3222166+0051853,2G3222166+0051853,322.2166,0.5185,1.14,4.12,3.3,3.74,0.75,46,118,0.6,0.11,0.34,R,,1G322200+005193,G322.220+00.504,,,Simbad,229.8482,-56.7086
2G3287752+0046299,2G3287752+0046299,328.7753,0.463,0.2,0.61,0.46,0.54,0.15,57,72,0.66,,0.13,C,,1G328776+004622,G328.777+00.460,,,Simbad,239.0905,-52.8701
2G3364111-0027897,2G3364111-0027897,336.4112,-0.279,0.76,1.79,1.3,1.56,0.4,17,101,0.68,0.14,0.14,R,,1G336413-002719,G336.410-00.257,,,Simbad,248.5811,-48.1194
2G0104975+0002830,2G0104975+0002830,10.4976,0.0283,0.04,0.23,0.16,0.2,0.03,51,35,0.72,,0.21,C,,,G010.497+00.028,,,Simbad,272.1713,-19.8413
2G0311389+0012860,2G0311389+0012860,31.139,0.1286,0.38,1.02,0.7,0.88,0.21,72,110,0.73,0.08,0.15,R,,1G031138+001321,G031.135+00.129,,,Simbad,281.9272,-1.537
2G0291576-0026207,2G0291576-0026207,29.1576,-0.2621,0.33,1.9,1.71,1.8,0.36,15,95,0.43,0.23,0.23,R,,1G029158-002619,G029.161-00.261,,N51,Simbad,281.3701,-3.4783
2G0269792-0031736,2G0269792-0031736,26.9793,-0.3174,0.09,0.2,0.14,0.18,0.05,11,63,0.71,,0.18,C,,,G026.980-00.318,,,Simbad,280.4209,-5.4411
2G0045282-0013381,2G0045282-0013381,4.5282,-0.1338,0.18,0.8,0.53,0.68,0.13,23,82,0.76,,0.34,C,,1G004526-001335,G004.525-00.136,,CN62,Simbad,269.1351,-25.1136
2G0276858+0007473,2G0276858+0007473,27.6859,0.0747,0.38,1.04,0.88,0.96,0.24,2,119,0.52,0.09,0.34,R,,1G027688+000778,G027.682+00.076,6.0,,Simbad,280.3954,-4.6334
2G0592239-0047766,2G0592239-0047766,59.2239,-0.4777,0.15,0.56,0.39,0.48,0.2,74,110,0.72,0.21,0.21,R,,1G059224-004777,,,,Simbad,296.0057,22.9795
2G3025125-0074464,2G3025125-0074464,302.5125,-0.7446,0.7,1.66,1.21,1.45,0.43,21,61,0.69,,0.31,C,,1G302509-007380,G302.503-00.762,12.1,,Simbad,191.9158,-63.6133
2G0199710+0041894,2G0199710+0041894,19.9711,0.4189,0.1,0.42,0.27,0.36,0.07,40,60,0.76,,0.24,C,,1G019972+004181,G019.971+00.418,14.4,,Simbad,276.4904,-11.319
2G0380187-0039479,2G0380187-0039479,38.0188,-0.3948,1.04,1.72,1.24,1.5,0.49,52,94,0.69,0.04,0.29,R,,1G038016-003955,G038.017-00.385,,,Simbad,285.5359,4.3454
2G3282332+0099826,2G3282332+0099826,328.2332,0.9983,0.16,0.49,0.4,0.45,0.19,30,100,0.59,0.22,0.39,R,,1G328235+009974,G328.233+00.997,,,Simbad,237.8345,-52.8017
2G0274834+0017443,2G0274834+0017443,27.4835,0.1744,0.18,0.91,0.69,0.81,0.13,70,106,0.66,0.18,0.25,R,,1G027484+001817,G027.476+00.179,12.6,,Simbad,280.2135,-4.7677
2G0241359+0043617,2G0241359+0043617,24.1359,0.4362,0.32,2.42,1.98,2.21,0.29,72,106,0.57,0.14,0.33,R,,1G024136+004363,G024.139+00.432,5.8,,Simbad,278.4328,-7.621
2G3234819-0018120,2G3234819-0018120,323.4819,-0.1812,0.09,0.54,0.45,0.5,0.07,158,69,0.54,,0.29,C,,1G323482-001805,G323.486-00.179,,,Simbad,232.4702,-56.5943
2G0483756+0037174,2G0483756+0037174,48.3757,0.3718,1.29,1.29,0.81,1.08,0.33,157,180,0.78,0.09,0.27,R,,1G048375+003730,G048.375+00.376,,,Simbad,289.7012,13.8837
2G0515994-0033034,2G0515994-0033034,51.5994,-0.3303,0.45,1.65,1.55,1.6,0.4,26,120,0.35,0.12,0.23,R,,1G051602-003374,,,,Simbad,291.9201,16.3933
2G0519877+0067260,2G0519877+0067260,51.9878,0.6726,1.36,10.16,6.4,8.49,2.29,116,115,0.78,0.14,0.13,R,,1G051990+005810,G051.978+00.542,,N109,Simbad,291.1913,17.2118
2G3404536-0055714,2G3404536-0055714,340.4537,-0.5571,0.22,0.38,0.25,0.33,0.15,31,47,0.75,0.18,0.19,R,,1G340451-005563,G340.449-00.557,,,Simbad,252.764,-45.2568
2G3330435-0056226,2G3330435-0056226,333.0435,-0.5623,0.08,0.29,0.22,0.25,0.04,92,106,0.65,,0.19,C,,,G333.045-00.564,,,Simbad,245.3051,-50.7436
2G0144642-0063879,2G0144642-0063879,14.4643,-0.6388,1.61,2.17,1.67,1.93,0.74,10,70,0.64,,0.21,C,,,G014.481-00.662,,,Simbad,274.7875,-16.6776
2G0404035+0073958,2G0404035+0073958,40.4035,0.7396,0.08,0.47,0.39,0.43,0.07,60,87,0.57,0.15,0.24,R,,1G040403+007402,G040.404+00.740,,,Simbad,285.6198,6.9848
2G2996963-0059357,2G2996963-0059357,299.6963,-0.5936,0.65,1.41,0.83,1.16,0.53,166,74,0.81,0.08,0.17,R,,1G299692-005971,G299.688-00.593,,,Simbad,185.6475,-63.284
2G3276328-0035391,2G3276328-0035391,327.6328,-0.3539,0.22,0.48,0.37,0.43,0.16,38,93,0.63,,0.16,C,D,1G327632-003554,G327.627-00.356,,,Simbad,238.4913,-54.2287
2G0298280-0009995,2G0298280-0009995,29.828,-0.0999,0.37,0.55,0.34,0.46,0.14,10,56,0.79,0.07,0.08,C,,,G029.832-00.100,6.1,,Simbad,281.532,-2.8078
2G0129104+0047653,2G0129104+0047653,12.9104,0.4765,0.17,0.46,0.36,0.41,0.16,17,107,0.61,0.13,0.16,R,,1G012910+004757,G012.911+00.475,,,Simbad,272.9868,-17.512
2G3380260+0001723,2G3380260+0001723,338.0261,0.0172,0.75,1.11,0.83,0.98,0.34,48,63,0.66,0.08,0.08,C,,1G338024+000188,,,,Simbad,249.8596,-46.7239
2G0203876-0001743,2G0203876-0001743,20.3876,-0.0174,0.13,0.52,0.39,0.46,0.12,32,64,0.66,0.13,0.34,R,,1G020387-000156,G020.387-00.018,12.2,,Simbad,277.0818,-11.1536
2G3564258-0013218,2G3564258-0013218,356.4259,-0.1322,0.04,0.2,0.11,0.16,0.02,35,52,0.84,,0.21,C,,,G356.426-00.133,,,Simbad,264.3423,-32.04
2G0288155+0024616,2G0288155+0024616,28.8155,0.2462,0.48,1.68,1.12,1.43,0.27,24,82,0.75,,0.16,C,P,1G028814+002505,G028.823+00.236,8.9,,Simbad,280.7605,-3.5504
2G3482723-0013668,2G3482723-0013668,348.2724,-0.1367,0.06,0.23,0.13,0.18,0.01,18,79,0.84,,0.28,C,,,G348.273-00.137,,,Simbad,258.7457,-38.8035
2G0036757-0010030,2G0036757-0010030,3.6757,-0.1003,0.05,0.21,0.19,0.2,0.03,24,63,0.45,0.24,0.23,R,,1G003676-000998,G003.676-00.100,,CN45,Simbad,268.627,-25.833
2G0493440-0033763,2G0493440-0033763,49.3441,-0.3376,0.09,0.4,0.36,0.38,0.07,38,76,0.46,0.11,0.27,R,,1G049345-003369,G049.341-00.339,,,Simbad,290.8165,14.4048
2G0126873+0001023,2G0126873+0001023,12.6873,0.0102,0.72,0.74,0.52,0.64,0.34,20,108,0.71,0.1,0.12,C,,1G012685+000088,G012.685+00.008,,,Simbad,273.3038,-17.9315
2G0354230-0027287,2G0354230-0027287,35.4231,-0.2729,0.11,0.37,0.27,0.33,0.06,10,64,0.69,,0.22,C,,1G035423-002733,G035.420-00.277,,,Simbad,284.239,2.0924
2G0389381-0035216,2G0389381-0035216,38.9381,-0.3522,0.06,0.25,0.21,0.23,0.09,72,84,0.5,0.07,0.14,R,,,G038.940-00.353,,,Simbad,285.9206,5.182
2G0493512-0027836,2G0493512-0027836,49.3513,-0.2784,0.21,1.11,0.86,0.99,0.16,31,102,0.63,0.28,0.37,R,,1G049353-002782,G049.350-00.282,,,Simbad,290.7661,14.4391
2G0502651-0001057,2G0502651-0001057,50.2652,-0.0106,0.15,0.54,0.45,0.5,0.21,51,97,0.55,0.16,0.13,R,,1G050265-000063,G050.264-00.012,,,Simbad,290.9688,15.3711
2G0249227+0007847,2G0249227+0007847,24.9228,0.0785,0.1,0.26,0.18,0.22,0.07,27,62,0.7,,0.16,C,,,G024.923+00.079,,,Simbad,279.1183,-7.0871
2G3061064+0012782,2G3061064+0012782,306.1064,0.1278,0.14,0.52,0.41,0.47,0.09,36,71,0.62,0.19,0.23,R,,1G306108+001293,,,,Simbad,199.7646,-62.5736
2G3350604-0013507,2G3350604-0013507,335.0604,-0.1351,0.09,0.88,0.58,0.74,0.06,82,13,0.75,,0.19,C,,,G335.058-00.130,,,Simbad,247.0245,-49.005
2G3483699+0014420,2G3483699+0014420,348.37,0.1442,0.32,2.6,1.88,2.27,0.31,19,68,0.69,,0.26,C,,1G348354+001363,G348.369+00.142,,,Simbad,258.5266,-38.5602
2G0142221+0001856,2G0142221+0001856,14.2222,0.0186,0.16,0.42,0.3,0.36,0.12,39,85,0.7,0.12,0.23,R,,,G014.223+00.020,,,Simbad,274.0637,-16.579
2G0145692+0010638,2G0145692+0010638,14.5693,0.1064,1.38,5.76,4.23,5.06,0.64,22,84,0.68,,0.15,C,,1G014587+000967,G014.576+00.091,,,Simbad,274.1553,-16.2319
2G3260366+0061376,2G3260366+0061376,326.0367,0.6138,0.32,2.06,1.73,1.9,0.24,60,75,0.54,,0.19,C,,1G326048+006150,G326.047+00.628,,,Simbad,235.313,-54.456
2G0491971-0036377,2G0491971-0036377,49.1971,-0.3638,0.53,1.75,1.3,1.54,0.39,17,82,0.67,0.12,0.22,R,,1G049199-003585,G049.201-00.365,5.3,N101,Simbad,290.7687,14.2628
2G0519640+0058056,2G0519640+0058056,51.9641,0.5806,4.07,13.04,10.98,12.05,2.57,98,97,0.54,0.08,0.12,C,P,1G051990+005810,,,N109,Simbad,291.2643,17.1473
2G0265419+0043400,2G0265419+0043400,26.5419,0.434,0.66,1.16,0.87,1.03,0.53,9,81,0.66,0.26,0.15,R,,1G026543+004308,G026.542+00.419,9.9,,Simbad,279.5486,-5.4856
2G0234611-0002666,2G0234611-0002666,23.4611,-0.0267,0.12,0.46,0.33,0.4,0.11,57,98,0.69,0.16,0.13,R,,,G023.459-00.026,,,Simbad,278.5335,-8.4332
2G0314275-0013946,2G0314275-0013946,31.4275,-0.1395,0.08,0.28,0.18,0.23,0.04,126,75,0.75,,0.13,C,,,G031.426-00.140,,,Simbad,282.2975,-1.4025
2G0506629-0052271,2G0506629-0052271,50.6629,-0.5227,0.2,0.75,0.67,0.71,0.2,0,101,0.45,0.1,0.16,R,,1G050662-005234,G050.662-00.524,,,Simbad,291.6321,15.4783
2G0073675-0011473,2G0073675-0011473,7.3676,-0.1147,0.02,0.29,0.17,0.24,0.02,109,42,0.82,,0.16,C,,1G007367-001148,G007.366-00.116,,CN98,Simbad,270.6628,-22.6415
2G3438030+0021564,2G3438030+0021564,343.8031,0.2157,0.53,0.95,0.7,0.84,0.2,31,112,0.67,0.13,0.27,R,,1G343800+002158,G343.803+00.214,,,Simbad,254.8439,-42.1653
2G3339575-0025015,2G3339575-0025015,333.9575,-0.2501,0.12,0.42,0.33,0.38,0.1,37,66,0.61,0.19,0.15,R,,1G333959-002497,G333.963-00.249,,,Simbad,245.9683,-49.8756
2G3453611-0089834,2G3453611-0089834,345.3611,-0.8983,0.66,0.86,0.64,0.76,0.33,143,166,0.67,0.05,0.1,C,,,G345.350-00.905,,,Simbad,257.3037,-41.604
2G3331084-0078413,2G3331084-0078413,333.1085,-0.7841,0.31,1.61,1.38,1.5,0.15,10,74,0.51,,0.25,C,,1G333106-007822,G333.094-00.773,,,Simbad,245.6259,-50.8545
2G3471621-0824785,2G3471621-0824785,347.1622,-0.0001,0.2,1.41,1.19,1.31,0.12,87,73,0.54,,0.13,C,,1G347160+000031,G347.160+00.007,,,Simbad,257.7611,-39.6216
2G3509512+0036466,2G3509512+0036466,350.9512,0.3647,1.18,2.7,2.21,2.47,0.73,33,85,0.57,,0.14,C,,,G350.958+00.358,,,Simbad,260.1788,-36.3262
2G0339139+0010603,2G0339139+0010603,33.9139,0.106,0.25,0.42,0.3,0.36,0.19,34,106,0.7,0.11,0.17,R,,,G033.914+00.107,7.1,,Simbad,283.2129,0.9223
2G0290957-0067613,2G0290957-0067613,29.0958,-0.6761,1.26,4.31,3.54,3.95,0.8,66,141,0.57,0.12,0.35,R,,1G029092-006708,G029.088-00.675,,,Simbad,281.7109,-3.7222
2G3385763+0001998,2G3385763+0001998,338.5763,0.02,0.21,1.22,0.81,1.03,0.18,3,84,0.74,0.15,0.28,R,,1G338574+000204,G338.576+00.020,,S32,Simbad,250.3867,-46.3101
2G3073798-0093289,2G3073798-0093289,307.3799,-0.9329,0.19,0.4,0.34,0.37,0.1,177,13,0.54,,0.13,C,,,G307.381-00.938,,,Simbad,202.8531,-63.4589
2G3434561+0000339,2G3434561+0000339,343.4561,0.0034,0.88,1.83,1.07,1.5,0.39,147,143,0.81,0.08,0.13,R,,1G343449+000071,,,,Simbad,254.779,-42.5693
2G0207607-0007532,2G0207607-0007532,20.7607,-0.0753,1.29,2.48,1.63,2.1,0.74,155,88,0.75,0.23,0.25,R,,,G020.750-00.090,11.7,,Simbad,277.3106,-10.85
2G3174425-0039168,2G3174425-0039168,317.4425,-0.3917,0.29,0.87,0.67,0.77,0.16,56,98,0.64,0.06,0.2,R,,1G317443-003888,G317.444-00.393,,,Simbad,222.7811,-59.848
2G0244240+0033582,2G0244240+0033582,24.424,0.3358,0.06,0.39,0.32,0.36,0.04,27,44,0.58,,0.22,C,,1G024425+003359,G024.425+00.335,,,Simbad,278.6566,-7.4116
2G3479896+0006139,2G3479896+0006139,347.9896,0.0614,0.77,2.0,1.73,1.87,0.48,108,124,0.5,0.22,0.26,R,,1G347989+000549,G347.990+00.048,,,Simbad,258.3269,-38.917
2G0298546-0007396,2G0298546-0007396,29.8546,-0.074,0.82,2.2,1.57,1.91,0.31,168,79,0.7,,0.16,C,,1G029855-000706,G029.862-00.059,6.2,,Simbad,281.5211,-2.7723
2G3117569+0008829,2G3117569+0008829,311.7569,0.0883,0.11,0.38,0.31,0.35,0.12,36,113,0.58,0.1,0.09,C,,,G311.758+00.087,,,Simbad,211.6092,-61.4917
2G3513547+0101922,2G3513547+0101922,351.3547,1.0192,0.23,0.85,0.66,0.76,0.16,161,82,0.62,,0.25,C,,,G351.360+01.015,,,Simbad,259.8009,-35.6208
2G3379859-0006187,2G3379859-0006187,337.986,-0.0619,0.04,0.24,0.22,0.23,0.03,31,46,0.34,,0.21,C,,,G337.986-00.062,,S35,Simbad,249.9069,-46.8064
2G3092500-0018984,2G3092500-0018984,309.25,-0.1898,0.11,0.7,0.52,0.62,0.07,162,84,0.67,,0.29,C,,1G309249-001902,G309.250-00.192,,,Simbad,206.5937,-62.3857
2G0195819-0023629,2G0195819-0023629,19.5819,-0.2363,1.43,1.5,0.9,1.23,0.57,14,75,0.8,,0.13,C,,1G019570-002362,G019.593-00.245,,,Simbad,276.8972,-11.9686
2G3555286-0010051,2G3555286-0010051,355.5287,-0.1005,0.32,1.57,1.18,1.39,0.18,8,63,0.66,,0.15,C,,1G355529-001028,G355.529-00.102,,,Simbad,263.738,-32.7787
2G0307793+0023002,2G0307793+0023002,30.7793,0.23,0.28,0.38,0.31,0.35,0.17,108,93,0.6,0.05,0.08,C,,,G030.778+00.230,,,Simbad,281.6728,-1.8108
2G3038689-0078639,2G3038689-0078639,303.8689,-0.7864,0.36,1.1,0.87,0.99,0.24,17,116,0.62,0.28,0.36,R,,1G303868-007873,G303.872-00.792,,S164,Simbad,194.9701,-63.6428
2G3534942-0038371,2G3534942-0038371,353.4942,-0.3837,0.18,0.91,0.68,0.8,0.14,36,68,0.66,,0.16,C,,1G353492-003796,G353.495-00.384,,,Simbad,262.6894,-34.6385
