,dec_min,ra_min,dec_max,ra_max,fits_path
0,-0.7460891852474414,309.5157866159359,-0.6854654879370117,309.5785160261159,spitzer_30900+0000_rgb
0,0.5329213813895362,308.7327207057978,0.567133783391162,308.76683593983165,spitzer_30900+0000_rgb
0,0.12443513872960693,309.00345540361127,0.25982063542262696,309.14064225119773,spitzer_30900+0000_rgb
0,-0.49005110187032225,307.78500912673326,-0.47144783057198,307.8035931109224,spitzer_30900+0000_rgb
0,-0.20476139118155273,309.235307045173,-0.17642154771495117,309.2630292942447,spitzer_30900+0000_rgb
0,-0.41782893462379395,308.07130664991195,-0.39860709236809566,308.0898990976427,spitzer_30900+0000_rgb
0,-0.6077723327894641,307.5922132302237,-0.5841527854996179,307.616369805503,spitzer_30900+0000_rgb
0,0.5200271757893115,308.59671387122035,0.7067228119431884,308.7882880880546,spitzer_30900+0000_rgb
0,-0.12262662637790038,309.381612545012,-0.10314192605191405,309.4009230103137,spitzer_30900+0000_rgb
0,0.41600471589203614,310.00415278129964,0.45095572465710937,310.0370294492651,spitzer_30900+0000_rgb
0,-0.2636388319990283,310.15637747053256,-0.23160326916834229,310.18865937125145,spitzer_30900+0000_rgb
0,-0.6343239682661352,309.27613020557203,-0.6110268493584814,309.29833259792815,spitzer_30900+0000_rgb
0,-0.47133731625016845,307.8872435007109,-0.45320694533772216,307.90476384558775,spitzer_30900+0000_rgb
0,-0.5943119243954224,309.3382079230502,-0.5740625756395825,309.35850463508683,spitzer_30900+0000_rgb
0,-0.226299965184917,310.508497238333,-0.20631445106185545,310.5283602625281,spitzer_30900+0000_rgb
0,-0.5968572531460107,307.547582371295,-0.5739998721896887,307.57073178512604,spitzer_30900+0000_rgb
0,-0.7394548265898266,309.54336213649344,-0.7099636566373425,309.5721287377683,spitzer_30900+0000_rgb
0,-0.11285823454850097,309.4572358352714,-0.09308186755876464,309.47618041516006,spitzer_30900+0000_rgb
0,-0.03751245079675049,309.16406331216143,-0.01532950831024658,309.18639892391724,spitzer_30900+0000_rgb
0,-0.8277549966052624,307.49541212442085,-0.8141450113897998,307.50890528834844,spitzer_30900+0000_rgb
0,-0.3321175910798657,309.127887042992,-0.3007591929559497,309.1591017236694,spitzer_30900+0000_rgb
0,0.12683528518998047,309.1104117827501,0.15322688648856445,309.1346136054247,spitzer_30900+0000_rgb
0,0.49763443512782224,309.9966882631451,0.5107547149445361,310.0100830790919,spitzer_30900+0000_rgb
0,-0.5179234974249316,308.71081966435014,-0.49645491040003414,308.7325524115286,spitzer_30900+0000_rgb
0,0.6707576430320068,310.49756340563795,0.6896279227912206,310.5164959463422,spitzer_30900+0000_rgb
0,0.3179733041119336,309.85556680459536,0.42768896056686034,309.9646819158089,spitzer_30900+0000_rgb
0,-0.15707104335116454,309.3630043909012,-0.13337255726002442,309.3860601361134,spitzer_30900+0000_rgb
0,-0.11394872932926269,310.17871182089516,-0.10025699769534667,310.19201174752,spitzer_30900+0000_rgb
0,-0.7608335291755187,309.5104370066144,-0.7452864101903649,309.52553612755713,spitzer_30900+0000_rgb
0,-0.24912849685767333,308.7786049826827,-0.2344855119780615,308.7928518900923,spitzer_30900+0000_rgb
0,-1.0137237854356786,307.98628321326214,-1.0011987814919183,307.9986842548048,spitzer_30900+0000_rgb
0,0.24079410566497558,309.93211530643407,0.2599907200563428,309.9521220607913,spitzer_30900+0000_rgb
0,0.28905614945318847,309.97845401039774,0.30329247743582516,309.9922919822646,spitzer_30900+0000_rgb
0,-0.40880460203174557,309.3848589642504,-0.3883000449451245,309.4063312133846,spitzer_30900+0000_rgb
0,0.39160725519851075,309.8777509270949,0.4092862914800537,309.8949325675481,spitzer_30900+0000_rgb
0,-0.20208569133851806,307.61741277424255,-0.16756160314209229,307.65163835983776,spitzer_30900+0000_rgb
0,-0.615489658558645,307.8234783646298,-0.5984116151096338,307.84077100768604,spitzer_30900+0000_rgb
0,-0.3976276001903906,307.9893637796376,-0.3761284142074658,308.01110010754525,spitzer_30900+0000_rgb
0,-0.3857695273923047,308.2503016025491,-0.3702387658288623,308.26520541099376,spitzer_30900+0000_rgb
0,0.6910620048081298,308.88363688267407,0.7141451751502148,308.90719222098016,spitzer_30900+0000_rgb
0,-0.35606444956435546,308.8447153335841,-0.3331137662001123,308.86778287892633,spitzer_30900+0000_rgb
0,0.5241619413729638,308.66082096693344,0.5484339137864941,308.68406738597184,spitzer_30900+0000_rgb
0,-0.03571801722094482,308.99286311856093,-0.02298274716600586,309.00533561192583,spitzer_30900+0000_rgb
0,0.5729713484369531,308.607597660174,0.6426259701362402,308.6740639681031,spitzer_30900+0000_rgb
0,0.24590820066591795,307.45646127845623,0.2585742161642578,307.4687965647912,spitzer_30900+0000_rgb
0,-0.9960452781254846,308.2364220453962,-0.9802569075151392,308.25282520278427,spitzer_30900+0000_rgb
0,-0.8349062823410413,307.5371266422329,-0.8231714598672436,307.54909050930075,spitzer_30900+0000_rgb
0,-0.400872961486062,308.0622140393258,-0.3823413861505444,308.08143767194605,spitzer_30900+0000_rgb
0,-0.3875596478171118,307.6543593884564,-0.37177571242807617,307.669634127887,spitzer_30900+0000_rgb
0,0.5183966419514502,310.31947066958526,0.5275989530573437,310.3283342152323,spitzer_30900+0000_rgb
0,-0.09164884348455322,308.4671093803289,-0.07667765222801513,308.48212467965794,spitzer_30900+0000_rgb
0,0.34742724261947755,307.74945118438046,0.3619967411716992,307.76361003840555,spitzer_30900+0000_rgb
0,-0.9541791286418023,307.4764567209646,-0.9465553901112689,307.48410776255474,spitzer_30900+0000_rgb
0,-0.23043001071653318,309.2641007460569,-0.2160550108602832,309.27812849656766,spitzer_30900+0000_rgb
0,0.2504433568705664,307.84818230318484,0.26262825258205075,307.86016423665876,spitzer_30900+0000_rgb
0,-0.5023503367733716,308.0206136165647,-0.4929179638208203,308.02994808912763,spitzer_30900+0000_rgb
0,-0.027161864962756348,309.4864789990415,-0.012722737502980957,309.50052025866665,spitzer_30900+0000_rgb
0,0.20263769328612305,309.00800032544083,0.2176674782920752,309.0221936846739,spitzer_30900+0000_rgb
0,-0.8134029459675329,307.8589764111498,-0.8052777425982641,307.8670595816419,spitzer_30900+0000_rgb
0,-0.2595299453213672,307.6102588029599,-0.2405520809278125,307.6290696751676,spitzer_30900+0000_rgb
0,-0.2280497210267944,309.1134404285531,-0.16008341311270752,309.1781578758226,spitzer_30900+0000_rgb
0,0.008219807860510254,307.84321078630745,0.020863362421574706,307.85557634607966,spitzer_30900+0000_rgb
0,-0.3042351857597314,308.62183268607333,-0.28526448282443845,308.64007471063053,spitzer_30900+0000_rgb
0,-0.422135331065105,308.0576342867674,-0.3773223432319848,308.1016764412749,spitzer_30900+0000_rgb
0,0.39288166924826656,310.2284520547728,0.4004025025063916,310.2359945758562,spitzer_30900+0000_rgb
0,-0.9782295637854126,308.0852325937831,-0.9695809636114819,308.0940294686951,spitzer_30900+0000_rgb
0,0.16187638184477782,308.7874731466565,0.17450732247367676,308.79993571163607,spitzer_30900+0000_rgb
0,0.5347317654860156,308.08977881769596,0.5425808865012743,308.0976976001689,spitzer_30900+0000_rgb
0,0.2567389297242773,309.43097899959645,0.2697454400108789,309.44375365767183,spitzer_30900+0000_rgb
0,-0.3020577769273389,310.36846362970726,-0.29041292027295407,310.3798830835319,spitzer_30900+0000_rgb
0,-0.1213337390210376,300.4510594030415,-0.08475366126183838,300.4855469515247,spitzer_30000+0000_rgb
0,-0.299381426042644,299.7574064151864,-0.2674280572215527,299.79052181199063,spitzer_30000+0000_rgb
0,-0.3280677864328638,300.76973518110475,-0.27252896862887693,300.82729947089365,spitzer_30000+0000_rgb
0,0.09383398343666015,300.73930695875276,0.11117903534654297,300.75646573136765,spitzer_30000+0000_rgb
0,-0.18850032363583008,300.41530639233133,-0.16929809401014403,300.4349229285935,spitzer_30000+0000_rgb
0,-0.3567675745573242,300.1555943994857,-0.33384569978654294,300.1785680320685,spitzer_30000+0000_rgb
0,0.9016481029626855,300.93552875854834,0.9237423410229931,300.9565059311901,spitzer_30000+0000_rgb
0,-0.6098538350472948,299.6804383169977,-0.5871236920454297,299.7025856149533,spitzer_30000+0000_rgb
0,-0.5181557565371924,298.5004925280159,-0.49741332510399167,298.5209342595823,spitzer_30000+0000_rgb
0,0.1638146142472705,299.60283691803414,0.17575992662781736,299.6142501666179,spitzer_30000+0000_rgb
0,-0.12215201700764648,300.18348827941514,-0.1010174957346167,300.2045834126677,spitzer_30000+0000_rgb
0,0.9164579986479199,300.94517658560034,0.9369890856821923,300.96580488129246,spitzer_30000+0000_rgb
0,-0.44975194862748047,298.9801518656672,-0.430687495693125,298.99953321312967,spitzer_30000+0000_rgb
0,0.015110270031188965,299.4929943084555,0.03667399051867676,299.5139334358503,spitzer_30000+0000_rgb
0,-0.22249023215009764,300.33670076160695,-0.21010115349794678,300.3489491338803,spitzer_30000+0000_rgb
0,-0.1310087877524121,300.10089648336606,-0.06460929297369873,300.1655815413129,spitzer_30000+0000_rgb
0,0.12046435426410644,301.48402049805856,0.14179068868625977,301.5051484631386,spitzer_30000+0000_rgb
0,-0.04771329704890869,299.429274908051,-0.026398518616223145,299.4505686903901,spitzer_30000+0000_rgb
0,0.5334767199256494,301.4853000136301,0.5678160750510058,301.51895954901937,spitzer_30000+0000_rgb
0,-0.01118050119027832,299.76207926670213,0.0017389322742773436,299.7751171897488,spitzer_30000+0000_rgb
0,0.43203645401296875,301.26533541622035,0.455041824876665,301.28758022800963,spitzer_30000+0000_rgb
0,0.45717903188654296,298.89827442507976,0.5233968046618652,298.96297445698485,spitzer_30000+0000_rgb
0,-0.3068995737539209,300.77830598180026,-0.27696093473039063,300.8081057048096,spitzer_30000+0000_rgb
0,-0.5816323184024267,298.7895595824169,-0.5483789007662109,298.8227897253138,spitzer_30000+0000_rgb
0,-0.46817992695882565,298.88641977025037,-0.4335735633725976,298.9208626409997,spitzer_30000+0000_rgb
0,0.8814106357171435,300.9546723130444,0.901250479268745,300.974624705423,spitzer_30000+0000_rgb
0,0.06496842382948242,300.36677880492596,0.08620060135153564,300.38831664650746,spitzer_30000+0000_rgb
0,-0.3156691862964331,299.3182620510882,-0.29694034533788816,299.33649186861425,spitzer_30000+0000_rgb
0,-0.5187424264532007,298.85902735515975,-0.5016935171184814,298.8760460724375,spitzer_30000+0000_rgb
0,-0.5908056988445471,298.6644707164803,-0.5712187442878125,298.6841793751374,spitzer_30000+0000_rgb
0,0.16733853999328124,299.5919677775178,0.17586197740804688,299.6001969441022,spitzer_30000+0000_rgb
0,-0.4086830200017114,300.0640745436301,-0.394389725873811,300.07846484296533,spitzer_30000+0000_rgb
0,-0.4673941196750171,301.0631471654753,-0.444352290478352,301.08674205456225,spitzer_30000+0000_rgb
0,0.006647949152270507,301.1259242644569,0.023936604578342284,301.1433163134366,spitzer_30000+0000_rgb
0,-0.15335554859665282,300.02571272760747,0.009824381412172851,300.18473193174646,spitzer_30000+0000_rgb
0,0.11821850467718993,299.0004342547873,0.14020263531672364,299.0225662532639,spitzer_30000+0000_rgb
0,-0.7654654871370117,300.22540738706886,-0.7460750657814368,300.24531461343224,spitzer_30000+0000_rgb
0,-0.5025981395052685,298.64779168018873,-0.49285896317036865,298.6574941540501,spitzer_30000+0000_rgb
0,-0.565904453976372,299.93888590555906,-0.5343632352162634,299.97084716826026,spitzer_30000+0000_rgb
0,-0.23224055757342774,299.3797107809425,-0.2185153786742212,299.39289144487316,spitzer_30000+0000_rgb
0,0.2601523411484766,298.6385221490315,0.2812187471878125,298.6592920055946,spitzer_30000+0000_rgb
0,0.0010013020733203124,299.1432858158588,0.017485514148061522,299.1604905682909,spitzer_30000+0000_rgb
0,0.11533862189348876,298.83183594918165,0.13427742378743407,298.85036199066303,spitzer_30000+0000_rgb
0,-0.008910481681728515,298.73682520794426,-1.9938150842285156e-05,298.74560580681475,spitzer_30000+0000_rgb
0,-0.28465266642430664,299.77177929915723,-0.2711001763254565,299.7856840841744,spitzer_30000+0000_rgb
0,0.010140217997556152,299.6533413120603,0.06722615492669677,299.71197135704693,spitzer_30000+0000_rgb
0,-0.175400063350166,300.4923059846603,-0.1573808578011914,300.51029833474075,spitzer_30000+0000_rgb
0,0.2130587543798291,298.89626433395404,0.22563883237902832,298.908778819506,spitzer_30000+0000_rgb
0,-0.23539957446892087,301.1143171275287,-0.2121753722272046,301.13889439779075,spitzer_30000+0000_rgb
0,-0.3551402145475561,298.8265711380364,-0.32098062830061036,298.8600618603577,spitzer_30000+0000_rgb
0,-0.9181656198873541,301.2324739053185,-0.9102107452924236,301.24056517314125,spitzer_30000+0000_rgb
0,-0.4420910600322143,298.85195508960544,-0.43021117733851316,298.86354802568746,spitzer_30000+0000_rgb
0,-0.09135253814897461,300.12107861207045,-0.0686787916309204,300.144138833194,spitzer_30000+0000_rgb
0,-0.016456298663562012,299.1278092535136,-0.008745442620878906,299.1355122156761,spitzer_30000+0000_rgb
0,-0.797367016765913,300.71181875915784,-0.7897169110481432,300.71961929618925,spitzer_30000+0000_rgb
0,-0.19341991994080077,301.15207103340117,-0.17538801907945312,301.1706298711062,spitzer_30000+0000_rgb
0,-0.042559244366074216,299.61592513404906,-0.022374430114797363,299.63546142942664,spitzer_30000+0000_rgb
0,0.8769181227412353,55.432085353517685,0.9006152253688476,55.45502642384492,spitzer_05400+0000_rgb
0,-0.15691161952463378,54.70440648709656,-0.13275138213602783,54.72802676680828,spitzer_05400+0000_rgb
0,-0.0739716789477832,53.48397266141027,0.040466226808879395,53.59879834385577,spitzer_05400+0000_rgb
0,0.3600170862435791,52.593546238022874,0.38293407820190917,52.61670769612459,spitzer_05400+0000_rgb
0,0.22496516702118163,55.237533048334306,0.28073079146352536,55.29421186043028,spitzer_05400+0000_rgb
0,-0.09299552315858642,54.07986881430548,-0.02630533827861328,54.14253954935585,spitzer_05400+0000_rgb
0,-0.06910302665271972,53.810694337830554,-0.046781168151979975,53.83206982589805,spitzer_05400+0000_rgb
0,-0.06145515889065674,53.638244795284216,-0.04284521441529785,53.65724902686501,spitzer_05400+0000_rgb
0,0.08761987217067627,53.07537256784003,0.10969441622076416,53.09660531502353,spitzer_05400+0000_rgb
0,-0.4106829386015039,54.82513581531635,-0.3875172487289941,54.84867048304975,spitzer_05400+0000_rgb
0,-0.4868054964340283,54.9160000315301,-0.46486107933576415,54.93812954791037,spitzer_05400+0000_rgb
0,0.12609553910362792,53.143726571062736,0.17881477685768554,53.19612435699709,spitzer_05400+0000_rgb
0,-0.2551671523962451,53.60280989980524,-0.2325483375182666,53.62512711963414,spitzer_05400+0000_rgb
0,-0.25417586008844967,54.00515755203176,-0.23341096771797362,54.025870605210045,spitzer_05400+0000_rgb
0,0.9125927643115722,54.507914952603144,0.9350024320562256,54.53036286904533,spitzer_05400+0000_rgb
0,-0.03974316366506836,54.38107771428818,-0.021229491975205076,54.398998205645434,spitzer_05400+0000_rgb
0,-0.673804355241123,52.83576938013189,-0.6515953710882129,52.8583193473543,spitzer_05400+0000_rgb
0,-0.6671123793965844,54.2757045057065,-0.6523644140492725,54.289863441111784,spitzer_05400+0000_rgb
0,0.22365771260717285,53.147519539774805,0.23646874763531248,53.16000033392083,spitzer_05400+0000_rgb
0,0.11091096894297363,53.11484099192451,0.14416633970416992,53.14894385616681,spitzer_05400+0000_rgb
0,-0.30302375999059566,55.150295480033506,-0.28597566445795164,55.1675670863061,spitzer_05400+0000_rgb
0,-0.9602277736008471,52.51600457213162,-0.9274744169947869,52.546793959844564,spitzer_05400+0000_rgb
0,0.9848609927555566,54.41873876534386,1.0004078676000878,54.43383902560953,spitzer_05400+0000_rgb
0,-0.32584114257492186,55.33168549286804,-0.3039785939654224,55.353351955867524,spitzer_05400+0000_rgb
0,-0.004224772093168945,53.632216475032,0.02903784150649658,53.66578402026924,spitzer_05400+0000_rgb
0,0.2495533829211328,54.22195597108773,0.2697988254270117,54.24242577882574,spitzer_05400+0000_rgb
0,0.14332739114485107,53.192850268488165,0.17001155428946776,53.2191364010378,spitzer_05400+0000_rgb
0,0.12421508664847411,52.999555836827355,0.1382609035653076,53.013221526794865,spitzer_05400+0000_rgb
0,-0.8674342768074279,52.81342709519906,-0.8533074458940088,52.82769662630637,spitzer_05400+0000_rgb
0,-0.44439574750916744,54.54035098743503,-0.4218655556771777,54.562363357006575,spitzer_05400+0000_rgb
0,0.023153238700759277,53.56942220482661,0.07859130780783691,53.62385107798024,spitzer_05400+0000_rgb
0,-0.2565937474340625,53.584989587483435,-0.24113264732825682,53.60030290113239,spitzer_05400+0000_rgb
0,-0.051314452611855466,54.36780224241573,-0.0166145831671875,54.40090819911592,spitzer_05400+0000_rgb
0,0.08213907795465088,53.02022933922479,0.09978849184065673,53.03775749660159,spitzer_05400+0000_rgb
0,-0.6267617124823828,52.972569997253466,-0.6146332539448132,52.98431299843812,spitzer_05400+0000_rgb
0,-0.6949503104333093,54.183422198686614,-0.680295891634541,54.197288328105245,spitzer_05400+0000_rgb
0,0.5205865833358008,53.47466048702423,0.5362556912520263,53.490006189995775,spitzer_05400+0000_rgb
0,-0.22943237075255127,54.38183096948898,-0.212079262202124,54.39955557868674,spitzer_05400+0000_rgb
0,0.9752465722787841,53.79057177943803,0.9844674380719921,53.79966064653464,spitzer_05400+0000_rgb
0,0.19645654100418455,53.180258960020325,0.21689404079980956,53.20072673325315,spitzer_05400+0000_rgb
0,0.8612853103975634,53.432930018691536,0.8826059482051903,53.45429785701952,spitzer_05400+0000_rgb
0,0.19980615034568847,53.14813558794573,0.21322102651362304,53.161744311767976,spitzer_05400+0000_rgb
0,-0.889554007217741,52.8845400502171,-0.8655667841503216,52.908491872894245,spitzer_05400+0000_rgb
0,0.5916736594478467,53.347332526057926,0.6037931254724853,53.35924626291796,spitzer_05400+0000_rgb
0,-0.6362799415538671,52.49562468952292,-0.6015841818096789,52.53062436365209,spitzer_05400+0000_rgb
0,0.02276033505885498,53.00766814143373,0.040748534748764643,53.025748056617516,spitzer_05400+0000_rgb
0,0.022885986099265135,53.572521163128954,0.03910262005168213,53.58874381921673,spitzer_05400+0000_rgb
0,0.06317073504537597,53.60443083077861,0.08484407467239258,53.62595247769881,spitzer_05400+0000_rgb
0,-0.630334832563839,54.73689753494873,-0.6220562681934997,54.74522264879777,spitzer_05400+0000_rgb
0,0.16264469238396972,53.1455984785961,0.18543098772902342,53.1686233807096,spitzer_05400+0000_rgb
0,0.5916738222082617,54.67126545552693,0.6063862244048877,54.68574852829877,spitzer_05400+0000_rgb
0,0.730996086440039,52.459938491963115,0.7514226812878564,52.47946518447618,spitzer_05400+0000_rgb
0,0.788929679610703,52.74220834591125,0.7978212810842871,52.75112826769705,spitzer_05400+0000_rgb
0,0.3291992154580078,52.74488608025947,0.3425283168872168,52.75816602804334,spitzer_05400+0000_rgb
0,-1.0302432147952238,52.61662533935458,-1.012004221650791,52.635217136043664,spitzer_05400+0000_rgb
0,0.9718020736153125,54.40500284425726,0.9905558169173584,54.42387092675087,spitzer_05400+0000_rgb
0,0.9610260320564062,54.74524331937048,0.9694641830136913,54.753815422149344,spitzer_05400+0000_rgb
0,0.9646725163949413,53.76985709865559,0.9820483300232665,53.78733838103287,spitzer_05400+0000_rgb
0,-0.24257275148052246,53.62399186573925,-0.23250032319583006,53.63386719116133,spitzer_05400+0000_rgb
0,-0.4001754517274121,329.2856398183415,-0.3757212690292456,329.3094515043013,spitzer_33000+0000_rgb
0,-0.4417589474053271,331.04493797783186,-0.4210371865448364,331.06522138420456,spitzer_33000+0000_rgb
0,-0.20349047648072022,330.93885301795524,-0.07291446867189696,331.0708664850596,spitzer_33000+0000_rgb
0,-0.4638317010908496,330.777127433635,-0.4421792761771655,330.7981218181907,spitzer_33000+0000_rgb
0,0.9457490139800098,328.98318376667856,0.9775995995990039,329.01524317391005,spitzer_33000+0000_rgb
0,-0.5014162547514623,329.63536979531295,-0.46709976746441895,329.6711095410493,spitzer_33000+0000_rgb
0,0.23225227632331052,328.94477133216685,0.2653528619298047,328.97665886440006,spitzer_33000+0000_rgb
0,0.42129980047450194,331.275116442327,0.6197718036981152,331.4712244929375,spitzer_33000+0000_rgb
0,-0.41127294510602047,330.648625888696,-0.3641777307332226,330.694385084202,spitzer_33000+0000_rgb
0,-0.5578033798386328,331.0859682508591,-0.4986333771751245,331.14600812656073,spitzer_33000+0000_rgb
0,0.49503856926836426,329.434142746544,0.5170255482151611,329.45560661351686,spitzer_33000+0000_rgb
0,-0.46924397317214356,331.16218777320887,-0.4509908809067578,331.18047585896346,spitzer_33000+0000_rgb
0,-0.27402750377014157,331.4497408912643,-0.2397279435662622,331.48380221091065,spitzer_33000+0000_rgb
0,-0.09997965394812011,331.49369584687946,-0.06787149997232665,331.52604803975254,spitzer_33000+0000_rgb
0,0.11959016807493164,329.3220888739666,0.14204190938687256,329.34436182296264,spitzer_33000+0000_rgb
0,0.8323146075622705,329.4632421928676,0.8545035721841309,329.48532731634464,spitzer_33000+0000_rgb
0,-0.5629862004248254,328.560063165441,-0.5396900173895581,328.5839039855151,spitzer_33000+0000_rgb
0,-0.37892284777327145,331.2849898349691,-0.3133100554606494,331.34891529005904,spitzer_33000+0000_rgb
0,0.08622200434611328,329.24763672627364,0.13375536975619629,329.29569841199094,spitzer_33000+0000_rgb
0,-0.1814142234462744,331.3087090526681,-0.15931176598500732,331.33037421358426,spitzer_33000+0000_rgb
0,-0.41474812410772705,331.1237912078376,-0.3591443648981396,331.1780843388051,spitzer_33000+0000_rgb
0,-0.012711181513513184,328.80475196507746,0.009215820220341796,328.8264420690272,spitzer_33000+0000_rgb
0,-0.31456778656786377,329.0836074310389,-0.29590763050446534,329.10243848553813,spitzer_33000+0000_rgb
0,0.5254952746929639,330.49724511221507,0.5807771751818115,330.55294294694454,spitzer_33000+0000_rgb
0,0.08667342035722411,329.6371111689935,0.10351090391280761,329.6543590529356,spitzer_33000+0000_rgb
0,-0.06857633394965332,330.03264778613186,-0.047082356300009766,330.0547630202857,spitzer_33000+0000_rgb
0,-0.50194815578781,331.48717971840455,-0.48011815926131834,331.50791383379783,spitzer_33000+0000_rgb
0,-0.5688061873457922,328.600932956699,-0.5336690620461219,328.6351071100031,spitzer_33000+0000_rgb
0,0.5689693953519727,330.6485761653892,0.585337396490376,330.66492064764765,spitzer_33000+0000_rgb
0,-0.518575027366333,329.6173250363788,-0.44492496299866696,329.69041780908543,spitzer_33000+0000_rgb
0,0.4821173454392431,330.2671405409484,0.5168699492583838,330.30347346701734,spitzer_33000+0000_rgb
0,0.3687651330310986,329.4669707084553,0.38147883733104493,329.4797651419211,spitzer_33000+0000_rgb
0,-0.5283730415912695,329.5949187866029,-0.5080663197891284,329.6147779986439,spitzer_33000+0000_rgb
0,-0.12197371297297119,330.5552351018695,-0.10125732320617675,330.5761957950193,spitzer_33000+0000_rgb
0,0.5796064395164355,331.4006049257726,0.613553867562378,331.4353407144064,spitzer_33000+0000_rgb
0,-0.37848949816822997,331.41871804408106,-0.3635449996197583,331.4336477619493,spitzer_33000+0000_rgb
0,-0.18679166479874998,331.3894044864315,-0.17413362456074707,331.4020144716569,spitzer_33000+0000_rgb
0,0.289504228875791,330.2180898415691,0.30367903342154295,330.2323483049682,spitzer_33000+0000_rgb
0,-0.37636319610615965,330.85442487752346,-0.3552847457961108,330.8750204176821,spitzer_33000+0000_rgb
0,-0.26447517639170653,330.9276763009446,-0.24895499425524167,330.942795685559,spitzer_33000+0000_rgb
0,-0.4529282995071753,330.6986453380656,-0.41851732979920164,330.73374877195937,spitzer_33000+0000_rgb
0,-0.4846560010128149,331.12030569354954,-0.47189493343209227,331.1330042611309,spitzer_33000+0000_rgb
0,0.4663074497640088,328.67219565129886,0.501100255405664,328.70720053376135,spitzer_33000+0000_rgb
0,0.04991967723517822,329.59154590252206,0.06569547460346191,329.60725667710454,spitzer_33000+0000_rgb
0,0.12297021361404785,329.81507226747425,0.13497688667106444,329.8265779639738,spitzer_33000+0000_rgb
0,-0.37917260363014893,330.8790796217431,-0.36288638960030273,330.89537804280405,spitzer_33000+0000_rgb
0,0.22802490006350096,329.4400234430998,0.25134863029901366,329.4636403048428,spitzer_33000+0000_rgb
0,0.5394856716884765,330.52280923956357,0.5615994409985888,330.5444208929933,spitzer_33000+0000_rgb
0,-0.21747029404925536,331.2228918741643,-0.14531445167185547,331.29519851406627,spitzer_33000+0000_rgb
0,0.12681412633602537,328.64917904996656,0.14160375834958738,328.6636653779467,spitzer_33000+0000_rgb
0,-0.3146824512802588,331.5308311995965,-0.3016803355248633,331.54375809333726,spitzer_33000+0000_rgb
0,-0.5403353217450843,328.53971811356115,-0.4847187451528125,328.5944830869718,spitzer_33000+0000_rgb
0,0.09286572172759276,329.6537649774207,0.11086189667783936,329.6725527376495,spitzer_33000+0000_rgb
0,0.4104859984993066,328.7037604296291,0.42542496319366696,328.71841700500335,spitzer_33000+0000_rgb
0,0.5497202093465479,328.91352100695855,0.5995644471293554,328.9630540468278,spitzer_33000+0000_rgb
0,-0.3510593226612817,331.3071131257635,-0.3170577767773389,331.3404525826241,spitzer_33000+0000_rgb
0,-0.36685652302414307,331.3751153630392,-0.3449367641287573,331.39687204617127,spitzer_33000+0000_rgb
0,0.16895735508125975,329.45234912657025,0.187475095781499,329.470934901124,spitzer_33000+0000_rgb
0,-0.16836262852470701,329.4113183652618,-0.14864151869587647,329.43014990804227,spitzer_33000+0000_rgb
0,0.19413866993361328,328.91817904727657,0.2717325819180908,328.99550814806577,spitzer_33000+0000_rgb
0,0.003431966111513672,331.079598418566,0.05516145778171875,331.1304356169509,spitzer_33000+0000_rgb
0,0.4511264603324853,328.76319434830555,0.4718977817393554,328.784038423618,spitzer_33000+0000_rgb
0,0.14725691584513914,331.413557236841,0.16145605307293945,331.42821609086104,spitzer_33000+0000_rgb
0,-0.4029366821685498,330.67070702454293,-0.38046931585676513,330.6928491955455,spitzer_33000+0000_rgb
0,-0.4834667106601245,331.1387598763077,-0.4737761996893213,331.14862502920386,spitzer_33000+0000_rgb
0,-0.502487625183457,331.12522577813576,-0.4837852327923559,331.14362189611586,spitzer_33000+0000_rgb
0,0.1269658190428418,330.33795816719334,0.18720507625294922,330.39705663665444,spitzer_33000+0000_rgb
0,-0.40358487552144284,330.65356737627684,-0.3814858360288916,330.67531403947083,spitzer_33000+0000_rgb
0,-0.48457543460737057,330.69579426387537,-0.28612817096684323,330.8949796459981,spitzer_33000+0000_rgb
0,0.10318758034833252,329.25406755303226,0.12461653521216796,329.2757018301597,spitzer_33000+0000_rgb
0,-0.549971714877887,331.1221260874116,-0.5272298531261389,331.143691761024,spitzer_33000+0000_rgb
0,0.040953531491506344,329.25939974698935,0.05682047469221191,329.2751543041235,spitzer_33000+0000_rgb
0,-0.4127113402739282,330.27368237031004,-0.3808069623377637,330.30629312844746,spitzer_33000+0000_rgb
0,-0.4977834422877905,329.10055876550484,-0.4828237256405127,329.1148927497365,spitzer_33000+0000_rgb
0,-0.2417825496655078,331.0498519182124,-0.22050561302931884,331.0704786269905,spitzer_33000+0000_rgb
0,0.32547607096398923,329.5689676149874,0.3389401007772656,329.5826365601632,spitzer_33000+0000_rgb
0,-0.015402750497014159,331.3412478707021,0.02597322565172607,331.3816849227066,spitzer_33000+0000_rgb
0,0.6078609965255566,328.9244441839326,0.6209239846761767,328.93731185958524,spitzer_33000+0000_rgb
0,-0.14847241062465089,328.569883152322,-0.13257649607006836,328.58541733185416,spitzer_33000+0000_rgb
0,0.5466798447936181,331.34155213095295,0.5700797469033692,331.3647980617101,spitzer_33000+0000_rgb
0,-0.46303686060400634,329.37533578098623,-0.43089493384209226,329.4066948301518,spitzer_33000+0000_rgb
0,-0.2426321590320117,330.34036970688277,-0.23056119561105468,330.35244018202246,spitzer_33000+0000_rgb
0,-0.5456872097123987,331.1725812464122,-0.5293361763472632,331.1890606163646,spitzer_33000+0000_rgb
0,0.9321059477101904,329.5840429729096,0.9549249578986669,329.6065520872678,spitzer_33000+0000_rgb
0,0.12845060092903565,331.140963123356,0.13845719262584472,331.150892932827,spitzer_33000+0000_rgb
0,-0.31921907232864255,329.5591912478977,-0.2996138479153198,329.5788222698368,spitzer_33000+0000_rgb
0,0.4938608349051416,330.2836319958616,0.508783198037168,330.29782641303734,spitzer_33000+0000_rgb
0,-0.2018837056634546,331.2579250362489,-0.18487483539083496,331.2756635614621,spitzer_33000+0000_rgb
0,-0.19518326627733398,330.99320811995074,-0.12422119016403808,331.06180886796267,spitzer_33000+0000_rgb
0,0.5469215440099512,331.3189936798439,0.5944733013469335,331.36610761166446,spitzer_33000+0000_rgb
0,0.7468627855001221,329.83213867355363,0.7619806238906103,329.8471127944976,spitzer_33000+0000_rgb
0,-0.15926765791253172,331.01908267210086,-0.12649731318815186,331.05143333909507,spitzer_33000+0000_rgb
0,-0.40117903244654296,330.29160082716214,-0.38339330671294186,330.3095941538051,spitzer_33000+0000_rgb
0,0.08226806558356933,329.5111692757216,0.09134635325320312,329.5198598680827,spitzer_33000+0000_rgb
0,0.8899288647986279,330.035489420218,0.9107058828200244,330.0555590814757,spitzer_33000+0000_rgb
0,-0.14184456238363768,331.4690895544009,-0.1326333808351245,331.47829991197483,spitzer_33000+0000_rgb
0,-0.14637158056753416,331.2470906043911,-0.13061271028241456,331.26251028197123,spitzer_33000+0000_rgb
0,0.2054221984666113,329.46187386605834,0.22284814230276853,329.4793968151019,spitzer_33000+0000_rgb
0,-0.02650366184433838,331.3501593086013,-0.010285563048186034,331.3662288478286,spitzer_33000+0000_rgb
0,-0.4445279903463867,331.24871153536446,-0.29843188178130614,331.39429710519767,spitzer_33000+0000_rgb
0,-0.1941005026162866,49.665970065423636,-0.12896679558533203,49.73286296840054,spitzer_05100+0000_rgb
0,-0.0041538085522119135,52.32088989971428,0.01901391582548584,52.34397038450952,spitzer_05100+0000_rgb
0,-0.9036802888147595,49.533393569353564,-0.8682779047286792,49.568464207023695,spitzer_05100+0000_rgb
0,0.5543681585188184,50.061386077094475,0.5848308860787744,50.091822111946364,spitzer_05100+0000_rgb
0,0.69997932242729,52.146378935476314,0.7222224862673584,52.168649198925486,spitzer_05100+0000_rgb
0,0.7292192309890576,52.219541878266824,0.7499352138548144,52.240769396771995,spitzer_05100+0000_rgb
0,0.15832071781783447,50.774042808249156,0.17954117659000488,50.79480973512482,spitzer_05100+0000_rgb
0,-0.28740551470406983,50.0258561295331,-0.26437646219998534,50.048353525141465,spitzer_05100+0000_rgb
0,-0.37514932893079833,51.60093244841776,-0.3531328089686719,51.62247370796797,spitzer_05100+0000_rgb
0,0.6669217055703662,52.215887296597636,0.737071118931372,52.28752950779528,spitzer_05100+0000_rgb
0,-0.11093619680730468,50.757153485501384,0.3103118458552148,51.15856119633106,spitzer_05100+0000_rgb
0,0.7392472256804443,52.18451874629283,0.7724939701396435,52.21935915935589,spitzer_05100+0000_rgb
0,-0.6028982280204968,52.38366276692509,-0.5689794051174976,52.418805171765726,spitzer_05100+0000_rgb
0,-0.6966269868488342,50.08844222916766,-0.6318880145144531,50.15383073762836,spitzer_05100+0000_rgb
0,-0.020951985467563477,49.714780611810525,-0.008889811109018554,49.72678061169053,spitzer_05100+0000_rgb
0,0.580329095759209,50.00841537449918,0.5933803651599463,50.02149301108715,spitzer_05100+0000_rgb
0,0.6679304946227783,50.28515576886719,0.6916717053228661,50.30970443398629,spitzer_05100+0000_rgb
0,0.3329713508369531,50.83623616700222,0.3480830043316699,50.85089436998064,spitzer_05100+0000_rgb
0,-0.39844726164052735,50.28197526759691,-0.38227733992722657,50.29759717499278,spitzer_05100+0000_rgb
0,-0.21472452584754637,50.98421191422038,-0.1948684062544409,51.00372086584821,spitzer_05100+0000_rgb
0,-0.4986734976174316,52.19925344666632,-0.47801480641776856,52.2202061849008,spitzer_05100+0000_rgb
0,0.7147153248840966,52.198518298561694,0.7285094328190722,52.212276314374634,spitzer_05100+0000_rgb
0,0.5213605091093115,49.8978647571151,0.5399448188193018,49.91637403427376,spitzer_05100+0000_rgb
0,0.6868914319331689,51.738600171650454,0.7418692959667236,51.79205663270444,spitzer_05100+0000_rgb
0,-0.14356770689765624,52.30887372551803,-0.12241202677067138,52.329290717501365,spitzer_05100+0000_rgb
0,0.534304356636123,51.23505558033174,0.5617050725079492,51.26149153384342,spitzer_05100+0000_rgb
0,-0.39004320899019285,49.633556979810265,-0.37214094679942383,49.65158269577584,spitzer_05100+0000_rgb
0,-0.6534834732828735,49.70264877599435,-0.5937924745308252,49.76397397069359,spitzer_05100+0000_rgb
0,-0.27670222705068603,49.56585190236231,-0.2637330702793359,49.57863054806786,spitzer_05100+0000_rgb
0,-0.13312963734057862,49.986588063519534,-0.11183097218898193,50.008624847153335,spitzer_05100+0000_rgb
0,-0.34673811502220214,49.51880535335361,-0.3285488248395117,49.53643556151064,spitzer_05100+0000_rgb
0,-0.39586693940070555,49.56292547009991,-0.35057283178072995,49.60684864674401,spitzer_05100+0000_rgb
0,0.6570833267624999,50.274059903092734,0.7050305919080273,50.32257845729505,spitzer_05100+0000_rgb
0,0.49937418120417476,49.47766700741083,0.5176142526363574,49.496009780664906,spitzer_05100+0000_rgb
0,-0.9009547435946191,51.386132320357426,-0.8737850661319408,51.41375333245101,spitzer_05100+0000_rgb
0,0.3573608362701416,49.8318203241818,0.3736658491279248,49.84793165214568,spitzer_05100+0000_rgb
0,-0.6663216079201172,50.038515960135676,-0.6459208105980835,50.05869060186101,spitzer_05100+0000_rgb
0,-0.35261360324469726,49.48515952035674,-0.3361011522379468,49.50133725456996,spitzer_05100+0000_rgb
0,0.1986004211910791,49.527438165767286,0.21388248484034178,49.54288705884196,spitzer_05100+0000_rgb
0,-0.5117509714449902,52.23563792709675,-0.4943660432334228,52.252044766939186,spitzer_05100+0000_rgb
0,-0.34145027327820554,49.81138380094866,-0.3220421517274951,49.831042166637495,spitzer_05100+0000_rgb
0,-0.26286864971506346,49.47911720270883,-0.2510904109005542,49.49096583540284,spitzer_05100+0000_rgb
0,-0.2697755506876611,49.708829114474206,-0.2534770482464795,49.72527833305972,spitzer_05100+0000_rgb
0,-0.17936067528972655,50.83701692871316,-0.15879199059958007,50.85742708475906,spitzer_05100+0000_rgb
0,-0.46568196148901364,49.57996681107533,-0.4418758907635327,49.60296485772035,spitzer_05100+0000_rgb
0,-0.2988170543034961,50.01438217131451,-0.24345198324256345,50.0700249116435,spitzer_05100+0000_rgb
0,-0.3718008589121997,49.48570769743459,-0.3636212528742041,49.493945653081376,spitzer_05100+0000_rgb
0,-0.6669496189815454,50.94768880260644,-0.6524203629419421,50.96203727251505,spitzer_05100+0000_rgb
0,-0.4407831987171679,50.2614902417601,-0.427589595333479,50.274747891367106,spitzer_05100+0000_rgb
0,-0.4037699341133423,49.517409520034235,-0.36909195594449706,49.551573907713426,spitzer_05100+0000_rgb
0,-0.017747232895444335,50.25568343843275,-0.000631591790559082,50.272735521595564,spitzer_05100+0000_rgb
0,-0.5017018178996484,50.23201140090905,-0.48642195151598877,50.246740567428425,spitzer_05100+0000_rgb
0,0.15421728361407713,49.526438165777286,0.1762692039664746,49.54872169420028,spitzer_05100+0000_rgb
0,-0.628606520406643,51.417789139702315,-0.6092622009386279,51.43803743051546,spitzer_05100+0000_rgb
0,0.839254223378291,50.08883806249704,0.851579255807124,50.101173511592435,spitzer_05100+0000_rgb
0,-0.1421413560004614,49.969344411348224,-0.09439013577484863,50.0171601660784,spitzer_05100+0000_rgb
0,-0.536322300951881,50.64325960643199,-0.5050362905225537,50.67476709309608,spitzer_05100+0000_rgb
0,0.9296010649227392,50.156798999317424,0.9384685778548975,50.16552116719895,spitzer_05100+0000_rgb
0,0.36140868779216306,49.821241873766745,0.37284993116733395,49.83268604682939,spitzer_05100+0000_rgb
0,-0.636281325017395,52.495566421811915,-0.6015220480212378,52.53062808731416,spitzer_05100+0000_rgb
0,-0.7283331225994811,50.91186214280846,-0.6963266938830871,50.941824707613,spitzer_05100+0000_rgb
0,1.0341113177838868,52.08886652556967,1.0492228085181885,52.1039815970331,spitzer_05100+0000_rgb
0,-0.4032943481805981,49.472525405899745,-0.3779928347617383,49.49728842648545,spitzer_05100+0000_rgb
0,-0.8570549637601794,52.37162256522257,-0.8369243487271105,52.39087970614329,spitzer_05100+0000_rgb
0,-0.2751184054519409,51.65313581703635,-0.2217558571574414,51.706557935642756,spitzer_05100+0000_rgb
0,0.26709407284989256,50.01848731450263,0.2858779268287207,50.03681055650689,spitzer_05100+0000_rgb
0,0.31664892261476074,49.80212794166622,0.3388549770802002,49.824638032586954,spitzer_05100+0000_rgb
0,0.8098341390370751,50.82017024919413,0.8252350177893164,50.8359664729945,spitzer_05100+0000_rgb
0,0.6689059177901074,50.31057992225878,0.6815512627157373,50.32306071640481,spitzer_05100+0000_rgb
0,1.027242014467163,50.78843733935521,1.0366887917164453,50.79770215046048,spitzer_05100+0000_rgb
0,0.4040109009078076,51.65776830396919,0.5798120059206299,51.83923013483687,spitzer_05100+0000_rgb
0,-0.35866837206435787,49.69035255215898,-0.33650487944745117,49.71233757798079,spitzer_05100+0000_rgb
0,-0.5858144472668554,332.84916992338333,-0.5501498968422509,332.8852122407312,spitzer_33300+0000_rgb
0,-0.12496671424512451,331.98803972366125,-0.10087678935581543,332.01182081066304,spitzer_33300+0000_rgb
0,0.05373697862929687,333.9518346258983,0.07500081305207519,333.9731626693048,spitzer_33300+0000_rgb
0,-0.2573605117493115,334.4107120016806,-0.23807031011929686,334.4297143004815,spitzer_33300+0000_rgb
0,-0.5452893418778356,332.2811551178655,-0.5259817655735156,332.3004887765264,spitzer_33300+0000_rgb
0,-0.04768147738776855,333.6057746521454,-0.023283853933828123,333.62911124045365,spitzer_33300+0000_rgb
0,-0.45532901562900147,332.1528886803461,-0.431839758051394,332.17670703948295,spitzer_33300+0000_rgb
0,-0.5856996197940454,332.30077132860686,-0.5505768174108984,332.3366822982998,spitzer_33300+0000_rgb
0,-0.61677607618901,332.637192549201,-0.5951312196346252,332.6583105502919,spitzer_33300+0000_rgb
0,-0.0969637848376538,332.44427360581767,-0.0668020826653125,332.4740682018739,spitzer_33300+0000_rgb
0,0.06523998958197509,332.3607273826948,0.0982800283140747,332.39341065059716,spitzer_33300+0000_rgb
0,-0.28908186559876464,333.49869978342446,-0.2660820285891797,333.52203799933693,spitzer_33300+0000_rgb
0,-0.2184283018521753,333.5973534282713,-0.2069453918107544,333.609370192474,spitzer_33300+0000_rgb
0,0.025490478260720213,333.0423953446281,0.04332169553032471,333.0593494460211,spitzer_33300+0000_rgb
0,-0.5528923284554517,332.82680224782575,-0.5307071887033447,332.84877132312687,spitzer_33300+0000_rgb
0,0.4816653597666797,332.0508564548039,0.5179718372681982,332.0873084401165,spitzer_33300+0000_rgb
0,-0.4686162062513379,332.98418343114776,-0.43281868056764644,333.019723144334,spitzer_33300+0000_rgb
0,-0.5698007755519922,332.31338005243913,-0.5501191351238086,332.33268897151686,spitzer_33300+0000_rgb
0,-0.6429723242994433,332.6394025101164,-0.5827255394201404,332.6964759144936,spitzer_33300+0000_rgb
0,-0.6203620543432543,332.9113837899487,-0.5973765402501928,332.93560677147724,spitzer_33300+0000_rgb
0,-0.09997241110965087,331.4936308744387,-0.06787727796706054,331.5260953923432,spitzer_33300+0000_rgb
0,-0.6196428974494043,333.3351028612323,-0.5839389996944641,333.3704567834048,spitzer_33300+0000_rgb
0,0.5128839466940771,332.26773959065594,0.5464711859415381,332.3018406645337,spitzer_33300+0000_rgb
0,0.5731887963514453,332.3512846744559,0.6062682231039843,332.38434115198993,spitzer_33300+0000_rgb
0,0.04814371696647949,333.2350509416599,0.08306778888286377,333.27073176812604,spitzer_33300+0000_rgb
0,-0.4517534134512158,333.2534160130908,-0.42885098855003173,333.276255693852,spitzer_33300+0000_rgb
0,-0.18990730604363523,332.4397915095083,-0.16610904781807617,332.4626739962587,spitzer_33300+0000_rgb
0,0.7518865484707178,332.94021565814995,0.785345695271543,332.9733356122458,spitzer_33300+0000_rgb
0,-0.17049601066483153,332.5188528693948,-0.11534106329971434,332.5722770225064,spitzer_33300+0000_rgb
0,-0.01722737612980957,333.59126228249886,0.0025177408602392575,333.6106565694143,spitzer_33300+0000_rgb
0,-0.398599930909834,333.1226738268983,-0.37518147411276853,333.1458277980209,spitzer_33300+0000_rgb
0,-0.29877929388720703,333.47618065930067,-0.25209659578632565,333.52268139125755,spitzer_33300+0000_rgb
0,-0.1272282702120923,332.51547689286605,-0.10965185437223143,332.53250065571666,spitzer_33300+0000_rgb
0,0.1520533838961328,331.67510873720727,0.1738629539905371,331.6973457161515,spitzer_33300+0000_rgb
0,-0.4354702104890478,332.33721387381536,-0.4167827106759228,332.3558172264939,spitzer_33300+0000_rgb
0,0.002740478488220215,332.3625901756449,0.10308349506291503,332.4603527072194,spitzer_33300+0000_rgb
0,-0.5313399198168091,334.3928018150922,-0.5143465931638257,334.4095606853673,spitzer_33300+0000_rgb
0,0.3583471643852783,333.71461034441637,0.3805904909857617,333.7373703539544,spitzer_33300+0000_rgb
0,-0.742547233785465,332.58365006926766,-0.7093103363313757,332.61700602596534,spitzer_33300+0000_rgb
0,-0.13497932807729005,331.547567071816,-0.11205175669198242,331.5706871887723,spitzer_33300+0000_rgb
0,-0.14125349793642333,331.7769489054597,-0.1223662910940454,331.7955296344405,spitzer_33300+0000_rgb
0,-0.014273193216643066,332.75850927975864,0.004931803336098633,332.77765429909846,spitzer_33300+0000_rgb
0,-0.43590120006807126,332.27532097078847,-0.41772379139567867,332.2938157622702,spitzer_33300+0000_rgb
0,-0.014539957536892089,332.2689047924672,0.013637613795915526,332.2975940825449,spitzer_33300+0000_rgb
0,-0.2582463353081616,333.94870840522645,-0.24053718834983642,333.96618777516886,spitzer_33300+0000_rgb
0,-0.3791115684745093,333.076671385952,-0.3515388962241943,333.10394091692933,spitzer_33300+0000_rgb
0,0.3527342087122412,333.7484145432971,0.37191357049961427,333.7687123132764,spitzer_33300+0000_rgb
0,-0.037624348582089844,333.1407016587492,-0.021488606555947264,333.1563497705719,spitzer_33300+0000_rgb
0,-0.25230159252906736,333.5189056751495,-0.21766072373485107,333.5531980738951,spitzer_33300+0000_rgb
0,0.036921060828706054,332.1350107508374,0.05227913359179199,332.15016586136295,spitzer_33300+0000_rgb
0,0.06584008723222412,332.29805664764444,0.09900618390577148,332.3315377671013,spitzer_33300+0000_rgb
0,-0.0847362458974292,331.51913998876694,-0.04950577749973389,331.5531969545722,spitzer_33300+0000_rgb
0,-0.5019515737565259,331.48676824429896,-0.4797130485882861,331.5086774237674,spitzer_33300+0000_rgb
0,-0.08072745687501709,331.7251754684774,-0.04956648713454345,331.7566364056628,spitzer_33300+0000_rgb
0,-0.5697487735993871,332.57469971128427,-0.5534141383460669,332.59061605227095,spitzer_33300+0000_rgb
0,0.18244270650890623,334.1899590945457,0.2058229146084375,334.21277631436965,spitzer_33300+0000_rgb
0,-0.8150357584512048,333.07502001878106,-0.754429191674458,333.1358863918703,spitzer_33300+0000_rgb
0,-0.36365518842073974,333.1219034818539,-0.30533316751958495,333.17954492007954,spitzer_33300+0000_rgb
0,-0.03618847620061523,333.70659073186636,-0.014431884621306151,333.72854955326136,spitzer_33300+0000_rgb
0,-0.6101436706563758,333.2636966119464,-0.5049681752888598,333.36811807900114,spitzer_33300+0000_rgb
0,0.7552563401036865,333.00665055331893,0.7695304285026122,333.0203040362553,spitzer_33300+0000_rgb
0,0.5121326446182568,331.6103502743132,0.5281962837805371,331.62601921946896,spitzer_33300+0000_rgb
0,-0.6196850523968994,331.856276866906,-0.5968463075080993,331.8785167755378,spitzer_33300+0000_rgb
0,-0.27580102263261475,331.45777768469304,-0.2529242324967993,331.4804450021747,spitzer_33300+0000_rgb
0,0.6769565361991845,332.32436589217303,0.6956194591896386,332.34288151698786,spitzer_33300+0000_rgb
0,0.6600725845451074,332.72792220324163,0.6893985933664306,332.7575327172684,spitzer_33300+0000_rgb
0,-0.12069612509512206,333.13072867707814,-0.09203849191815673,333.15825602055287,spitzer_33300+0000_rgb
0,-0.12834846876859862,331.85433187994624,-0.11225748585659179,331.870491384993,spitzer_33300+0000_rgb
0,-0.5101573842213427,332.4048001361603,-0.4933840282692846,332.42135759042185,spitzer_33300+0000_rgb
0,0.7674443282630566,332.95438655644574,0.7881988853471777,332.97545084659964,spitzer_33300+0000_rgb
0,-0.47307160985261715,332.1117762133093,-0.39970906175811766,332.18590642090135,spitzer_33300+0000_rgb
0,-0.22747192155340576,333.67183593078164,-0.2074266743580249,333.6914647554552,spitzer_33300+0000_rgb
0,-0.42524527569546383,332.0863051849182,-0.40866479083522705,332.1029954516784,spitzer_33300+0000_rgb
0,0.24264322674023436,332.5350891973574,0.2714254530149121,332.563554529104,spitzer_33300+0000_rgb
0,-0.43350146050873534,333.7253657154026,-0.4181663369641699,333.7401828539263,spitzer_33300+0000_rgb
0,-0.08245353107650634,331.4856575672268,-0.017114176261149902,331.5490270327389,spitzer_33300+0000_rgb
0,-0.6916633638515954,332.625594893067,-0.6710240004512182,332.6462530959854,spitzer_33300+0000_rgb
0,-0.7372120287606921,334.4407903400029,-0.7240484953636817,334.45356383841033,spitzer_33300+0000_rgb
0,-0.4642666783000415,333.07689094975194,-0.4412400672021826,333.0990436188012,spitzer_33300+0000_rgb
0,-0.3088244598023804,332.76209765862905,-0.29699991564979245,332.7738263368972,spitzer_33300+0000_rgb
0,-0.05362402290125976,334.51740110787284,-0.04033439087269775,334.53070205683656,spitzer_33300+0000_rgb
0,-0.34801643532191895,333.18369661274636,-0.2325829241064624,333.29878515326214,spitzer_33300+0000_rgb
0,-0.3993946086362622,333.20005362755677,-0.36530785767504637,333.23475365976185,spitzer_33300+0000_rgb
0,-0.5242571562157617,333.0172104490467,-0.45900984241510984,333.0816980786101,spitzer_33300+0000_rgb
0,-0.5212618762977979,333.0933549795352,-0.497372960521062,333.11829915246284,spitzer_33300+0000_rgb
0,0.43399901909750976,332.2172142005362,0.44947314003651856,332.23228288528134,spitzer_33300+0000_rgb
0,-0.1468121730110449,333.4904815217879,-0.08449413978005858,333.5512606552947,spitzer_33300+0000_rgb
0,0.5499549098650341,332.7007044300763,0.5833904564056787,332.73384131125533,spitzer_33300+0000_rgb
0,0.3441481085376855,334.04345632908365,0.35968782192395504,334.058192941892,spitzer_33300+0000_rgb
0,-0.5689470564850085,333.035065103816,-0.55337531998708,333.04981233674147,spitzer_33300+0000_rgb
0,-0.13337695179123046,333.3373919237094,-0.11441105028818115,333.356279618833,spitzer_33300+0000_rgb
0,0.7670218022256152,332.96584879591444,0.8285820229641796,333.0291993812184,spitzer_33300+0000_rgb
0,-0.5095528920398876,333.68445629198357,-0.48785245280376704,333.70573721624993,spitzer_33300+0000_rgb
0,-0.3143858204238501,331.5311230615638,-0.3020004038810376,331.5435748843559,spitzer_33300+0000_rgb
0,-0.10528312069196044,332.28448210350933,-0.09230314035301025,332.29740739634883,spitzer_33300+0000_rgb
0,-0.05816479434022705,332.22590202597013,-0.04508935501785644,332.238350593554,spitzer_33300+0000_rgb
0,-0.574647333120714,334.5251264750238,-0.5543007757069922,334.5455319504362,spitzer_33300+0000_rgb
0,0.14754866388909668,332.30346745488197,0.16630305823280273,332.32208073594586,spitzer_33300+0000_rgb
0,-0.30469571635408443,331.63022755276023,-0.28883113317939696,331.6457871229171,spitzer_33300+0000_rgb
0,-0.3615664026343359,333.0861516918468,-0.3494475062711499,333.0984002268806,spitzer_33300+0000_rgb
0,0.057366373124252926,333.2406848934265,0.0756971021076123,333.25822021226156,spitzer_33300+0000_rgb
0,0.6792550387803662,333.9207128000377,0.6954098237750683,333.9370628161502,spitzer_33300+0000_rgb
0,-0.24494823973801758,331.93005713960565,-0.2331241838666748,331.94204786214203,spitzer_33300+0000_rgb
0,0.7632060470554394,333.00132763670547,0.7835286379980468,333.0230714515922,spitzer_33300+0000_rgb
0,0.02786612927863037,332.57807650161504,0.04867146761224365,332.59839534906814,spitzer_33300+0000_rgb
0,-0.7841503014032886,333.0812034497088,-0.7625847091710278,333.10212695210373,spitzer_33300+0000_rgb
0,-0.5770321394119702,332.8227814145326,-0.5592499944075,332.84123795731676,spitzer_33300+0000_rgb
0,0.7432682217339843,332.91331445399186,0.8137981689453515,332.9812389324793,spitzer_33300+0000_rgb
0,-0.4797281039266772,332.1227540777829,-0.43448404513432615,332.16447901226144,spitzer_33300+0000_rgb
0,-0.47243489110898435,332.9146761076241,-0.40217366134284666,332.9833704428746,spitzer_33300+0000_rgb
0,-0.5366694282270557,332.9366394863107,-0.5028589630703686,332.96957747426256,spitzer_33300+0000_rgb
0,-0.3116630014406616,333.51787409963896,-0.28920531937357175,333.5399773709023,spitzer_33300+0000_rgb
0,-0.44122379116067867,333.18678954891334,-0.42070279527213866,333.20679581498933,spitzer_33300+0000_rgb
0,0.8960872306224609,332.97823616558225,0.9155362864175537,332.9972998047145,spitzer_33300+0000_rgb
0,0.1024225250174414,331.6260758600934,0.16124820802293457,331.68460678398725,spitzer_33300+0000_rgb
0,-0.030842284847827146,332.72870638292125,-0.02228767881358154,332.7374759140836,spitzer_33300+0000_rgb
0,0.053406412226352534,334.18208055458547,0.08093310465941894,334.209963529567,spitzer_33300+0000_rgb
0,-0.05526090439530761,334.0183226216527,-0.04330175737948242,334.0300001524604,spitzer_33300+0000_rgb
0,-0.2190671364812036,333.5331868436265,-0.03502823858200928,333.7153094817792,spitzer_33300+0000_rgb
0,0.06774910414021729,333.58136840238944,0.07660066655170165,333.59011620503634,spitzer_33300+0000_rgb
0,-0.6431048112772851,332.9447877609688,-0.5815069928828467,333.00775260408915,spitzer_33300+0000_rgb
0,-0.1419595526168628,331.4685660960435,-0.13236393096802734,331.4783037261545,spitzer_33300+0000_rgb
0,-0.07581119715855468,333.0135833331975,-0.05713883406402832,333.0325509436849,spitzer_33300+0000_rgb
0,-0.4502722122941528,333.64600715499824,-0.43751155161446775,333.65854312492496,spitzer_33300+0000_rgb
0,0.5021808218011083,332.0502168063728,0.5233116809647997,332.07115772413215,spitzer_33300+0000_rgb
0,-0.10704158421604247,333.56401610764107,-0.07968676678125731,333.5909628033352,spitzer_33300+0000_rgb
0,-0.11047566621295166,333.1551987289168,-0.09206445220435547,333.17368766102356,spitzer_33300+0000_rgb
0,0.325241533205918,334.4135214804123,0.34790543271886226,334.4362953144131,spitzer_33300+0000_rgb
0,-0.6167452737804638,332.6607390984447,-0.5842665550297302,332.69108105777667,spitzer_33300+0000_rgb
0,-0.40813663328842525,333.03147167937277,-0.386725093788999,333.0533883458203,spitzer_33300+0000_rgb
0,-0.4836805778454858,332.09505127858074,-0.46639118999754636,332.1123714281471,spitzer_33300+0000_rgb
0,0.045582356315009766,331.7472584760691,0.08126481038526855,331.78455893142524,spitzer_33300+0000_rgb
0,0.4459653275715967,332.20680388162987,0.4618201451213818,332.22313998172694,spitzer_33300+0000_rgb
0,-0.22156786887807128,333.550755284206,-0.20111506960343262,333.5719575138117,spitzer_33300+0000_rgb
0,-0.3965617636125073,333.7494461188076,-0.3670688439855615,333.77941926303913,spitzer_33300+0000_rgb
0,-0.11366764209249022,331.5945839984292,-0.09833105370418944,331.60933725348997,spitzer_33300+0000_rgb
0,-0.4797050733279492,333.0926404613132,-0.4183116820147998,333.15619824062554,spitzer_33300+0000_rgb
0,-0.056371825608156734,332.71296826458905,-0.04699470981651123,332.7225190457436,spitzer_33300+0000_rgb
0,-0.2562225723075659,332.35098714841723,-0.24702717851931152,332.3601849022315,spitzer_33300+0000_rgb
0,-0.11577815639430175,6.1973956685989595,-0.09000341706871581,6.223523272504351,spitzer_00600+0000_rgb
0,-0.2893561168981055,7.407681901206384,-0.2701062798510205,7.427176794403362,spitzer_00600+0000_rgb
0,-0.3526923792855762,6.187767901768154,-0.32852896806887694,6.211682289549843,spitzer_00600+0000_rgb
0,-0.24685318763563474,5.470407231858427,-0.22809439876072266,5.488485356677646,spitzer_00600+0000_rgb
0,0.024505696369526365,7.340087246527513,0.04248649046055176,7.357672878675875,spitzer_00600+0000_rgb
0,-0.15379654794120118,5.934618652997563,-0.13030842968649903,5.95783300823417,spitzer_00600+0000_rgb
0,-0.12039990113975096,7.3600997178443155,-0.10757275283052245,7.372586778266319,spitzer_00600+0000_rgb
0,0.16542496579366697,7.026687367662814,0.18833154108543457,7.04901211516092,spitzer_00600+0000_rgb
0,-0.5617053980287793,5.76156233962396,-0.33285432609854004,5.989031901151348,spitzer_00600+0000_rgb
0,-0.09242643136740233,6.5673326766183395,-0.07488346279283203,6.584503005222678,spitzer_00600+0000_rgb
0,-0.38563362244574706,6.873562938855517,-0.12303206257176269,7.143158557904352,spitzer_00600+0000_rgb
0,-0.6621297948109937,6.117109862110151,-0.6140469502397388,6.16514729652561,spitzer_00600+0000_rgb
0,0.026221353904453123,5.508057622106924,0.05366536404667969,5.535623539800015,spitzer_00600+0000_rgb
0,-0.04006803345348633,6.044836099812056,-0.021122070101279297,6.064121906910864,spitzer_00600+0000_rgb
0,-0.3275779589638037,6.934835846771433,-0.1870587546398291,7.083473174386622,spitzer_00600+0000_rgb
0,-0.6230498798372095,6.142467934773237,-0.5950280702215942,6.170282387620093,spitzer_00600+0000_rgb
0,-0.35792235970202635,6.174472328984443,-0.31155972995731934,6.220654782949702,spitzer_00600+0000_rgb
0,-0.4513297480908691,5.871883790343662,-0.39594083262913327,5.926785970784223,spitzer_00600+0000_rgb
0,0.6206682880641503,7.338119208624017,0.7467381110222021,7.468757273927336,spitzer_00600+0000_rgb
0,-0.4337294064699975,5.967969726882803,-0.4171838337187866,5.984054524899038,spitzer_00600+0000_rgb
0,-0.16493619626730469,7.249102140015489,-0.09899983624958496,7.316188219259993,spitzer_00600+0000_rgb
0,-0.26012109114878906,7.0030684307245235,-0.24568473061606932,7.016902333580976,spitzer_00600+0000_rgb
0,0.0782120760407959,7.162765938893173,0.09775943912657226,7.182297921119729,spitzer_00600+0000_rgb
0,-0.06410384050479492,6.355638098657161,-0.046263183131118164,6.373018225436485,spitzer_00600+0000_rgb
0,-0.04828434196507324,5.202163744957529,0.2246912412426709,5.468059412871489,spitzer_00600+0000_rgb
0,-0.262483395812666,5.4944383188577,-0.24367122152162107,5.512880864246191,spitzer_00600+0000_rgb
0,0.29757942410753907,4.7372496871066705,0.3203640918484424,4.759686535840634,spitzer_00600+0000_rgb
0,-0.662320956918457,6.29636645211446,-0.6396281674318433,6.318789547593354,spitzer_00600+0000_rgb
0,0.3848994102135058,7.517157699672173,0.39804280200915526,7.530088401752338,spitzer_00600+0000_rgb
0,-0.39906689054058103,5.976784017159243,-0.3381992153680078,6.037822265246778,spitzer_00600+0000_rgb
0,-0.06361165300971679,4.582023451679766,-0.04525618444327148,4.600701511388818,spitzer_00600+0000_rgb
0,-0.046631021669106446,5.058527678685556,-0.03479182907916504,5.070533212419668,spitzer_00600+0000_rgb
0,-0.6304465268986597,6.110714679882436,-0.6087045023764965,6.13287467315042,spitzer_00600+0000_rgb
0,0.22274316183506834,6.778203686879421,0.23547818774938475,6.790986971256797,spitzer_00600+0000_rgb
0,0.311287431782959,6.035871581672534,0.32365315431555175,6.048137694831123,spitzer_00600+0000_rgb
0,0.230037595355874,5.623601403503569,0.24707698320631347,5.640534183282158,spitzer_00600+0000_rgb
0,-0.19999316206256834,5.03635433906354,-0.18385611795310547,5.051850920939824,spitzer_00600+0000_rgb
0,-0.0877462556329541,7.2326284056424655,-0.024934895583984373,7.293967719807719,spitzer_00600+0000_rgb
0,-0.08937272046043945,6.59844815482281,-0.07459570237904296,6.612751458716235,spitzer_00600+0000_rgb
0,-0.2969350556243994,5.623699385273423,-0.28437743856247555,5.636235517960562,spitzer_00600+0000_rgb
0,-0.10287516173166504,5.128702970952554,-0.0848138012351953,5.147090015039517,spitzer_00600+0000_rgb
0,-0.6398143653466479,6.129776040368906,-0.6161608825102661,6.152727863056055,spitzer_00600+0000_rgb
0,0.40816568602250974,5.569804854562368,0.4205175739198242,5.582195316678047,spitzer_00600+0000_rgb
0,-0.24080614993568847,5.4787983450557665,-0.22190787538508788,5.497900721166826,spitzer_00600+0000_rgb
0,0.23691829190165037,7.198466377989295,0.2517755508676611,7.2127524292787255,spitzer_00600+0000_rgb
0,-0.3853950156772998,5.578755538066611,-0.3726164513519604,5.59118571372356,spitzer_00600+0000_rgb
0,-0.1438116847597998,4.515223973181094,-0.11971370322994629,4.539090509400761,spitzer_00600+0000_rgb
0,-0.3024112925488037,5.171199715319253,-0.2650429660995703,5.207078946731294,spitzer_00600+0000_rgb
0,-0.1349238267757617,5.693700035615083,-0.1135358061563086,5.715052248943228,spitzer_00600+0000_rgb
0,0.18371353982953123,6.702269849748134,0.19188183401868164,6.7105447520091355,spitzer_00600+0000_rgb
0,0.35286002251306636,4.519158543454248,0.3729204064270459,4.539905613559277,spitzer_00600+0000_rgb
0,0.0520974929686084,7.460106054327976,0.07109863210151367,7.478556691960852,spitzer_00600+0000_rgb
0,-0.18209244609574218,7.328637885476642,-0.1650079736103369,7.346371365117015,spitzer_00600+0000_rgb
0,-0.15336816252881835,4.603542006152081,-0.13798518742223143,4.618785170062148,spitzer_00600+0000_rgb
0,-0.1562353500001465,6.028287434612959,-0.09163118397952148,6.092145181370215,spitzer_00600+0000_rgb
0,-0.2547539037024609,5.4589028374422215,-0.23682014737138182,5.477374842465835,spitzer_00600+0000_rgb
0,-0.1278592109609912,6.522988682921155,-0.10966926973664062,6.541680495885278,spitzer_00600+0000_rgb
0,-0.009168619699980469,5.092910490841729,0.010120442607128907,5.112434416427739,spitzer_00600+0000_rgb
0,-0.51513581841635,6.536148920419761,-0.49572069816779296,6.555527582335349,spitzer_00600+0000_rgb
0,0.7992026287267235,5.931357097040595,0.8083430908749023,5.940159994087983,spitzer_00600+0000_rgb
0,-0.363072994416145,5.176210457456645,-0.3407330695093359,5.198051440311152,spitzer_00600+0000_rgb
0,0.36118863571103027,7.411399176152935,0.37497932567729003,7.4252965453987265,spitzer_00600+0000_rgb
0,0.22619286883182127,7.184832548373029,0.24247493247108398,7.201173449902328,spitzer_00600+0000_rgb
0,1.005229807656035,5.740450360668413,1.012562815395205,5.74789437101064,spitzer_00600+0000_rgb
0,0.16125512534057374,28.79040658761677,0.18537809059413574,28.814306001440272,spitzer_03000+0000_rgb
0,0.22730663835193357,30.235224607022754,0.2562400690521826,30.26397867574563,spitzer_03000+0000_rgb
0,0.3699200809362158,30.329588538370782,0.3934680950236523,30.353141923551913,spitzer_03000+0000_rgb
0,-0.25119229892036865,28.792360689159725,-0.19373323373975096,28.849482107859345,spitzer_03000+0000_rgb
0,-0.15491780444040526,31.144091704053874,-0.12801611200108887,31.170125476579994,spitzer_03000+0000_rgb
0,-0.015256021982856445,29.878671387932037,0.008517415279409178,29.902086915041632,spitzer_03000+0000_rgb
0,-0.2004075500792578,30.45184903519505,-0.1771258120308252,30.475328201626926,spitzer_03000+0000_rgb
0,-0.3120991993529663,28.69870411457546,-0.2816062797360205,28.72829884084201,spitzer_03000+0000_rgb
0,-0.7431009854075317,30.481804682681954,-0.48909390786947754,30.7165974049434,spitzer_03000+0000_rgb
0,0.27975699590034664,31.419141841684233,0.3014396128710205,31.440652431068735,spitzer_03000+0000_rgb
0,-0.36645084268965816,28.58071062617206,-0.3422431606400683,28.604036472292968,spitzer_03000+0000_rgb
0,0.0327741695941333,30.292705237958366,0.05142049102225341,30.310429684395704,spitzer_03000+0000_rgb
0,-0.3545434534858154,31.457922002836145,-0.332921057868706,31.47946211797719,spitzer_03000+0000_rgb
0,0.1506467270091577,30.90056253168448,0.17360904774307617,30.92316641329438,spitzer_03000+0000_rgb
0,-0.13276928578168212,30.981653310495968,-0.11366764209249022,31.000089304777752,spitzer_03000+0000_rgb
0,-0.32534220052261964,29.360261399626552,-0.3071006642467016,29.378775396837245,spitzer_03000+0000_rgb
0,0.30343765972604003,31.396654506704028,0.3282612271861377,31.420816137728686,spitzer_03000+0000_rgb
0,-0.2852304658976953,31.383870408524576,-0.24993326572983396,31.418610062718194,spitzer_03000+0000_rgb
0,-0.0675909010167993,29.917314128431027,-0.045953694201921386,29.938964681599938,spitzer_03000+0000_rgb
0,0.5293063098111035,30.935240306402804,0.5575065048416016,30.96360529635353,spitzer_03000+0000_rgb
0,0.08498054928040283,30.3407608201601,0.09764151920587646,30.35312434542709,spitzer_03000+0000_rgb
0,0.434800125860332,31.019860259983687,0.46473013858186524,31.049461537356947,spitzer_03000+0000_rgb
0,0.5705078067949219,30.942593984714684,0.6030821879795947,30.97449763022898,spitzer_03000+0000_rgb
0,-0.3875900026345166,28.586314467261854,-0.35128995416939207,28.621237318475128,spitzer_03000+0000_rgb
0,0.01248942044802246,30.361249752246877,0.04073152628539307,30.388295080752467,spitzer_03000+0000_rgb
0,0.0607421055123706,28.962985036411816,0.12963728711508543,29.030642750578988,spitzer_03000+0000_rgb
0,-0.6283786151354845,28.951014821687767,-0.5662790063814807,29.014211761159967,spitzer_03000+0000_rgb
0,-0.6087706237951062,29.604268884165645,-0.5917306255931103,29.621646813679366,spitzer_03000+0000_rgb
0,-0.23455614999818847,30.28931526403393,-0.17228661937088377,30.351759762107402,spitzer_03000+0000_rgb
0,0.10290161029910888,30.012988769401364,0.12205370971696289,30.032026041346406,spitzer_03000+0000_rgb
0,0.10490274960201415,30.36729695270724,0.12188248576034179,30.384264563214646,spitzer_03000+0000_rgb
0,0.1914721660540283,30.78784447454343,0.20429150186333495,30.800422355277025,spitzer_03000+0000_rgb
0,-0.018487874164079588,28.58944597764721,0.0015910644372143553,28.609193373283066,spitzer_03000+0000_rgb
0,-0.11450341682371581,30.57379857824639,-0.08048185140872315,30.60710041710608,spitzer_03000+0000_rgb
0,-0.06915592378760742,30.687295810184334,0.03016121389109619,30.789608471921625,spitzer_03000+0000_rgb
0,-0.23709618903528806,28.72299447891589,-0.2253274717050586,28.734964205358693,spitzer_03000+0000_rgb
0,-0.25323982494156005,29.845013510664447,-0.23491829192165037,29.8626136081447,spitzer_03000+0000_rgb
0,0.03127758757784912,28.67322006535113,0.06568448827544678,28.707234387927656,spitzer_03000+0000_rgb
0,-0.07343391853649414,29.900889812189018,-0.05074365183631348,29.922618978638393,spitzer_03000+0000_rgb
0,-0.15231331227895017,29.126941577741,-0.13966788597311278,29.13943767136604,spitzer_03000+0000_rgb
0,0.004561197871054687,28.60103712336463,0.022052652774265137,28.618944024227225,spitzer_03000+0000_rgb
0,0.10563443904782226,30.967474803150772,0.12781843947702393,30.990290232610118,spitzer_03000+0000_rgb
0,-0.11600024298062256,30.849066886040582,-0.08369466062138671,30.882573314741975,spitzer_03000+0000_rgb
0,-0.2404904761107202,30.876275259791935,-0.2279221168614038,30.888769807193032,spitzer_03000+0000_rgb
0,0.04465567989198486,31.06259504145738,0.05661930281922363,31.07431375065009,spitzer_03000+0000_rgb
0,0.08636360590719726,30.626523431234766,0.11892276899306396,30.658728264897093,spitzer_03000+0000_rgb
0,-0.7849784670851111,29.8808950207223,-0.7717447025690112,29.893715984135756,spitzer_03000+0000_rgb
0,0.09097346914234863,30.060116861378,0.10630281469218017,30.075213703674947,spitzer_03000+0000_rgb
0,-0.5200388131589868,29.667271162181454,-0.49969115711246337,29.687432294792345,spitzer_03000+0000_rgb
0,-0.11667553594261962,30.370048743044304,-0.09832283430322998,30.38896719988637,spitzer_03000+0000_rgb
0,-0.049448078932602536,30.011266601449833,-0.03126692677066406,30.029321451529704,spitzer_03000+0000_rgb
0,0.14015820172341797,30.837088777436403,0.16232730957464356,30.85935635533873,spitzer_03000+0000_rgb
0,0.4724062452759375,31.057036325692657,0.4925467073141162,31.076642201147642,spitzer_03000+0000_rgb
0,0.3434620733882959,31.040315419284347,0.3637695276123047,31.06029893959232,spitzer_03000+0000_rgb
0,-0.5958175396147412,30.762041252145213,-0.5840703473494006,30.773726229241905,spitzer_03000+0000_rgb
0,-0.028706949582722168,29.895521485419785,-0.0069742837844238275,29.916444662293888,spitzer_03000+0000_rgb
0,0.2562057266046094,31.110856230753416,0.32147786136855466,31.176506010370357,spitzer_03000+0000_rgb
0,-0.6235021503404993,28.959013682284862,-0.5915694114020141,28.991860687164728,spitzer_03000+0000_rgb
0,0.23921077234747556,28.778317069508496,0.2556946589013867,28.795347342775692,spitzer_03000+0000_rgb
0,-0.17016576978271727,31.307779934838866,-0.1538520492427295,31.32455119525058,spitzer_03000+0000_rgb
0,-0.37191438430168944,30.688299716424293,-0.3606066858470581,30.69946784782303,spitzer_03000+0000_rgb
0,-0.2198107888175171,29.495350265463163,-0.1954626445297485,29.519701339438402,spitzer_03000+0000_rgb
0,-0.8506303625874463,29.95675618532827,-0.8267554442064038,29.980358561394333,spitzer_03000+0000_rgb
0,-0.2962780732090942,28.55162566552541,-0.28392496460866695,28.563777683633056,spitzer_03000+0000_rgb
0,-0.7905948000367602,29.94678255261551,-0.7779194258145556,29.960015625399844,spitzer_03000+0000_rgb
0,0.06691210870587891,28.975892588366076,0.08473014238186523,28.99398031604978,spitzer_03000+0000_rgb
0,-0.03222745736001709,28.959444020822225,-0.00874812816772705,28.982965016680765,spitzer_03000+0000_rgb
0,0.04811555941467773,30.23906355555207,0.06402669206806641,30.25438647206551,spitzer_03000+0000_rgb
0,-0.3706421675175366,30.47002001483105,-0.3370209113433325,30.50226277167008,spitzer_03000+0000_rgb
0,-0.1512662745290039,29.12022250228736,-0.12871272657745605,29.143552742939473,spitzer_03000+0000_rgb
0,-0.08450268470184814,30.984445506106066,-0.06811271090741455,31.00061672990269,spitzer_03000+0000_rgb
0,-0.3087579721728369,30.324461748057466,-0.1922120749007959,30.442012853652788,spitzer_03000+0000_rgb
0,-0.8321055824992566,29.926554362713624,-0.7864070559380126,29.973215820580343,spitzer_03000+0000_rgb
0,0.1889946270163037,28.806990897346758,0.20300618286577146,28.820482108149346,spitzer_03000+0000_rgb
0,-0.3432366502134668,29.282991706388835,-0.3305816210431421,29.295508145065753,spitzer_03000+0000_rgb
0,-0.8077320882768456,29.902691732743914,-0.7953003663959546,29.914872559445023,spitzer_03000+0000_rgb
0,0.0922983389207666,31.195878568770382,0.11145995982290038,31.215013435929293,spitzer_03000+0000_rgb
0,-0.12272900267895996,30.390680171874447,-0.10357307839135253,30.410639481570687,spitzer_03000+0000_rgb
0,-0.15555981289752685,31.400977575915356,-0.12532324093426758,31.431951839114728,spitzer_03000+0000_rgb
0,-0.8089378988116626,29.936932943339006,-0.7911523765285803,29.955304362426123,spitzer_03000+0000_rgb
0,-0.10383772682620605,30.652107008452887,-0.06999999929999999,30.685353427391256,spitzer_03000+0000_rgb
0,0.08628434158507324,29.110179045356542,0.09937190655836425,29.123147144185197,spitzer_03000+0000_rgb
0,-0.09626546127692871,29.396152675309306,-0.08725773024721435,29.405264979905684,spitzer_03000+0000_rgb
0,0.5688045190515381,30.931459666792176,0.6289124286067089,30.99233881657401,spitzer_03000+0000_rgb
0,-0.6293304787327367,29.591600101740248,-0.6168548522298889,29.603807946670255,spitzer_03000+0000_rgb
0,-0.10489037981047118,29.818961753112465,-0.0858833813026245,29.837240887044256,spitzer_03000+0000_rgb
0,-0.11695727422105225,31.234160306668812,-0.10273453673307129,31.24824325330533,spitzer_03000+0000_rgb
0,-0.02634155247095947,30.783697013647405,-0.004284830686318359,30.80458039560003,spitzer_03000+0000_rgb
0,-0.2149983702458496,30.318676347724693,-0.19386279103012205,30.339679521342788,spitzer_03000+0000_rgb
0,-0.05137858021538086,29.923194987747216,-0.0333266598229834,29.941150228453083,spitzer_03000+0000_rgb
0,0.6286155536096777,30.264506019490355,0.6377755470076611,30.273573564972597,spitzer_03000+0000_rgb
0,0.22160986106515135,30.767666821750414,0.2408017554044824,30.78623355333558,spitzer_03000+0000_rgb
0,-0.3781913210878784,30.483092036184704,-0.34907738908735103,30.512481765708515,spitzer_03000+0000_rgb
0,-0.20313183390618164,30.500476883016063,-0.19165950329173828,30.511949946052376,spitzer_03000+0000_rgb
0,-0.0918596182220288,30.68326049121427,-0.06853930595523193,30.705405998805315,spitzer_03000+0000_rgb
0,0.37964306260981934,30.85051350060945,0.38833821226245113,30.859154857944908,spitzer_03000+0000_rgb
0,-0.2543815078728516,28.489271499482285,-0.24153287518883787,28.501868830085478,spitzer_03000+0000_rgb
0,0.20716324662628416,30.96222521010431,0.21955484806486816,30.97416979006299,spitzer_03000+0000_rgb
0,0.17089599438479003,28.679089856959102,0.1916407858440088,28.700492526015907,spitzer_03000+0000_rgb
0,-0.33225235670351805,29.905872885055853,-0.3236508756697412,29.914652832884723,spitzer_03000+0000_rgb
0,-0.2893726370802319,28.4629199372458,-0.2768101372058569,28.47541537982918,spitzer_03000+0000_rgb
0,0.11722485234337646,31.156713041818286,0.13841902530851807,31.177867786072884,spitzer_03000+0000_rgb
0,0.036788736611279294,28.654603203558136,0.04546923782655762,28.663097669619024,spitzer_03000+0000_rgb
0,0.10134659729382568,28.758909517619237,0.10978100476156494,28.767391288367754,spitzer_03000+0000_rgb
0,-0.3228914355731689,30.48432022627659,-0.2912720511237378,30.515278966201375,spitzer_03000+0000_rgb
0,-0.7551618169926525,31.36703839778795,-0.7459066087518713,31.375975511142588,spitzer_03000+0000_rgb
0,0.04637898716641845,29.830798016014935,0.05488248643034179,29.839328940408794,spitzer_03000+0000_rgb
0,-0.16036238446408446,13.964478851501045,-0.09853067935323485,14.024455250640864,spitzer_01500+0000_rgb
0,-0.02346655249970947,13.888809906945234,-0.0031502278330810545,13.908832204922096,spitzer_01500+0000_rgb
0,-0.6145087829174121,14.83454231936291,-0.5845923200004309,14.864299968804916,spitzer_01500+0000_rgb
0,-0.6528748714009387,14.34006559904726,-0.6293064308814148,14.363823248549268,spitzer_01500+0000_rgb
0,-0.15863102054910644,13.955467783882822,-0.14039868023663818,13.973045583186211,spitzer_01500+0000_rgb
0,-0.24879516352767334,13.697357434901425,-0.2293258440609082,13.717054374808622,spitzer_01500+0000_rgb
0,-0.3447858038438086,13.878598806786929,-0.3208899707494336,13.902368826080478,spitzer_01500+0000_rgb
0,-0.407962561024541,14.881258627489498,-0.39392439384721434,14.894975912508574,spitzer_01500+0000_rgb
0,-0.9540757350881488,15.05431331325895,-0.9212964995760974,15.085732258257261,spitzer_01500+0000_rgb
0,-0.5995050395778662,14.626467614412407,-0.5813388206840076,14.644451989232563,spitzer_01500+0000_rgb
0,-0.21296443471931395,16.411424902471037,-0.18296516744118163,16.441295121085094,spitzer_01500+0000_rgb
0,-0.21286034943389648,13.982813161213535,-0.18186905742610107,14.013204925232534,spitzer_01500+0000_rgb
0,-0.48729166179375,13.877555675286944,-0.46442545108491207,13.900635590420727,spitzer_01500+0000_rgb
0,-0.4219388792441528,14.900803874689878,-0.399752030507688,14.922802409626142,spitzer_01500+0000_rgb
0,-0.1938712545717041,13.52612501473875,-0.172087563383291,13.547661147335889,spitzer_01500+0000_rgb
0,0.18693717260979492,13.620303073692803,0.20531249794687498,13.637882826121173,spitzer_01500+0000_rgb
0,-0.19954565230141844,16.25533254766803,-0.1317358385263916,16.322611965940546,spitzer_01500+0000_rgb
0,0.01736442039927246,14.917324056816343,0.029500976267490233,14.929418132216234,spitzer_01500+0000_rgb
0,-0.21844246200828368,16.350775600912815,-0.20066772260269775,16.36860030776582,spitzer_01500+0000_rgb
0,0.08415340085117431,14.093728524687714,0.10038761292841553,14.109654468538873,spitzer_01500+0000_rgb
0,0.037292561476032715,15.166784991821734,0.054642740338989255,15.18404459451372,spitzer_01500+0000_rgb
0,-0.09376798408836182,13.634909518859239,0.07626310145091064,13.805898123920185,spitzer_01500+0000_rgb
0,-0.6273889504318396,14.939432292272343,-0.6058996114540246,14.960493652738814,spitzer_01500+0000_rgb
0,0.2938090790931592,14.61997640353982,0.3131092091084912,14.638897301788111,spitzer_01500+0000_rgb
0,-0.8429593014662402,15.199878090449136,-0.8245977293842309,15.218397540133733,spitzer_01500+0000_rgb
0,0.014332682148339843,14.95646256553954,0.11421809781615234,15.055050292418247,spitzer_01500+0000_rgb
0,0.2079663065140869,13.804967785387822,0.2293653948417627,13.826459809912485,spitzer_01500+0000_rgb
0,0.05851114850343017,15.008876464754985,0.07551302007820312,15.02571289036787,spitzer_01500+0000_rgb
0,-0.12780558140423584,13.972511077983222,-0.1064099924254834,13.993642262667745,spitzer_01500+0000_rgb
0,0.4843048454173681,13.770467460211993,0.49627017732896483,13.78225456946912,spitzer_01500+0000_rgb
0,-0.7539536464318176,16.305860745404935,-0.7384781827193847,16.32149270325643,spitzer_01500+0000_rgb
0,-0.12413557818572753,13.934327321854644,-0.10210253804147461,13.956222503927359,spitzer_01500+0000_rgb
0,0.06433154232543457,14.914757650592007,0.07718269779588134,14.927132487707842,spitzer_01500+0000_rgb
0,-0.542206985137826,14.200635587420727,-0.5112057240546094,14.231360359248896,spitzer_01500+0000_rgb
0,-0.625111769465028,14.610945641911377,-0.5754811140368554,14.66318375987858,spitzer_01500+0000_rgb
0,0.01682316063906006,14.482655441371362,0.02877604137890625,14.49498031103978,spitzer_01500+0000_rgb
0,0.1943496074315039,15.191887367872793,0.2167529275199707,15.214083087051877,spitzer_01500+0000_rgb
0,-1.0348474424510046,14.291596035729873,-1.0139378560715588,14.312251797242066,spitzer_01500+0000_rgb
0,-0.4718913527029614,13.91787240665461,-0.455427322919685,13.934645843986875,spitzer_01500+0000_rgb
0,0.02254467750892822,14.657323408374683,0.0398649898357251,14.6750649446556,spitzer_01500+0000_rgb
0,-0.012994303255473632,14.445609055023077,0.24665706133551268,14.699420901443291,spitzer_01500+0000_rgb
0,-0.009677245996977538,14.471574061273843,0.0027264810925268553,14.483505701779526,spitzer_01500+0000_rgb
0,-0.12755826695358397,15.072175292246998,-0.11036507051093261,15.089530109781782,spitzer_01500+0000_rgb
0,-0.23196695731574707,13.568318699212647,-0.21784814235276853,13.581849298035674,spitzer_01500+0000_rgb
0,-0.5635354354453748,15.208828367052341,-0.5407587022747046,15.231404294560956,spitzer_01500+0000_rgb
0,0.95614598653229,13.998492034754664,0.9639910385371728,14.006359710457236,spitzer_01500+0000_rgb
0,-0.11466788622311279,14.200043953312061,-0.1023487945494287,14.212421720115366,spitzer_01500+0000_rgb
0,0.5601557561171924,13.815395194137714,0.5822685488648144,13.836470551999877,spitzer_01500+0000_rgb
0,-0.55787499442125,14.236420417792045,-0.5465408880892786,14.247847012729864,spitzer_01500+0000_rgb
0,-0.3160836556933301,14.837375164386666,-0.3035196909752197,14.849677410357392,spitzer_01500+0000_rgb
0,-0.8383979408347705,14.9230183926969,-0.815163606757218,14.946253581266632,spitzer_01500+0000_rgb
0,0.26526611062858885,13.868028982673877,0.3011280894366357,13.90287403440876,spitzer_01500+0000_rgb
0,0.24756689205558105,13.788435558990646,0.26428303772175293,13.805512707257373,spitzer_01500+0000_rgb
0,0.01870109030778076,14.169557951012754,0.02819197562953857,14.178947599356357,spitzer_01500+0000_rgb
0,-0.029207519239174803,14.380683925463995,-0.013458984240410156,14.396465989108258,spitzer_01500+0000_rgb
0,-0.15779695480223876,15.175349607621504,-0.14503604998193115,15.187976072338989,spitzer_01500+0000_rgb
0,-0.8621182571665778,15.447003983160169,-0.8526531083354479,15.456236893224089,spitzer_01500+0000_rgb
0,0.5804488874246777,14.351014003885693,0.5879775331827246,14.358511399644053,spitzer_01500+0000_rgb
0,0.1751254865299951,13.81874773316669,0.20857698359131346,13.851387218517377,spitzer_01500+0000_rgb
0,-0.15604703619994628,16.2987824577153,-0.13464314644002684,16.32079576315923,spitzer_01500+0000_rgb
0,-0.6186459085270825,14.14701970254022,-0.6027968689720312,14.16297445498484,spitzer_01500+0000_rgb
0,-0.23244449637347167,13.966517913980654,-0.17198917471239988,14.027147470666025,spitzer_01500+0000_rgb
0,-0.21738508897198242,16.433795070297467,-0.20254483846934326,16.448549057780134,spitzer_01500+0000_rgb
0,0.1797638328377783,15.508798171995352,0.19901773889523924,15.527830154226907,spitzer_01500+0000_rgb
0,-0.5672963403556823,14.193345222910297,-0.5057316843958081,14.254877611617891,spitzer_01500+0000_rgb
0,0.12811800002090332,313.96579102596706,0.15055655773922608,313.988688649436,spitzer_31500+0000_rgb
0,0.09464526272542235,314.10929427974037,0.11798535038264647,314.1324742925294,spitzer_31500+0000_rgb
0,0.3252631803411182,314.20031104315314,0.35915624640843746,314.2352291743144,spitzer_31500+0000_rgb
0,0.7020349864692333,313.7773255330601,0.7252739185285108,313.80036296772556,spitzer_31500+0000_rgb
0,-0.6198407327338843,316.4975914360332,-0.5838174583545337,316.53176268508116,spitzer_31500+0000_rgb
0,-0.521183588538164,313.59083367294585,-0.49845832834875,313.6145475398962,spitzer_31500+0000_rgb
0,0.40636067301972656,314.1943138101402,0.4721204379871289,314.26314746830604,spitzer_31500+0000_rgb
0,-0.7235751066965405,314.3940833393925,-0.6943210379786645,314.42301318936364,spitzer_31500+0000_rgb
0,-0.5243900094045373,316.08025409889797,-0.4960454051957959,316.1077678925682,spitzer_31500+0000_rgb
0,-0.4655100864907324,316.3211505401739,-0.44163183152118163,316.3453516711168,spitzer_31500+0000_rgb
0,-0.11438932177277343,313.658597669664,-0.0896233714995996,313.6835442839979,spitzer_31500+0000_rgb
0,-0.20107307741635252,315.95572866882816,-0.1600450016547583,315.9967359112566,spitzer_31500+0000_rgb
0,-0.5105348256238184,316.1300357146111,-0.49232779455588865,316.14775039542354,spitzer_31500+0000_rgb
0,0.3115426401137402,313.4808398589416,0.3320537076169629,313.5017099759204,spitzer_31500+0000_rgb
0,-0.28612987995120115,315.3011021291504,-0.24960196690502195,315.33680443999134,spitzer_31500+0000_rgb
0,0.68768798140437,313.77056772062764,0.7310743741996728,313.8136409623844,spitzer_31500+0000_rgb
0,-0.5304559273126281,313.71415105452513,-0.5075577748723389,313.73701563762984,spitzer_31500+0000_rgb
0,-0.2530205052822949,313.83866163270716,-0.23186181408763182,313.860060395514,spitzer_31500+0000_rgb
0,-0.13808577335872557,315.05421158799953,-0.114810464346687,315.0768863924603,spitzer_31500+0000_rgb
0,0.26233316794958494,314.1654594810017,0.3135175749898242,314.21800375130954,spitzer_31500+0000_rgb
0,-0.24744002031205808,315.34580256815656,-0.2149038064447119,315.3783968061119,spitzer_31500+0000_rgb
0,0.09207446196988037,313.66944760445136,0.11209179575408203,313.68978289070634,spitzer_31500+0000_rgb
0,0.304058427948999,313.67064779975186,0.3243297493608691,313.6913561328781,spitzer_31500+0000_rgb
0,-0.19878596806422363,315.9718656722475,-0.1770321434119702,315.99386188784786,spitzer_31500+0000_rgb
0,0.23659228279032712,314.1277825608055,0.3321772427719775,314.22205371871695,spitzer_31500+0000_rgb
0,-0.0031980793951025387,314.0672189220882,0.012850829949616699,314.0840109141078,spitzer_31500+0000_rgb
0,0.37331103142313965,314.31441488315795,0.39107486588091794,314.3317060613704,spitzer_31500+0000_rgb
0,-0.12991699088833006,313.63786199278803,-0.07308691333163085,313.6945595833669,spitzer_31500+0000_rgb
0,-0.36528653606067624,315.83355484192487,-0.3444196742901782,315.85457958129797,spitzer_31500+0000_rgb
0,-0.1453763006295703,315.0409967443817,-0.10240071512182616,315.0832897127088,spitzer_31500+0000_rgb
0,-0.509379389437456,313.72792188772075,-0.49596190910288085,313.74097983029856,spitzer_31500+0000_rgb
0,-0.370800126500332,316.34056069622983,-0.3191117318349243,316.3942923139379,spitzer_31500+0000_rgb
0,-0.22030452253653807,314.845573732013,-0.19806835739431639,314.8670638034127,spitzer_31500+0000_rgb
0,-0.14963761243591553,314.67063167647075,-0.12161075724743407,314.6993927438915,spitzer_31500+0000_rgb
0,0.31739534187812984,314.5874041382405,0.33089696934728025,314.601015303469,spitzer_31500+0000_rgb
0,-0.03360538703373779,314.32295703802043,-0.011737467330541991,314.34410986984017,spitzer_31500+0000_rgb
0,0.35952115525895506,314.1204078864001,0.3914283815023828,314.15209896681233,spitzer_31500+0000_rgb
0,-0.5583480982576647,313.68162729182956,-0.532258620979497,313.7072340624068,spitzer_31500+0000_rgb
0,-0.8628095209943005,313.74627312451645,-0.8414885983559472,313.76757423107426,spitzer_31500+0000_rgb
0,0.23676562263234374,314.185229012054,0.2582425104384082,314.2080455808362,spitzer_31500+0000_rgb
0,-0.2725226209726904,316.28306926207165,-0.2594300918067407,316.29650745366905,spitzer_31500+0000_rgb
0,-0.36615404907283444,314.5596998741947,-0.3503842738399072,314.5756883180452,spitzer_31500+0000_rgb
0,0.1037458485719165,313.77354786382705,0.17072851391771485,313.8409476027364,spitzer_31500+0000_rgb
0,0.10385522357082275,313.73322201787613,0.13451822782148437,313.7643961712102,spitzer_31500+0000_rgb
0,-0.4102226521477734,316.3446233182595,-0.39790901294799313,316.3570579087927,spitzer_31500+0000_rgb
0,-0.2269612607512207,314.892640788834,-0.2075341776121582,314.9119516610367,spitzer_31500+0000_rgb
0,0.09282576404570068,314.2441917393289,0.11151481008276855,314.263142748254,spitzer_31500+0000_rgb
0,0.41711392812052733,314.27461100985806,0.438054194838208,314.29551091199284,spitzer_31500+0000_rgb
0,0.11755680220984863,313.5587229961836,0.13948600120930663,313.58029363398873,spitzer_31500+0000_rgb
0,0.22744807715260254,314.2544617587575,0.24204491945455078,314.26889974689436,spitzer_31500+0000_rgb
0,-0.04762744092997558,314.82555452648404,-0.033221191074038085,314.8397473974359,spitzer_31500+0000_rgb
0,0.40775032144333007,314.13969320521767,0.5673261662017383,314.30057845751503,spitzer_31500+0000_rgb
0,-0.32647737303730956,315.8612684646946,-0.31203905937960935,315.87580773049973,spitzer_31500+0000_rgb
0,0.11025097545999023,313.73459994754984,0.12294742715594238,313.7470944135707,spitzer_31500+0000_rgb
0,0.094610431996604,314.26410010501525,0.10846541232680419,314.27780241607616,spitzer_31500+0000_rgb
0,-0.06204858336388916,316.45423266164585,-0.044598144085268555,316.4713078974777,spitzer_31500+0000_rgb
0,0.25776936591188965,314.64823747096557,0.2750808891762744,314.6654056023043,spitzer_31500+0000_rgb
0,0.021172118928903808,312.6408299089563,0.07977604086890625,312.6993441499076,spitzer_31200+0000_rgb
0,0.3497654587419287,310.91163493926905,0.47519042493559566,311.0439362074773,spitzer_31200+0000_rgb
0,0.3637963830807861,311.4480934299982,0.43631200735562986,311.5215182339515,spitzer_31200+0000_rgb
0,0.34888541317781246,311.4719591524158,0.3721923790905762,311.4962838592038,spitzer_31200+0000_rgb
0,0.003131754525974121,310.8785032664233,0.01912670879310791,310.89491879360287,spitzer_31200+0000_rgb
0,0.3040441050324756,312.0994995107238,0.3267447883992187,312.1222609037253,spitzer_31200+0000_rgb
0,-0.47605362479675534,312.9327228910634,-0.4132748168307934,312.9986575014066,spitzer_31200+0000_rgb
0,0.4919663036740869,312.42955256731904,0.5148969675072802,312.4527837682586,spitzer_31200+0000_rgb
0,-0.34372696596377195,313.26800757602433,-0.3102653777567212,313.3010185823674,spitzer_31200+0000_rgb
0,-0.46657323752176755,310.6503564588089,-0.4322045855217041,310.68572820324687,spitzer_31200+0000_rgb
0,-0.7277685880999182,312.7275020272302,-0.7058015066138599,312.7495444260983,spitzer_31200+0000_rgb
0,-0.28330785849504636,312.5050766551055,-0.2517109349828906,312.53906013458334,spitzer_31200+0000_rgb
0,0.3110652638164306,313.4802820693443,0.3314850227268164,313.50042087326074,spitzer_31200+0000_rgb
0,0.054460855575183105,312.52844766724155,0.0697362460474292,312.5438518825823,spitzer_31200+0000_rgb
0,0.0817358390263916,311.7485992863682,0.09733276269854736,311.7642478864721,spitzer_31200+0000_rgb
0,-0.4679156854250097,312.8644727289855,-0.4460957800442505,312.8859079094352,spitzer_31200+0000_rgb
0,0.05827433209954834,312.7469392828952,0.08544148677579345,312.77385741413644,spitzer_31200+0000_rgb
0,0.7368888272665283,311.1768173910443,0.7656163660417529,311.2048549884202,spitzer_31200+0000_rgb
0,-0.06796728447657714,312.3747556114868,-0.04465950476173828,312.3977683879494,spitzer_31200+0000_rgb
0,-0.22584903745505125,311.8331746435953,-0.20817813919426023,311.85082601060634,spitzer_31200+0000_rgb
0,0.0592495925064624,312.07811523359385,0.08168733642270996,312.10002864483306,spitzer_31200+0000_rgb
0,0.3962198853607177,311.4633362683875,0.41335855706433106,311.4806988984222,spitzer_31200+0000_rgb
0,0.22785074641940917,311.55104590292706,0.25147900139145996,311.5736975954089,spitzer_31200+0000_rgb
0,0.1892120749307959,311.87951448688193,0.25434325917531736,311.94431217503603,spitzer_31200+0000_rgb
0,0.24984602614737303,312.9349056709895,0.2790747042405029,312.96373184257624,spitzer_31200+0000_rgb
0,-0.35866820930394283,310.7444261193266,-0.3412579718478369,310.76188022071454,spitzer_31200+0000_rgb
0,-0.4632992303930493,310.5671412903703,-0.4440538692573779,310.5864576964271,spitzer_31200+0000_rgb
0,-0.3885787721558789,310.88827637830474,-0.3653430139246948,310.912244314263,spitzer_31200+0000_rgb
0,-0.07014046153817871,311.0472335707256,-0.006545898372041016,311.1133551520956,spitzer_31200+0000_rgb
0,0.41270686436251464,311.488934900944,0.4211733356320166,311.49729948419366,spitzer_31200+0000_rgb
0,-0.44199039271551266,310.61076010503825,-0.41233113194439697,310.6400647922452,spitzer_31200+0000_rgb
0,0.31450357758413083,311.5342024786163,0.3311036750743799,311.55018978314394,spitzer_31200+0000_rgb
0,-0.6070204610521911,311.56555876085486,-0.5743712914568079,311.5973431029849,spitzer_31200+0000_rgb
0,-0.4080789347212939,310.7580800905442,-0.39272655857273436,310.77321746018447,spitzer_31200+0000_rgb
0,0.850087882124121,311.8348344743079,0.8660379145167041,311.84984619290776,spitzer_31200+0000_rgb
0,-0.32079320968269287,312.14092350119495,-0.30263199567159665,312.15926578616774,spitzer_31200+0000_rgb
0,-0.4724650831659741,313.30597012040386,-0.4521418411817065,313.3262309234239,spitzer_31200+0000_rgb
0,-0.007409016852993164,312.03578645797546,0.010052978415095214,312.0529962559805,spitzer_31200+0000_rgb
0,-0.022514729592561036,312.80092447115743,-0.004661051385681152,312.81888028152474,spitzer_31200+0000_rgb
0,0.6643194920547216,312.3001951467376,0.676891594793584,312.31291747733957,spitzer_31200+0000_rgb
0,0.479295893644541,311.2094100013955,0.5018893178977735,311.232058438669,spitzer_31200+0000_rgb
0,0.07386238532908447,311.77884619361777,0.0968899729894336,311.80262044468213,spitzer_31200+0000_rgb
0,-0.22490909605820067,310.51066179874755,-0.207743731646521,310.52775229336834,spitzer_31200+0000_rgb
0,-0.33688321603220944,312.2879502738132,-0.3167458464419165,312.30803157244054,spitzer_31200+0000_rgb
0,0.432445959217207,310.93155762787194,0.45118472856106934,310.9494814558177,spitzer_31200+0000_rgb
0,0.28547900105145996,311.61213346742034,0.3036238576408447,311.63086702843094,spitzer_31200+0000_rgb
0,-0.14308455260561279,313.44792558366527,-0.12374259316361572,313.46725419675323,spitzer_31200+0000_rgb
0,0.5933343039624902,311.40917253194993,0.6185358011063086,311.4344391332598,spitzer_31200+0000_rgb
0,0.2730900037795166,312.6126788675711,0.2877683890493994,312.6270762469845,spitzer_31200+0000_rgb
0,-0.5464589789104102,310.85420639166625,-0.5276856636684558,310.8723209748185,spitzer_31200+0000_rgb
0,0.2310808896162744,311.9055882170899,0.2644422174076611,311.93842073629287,spitzer_31200+0000_rgb
0,0.06007389262842773,311.84790201975017,0.12758691278663084,311.91864013753235,spitzer_31200+0000_rgb
0,0.25980696354776367,312.2526857071086,0.2740854464778955,312.2668812636072,spitzer_31200+0000_rgb
0,0.0637879225392041,311.8932770192964,0.0960650218258081,311.9248935554386,spitzer_31200+0000_rgb
0,0.011567952358278809,312.6939793224873,0.04135758422184082,312.72315331308096,spitzer_31200+0000_rgb
0,0.38743782164645507,311.4505978245044,0.4202355101205615,311.4835530650603,spitzer_31200+0000_rgb
0,-0.5644734644073486,310.87662354639,-0.548393630583772,310.89261882617797,spitzer_31200+0000_rgb
0,-0.19861702275341309,310.5531243634271,-0.18461661599237547,310.56664714975017,spitzer_31200+0000_rgb
0,-0.4326089637728686,312.31046280614015,-0.41822704659897947,312.32470507487795,spitzer_31200+0000_rgb
0,-0.4913771109716455,312.8979376944711,-0.35341861625748044,313.03116722601646,spitzer_31200+0000_rgb
0,0.672079420362539,310.4988798978237,0.6895747001355029,310.5160908351516,spitzer_31200+0000_rgb
0,-0.398493729739021,311.46321289599285,-0.3759431928551514,311.4851645559296,spitzer_31200+0000_rgb
0,0.19370523894836425,311.92313492915406,0.2153670225859131,311.94439453180604,spitzer_31200+0000_rgb
0,-0.4057652954215136,312.35860009407025,-0.3869046185267871,312.3769234988349,spitzer_31200+0000_rgb
0,-0.6429377377112475,311.5907057332596,-0.6249869729167968,311.6088507526094,spitzer_31200+0000_rgb
0,-0.4200143187165234,312.37514981721205,-0.4050413370954199,312.38978214128446,spitzer_31200+0000_rgb
0,0.6380730730463525,311.1971873452677,0.6525585872244141,311.2114653399166,spitzer_31200+0000_rgb
0,-0.49435985833765134,310.77947104085115,-0.4801538037922119,310.7936204547721,spitzer_31200+0000_rgb
0,-0.5883777610433056,311.53699170384886,-0.5658241317115502,311.55886133253637,spitzer_31200+0000_rgb
0,0.23976725020649414,310.73986296833056,0.26139127342775387,310.7613961712402,spitzer_31200+0000_rgb
0,-0.16186384929281983,311.9970520833628,-0.14544986833716797,312.01366064439463,spitzer_31200+0000_rgb
0,0.2091650369708496,311.88374316522504,0.24199316164256834,311.91576155683197,spitzer_31200+0000_rgb
0,0.4801940056147265,312.3318705207698,0.49584358228114744,312.3469339971817,spitzer_31200+0000_rgb
0,-0.26399641663086915,311.6234791704319,-0.25483324940479246,311.6326547888297,spitzer_31200+0000_rgb
0,-0.15249023285009766,312.64375585293743,-0.06439697201228027,312.73355069253427,spitzer_31200+0000_rgb
0,0.21359423614530762,311.2658655672372,0.23781021897606444,311.29039225970024,spitzer_31200+0000_rgb
0,-0.5090395456908545,312.5795511009753,-0.4889954378183789,312.5997935324135,spitzer_31200+0000_rgb
0,0.3251031868531348,310.7445755333876,0.3376196255300537,310.75696062440954,spitzer_31200+0000_rgb
0,-0.3557942672753906,313.24500902075306,-0.2944879527842871,313.3056279776664,spitzer_31200+0000_rgb
0,-0.4790934196882324,311.468166671985,-0.44588492392656737,311.50062386567083,spitzer_31200+0000_rgb
0,0.2016879862643701,312.5677790470566,0.25271646882700194,312.6198430927599,spitzer_31200+0000_rgb
0,-0.0825516756067749,312.1677431623851,-0.05261914009880859,312.1988993306933,spitzer_31200+0000_rgb
0,0.12947021354904784,311.75798763262844,0.1435783677048413,311.7721027041019,spitzer_31200+0000_rgb
0,-0.17719164861870848,311.80553922720503,-0.16375260252914062,311.8190247413931,spitzer_31200+0000_rgb
0,0.18670393693504395,313.4499031837432,0.20163785605653808,313.46436340902176,spitzer_31200+0000_rgb
0,0.026271239971662596,311.90616422619877,0.04649446568088867,311.92609391349947,spitzer_31200+0000_rgb
0,-0.08965690014509765,312.49380256667655,-0.0769033195434668,312.5067954864685,spitzer_31200+0000_rgb
0,-0.40364151614587646,327.7227291594394,-0.38453059511302734,327.7407165453272,spitzer_32700+0000_rgb
0,-0.4925323843975927,328.1689230026337,-0.45840697783780515,328.20192275816305,spitzer_32700+0000_rgb
0,-0.5641052596584265,326.77515202047766,-0.5420095974444873,326.7970782897896,spitzer_32700+0000_rgb
0,-0.4487738399133032,327.6283045998367,-0.42753165262572507,327.6491899349144,spitzer_32700+0000_rgb
0,0.9867573143511768,328.22150314126804,1.0101272685445606,328.2449745765802,spitzer_32700+0000_rgb
0,-0.29028783889399656,326.8803172212489,-0.2660742974694653,326.9038299163263,spitzer_32700+0000_rgb
0,-0.6053186788426465,328.29959699221234,-0.5770771426667285,328.3271994496186,spitzer_32700+0000_rgb
0,-0.24857437902467283,327.22613508888446,-0.22902074966291747,327.2452652970265,spitzer_32700+0000_rgb
0,-0.21298567495347656,328.15678315086706,-0.19065063285911865,328.17909263957625,spitzer_32700+0000_rgb
0,-0.27190828178612547,327.12617594274866,-0.24952636469223632,327.1478170558135,spitzer_32700+0000_rgb
0,0.13306428903394044,326.63288151408784,0.150491697713833,326.65009277693656,spitzer_32700+0000_rgb
0,0.5643066349819336,327.68347899707146,0.5990099223953174,327.7180200123511,spitzer_32700+0000_rgb
0,-0.5796335391255395,328.1826473677308,-0.557545730101626,328.20460838639144,spitzer_32700+0000_rgb
0,0.37756184518271485,328.0518388566691,0.39041226823129394,328.0642639460631,spitzer_32700+0000_rgb
0,0.6025348247038184,326.71474088826926,0.6259031512930517,326.7378640976734,spitzer_32700+0000_rgb
0,0.8919755770177441,326.44187044828965,0.9223862212448877,326.47247005735863,spitzer_32700+0000_rgb
0,-0.12178173706343261,327.9676155502197,-0.08231632404662842,328.0055769756213,spitzer_32700+0000_rgb
0,-0.6394496599466492,327.79334821797795,-0.6166974629085461,327.81672761227543,spitzer_32700+0000_rgb
0,0.532399897019751,326.68267692374616,0.5667316024056006,326.71767676063575,spitzer_32700+0000_rgb
0,0.7546526617243066,326.701240400123,0.8078240479113428,326.75272363528524,spitzer_32700+0000_rgb
0,0.8433434160457324,327.618608229491,0.8715117100348828,327.6469800553792,spitzer_32700+0000_rgb
0,0.029695068062424314,327.0449379878319,0.04488313757200195,327.0604295241353,spitzer_32700+0000_rgb
0,0.6548172135039111,326.763136070077,0.6833316988958495,326.7909630554758,spitzer_32700+0000_rgb
0,-0.5032128042126636,327.47458064304067,-0.4827504834537451,327.49550837720636,spitzer_32700+0000_rgb
0,-0.5716510766402599,328.33522412808657,-0.5394265896578173,328.3673710800763,spitzer_32700+0000_rgb
0,-0.5353583523938122,325.8007757281381,-0.5009246369178368,325.83481348821437,spitzer_32700+0000_rgb
0,-0.5988119650405261,328.2491452715255,-0.533996942902218,328.31230239573114,spitzer_32700+0000_rgb
0,0.08180590738506592,325.5826696105275,0.1027570790505542,325.60239031345526,spitzer_32700+0000_rgb
0,0.466087723203706,326.5993172240589,0.6239096617296533,326.76110205317025,spitzer_32700+0000_rgb
0,-0.5893705181948364,326.94480371148944,-0.5599174748695752,326.97272493516857,spitzer_32700+0000_rgb
0,-0.397766760345249,327.70028498648674,-0.37779491809705074,327.7199208098581,spitzer_32700+0000_rgb
0,0.43261490452801754,328.3098535635616,0.4520074824590918,328.3279808827163,spitzer_32700+0000_rgb
0,0.6907236259052636,326.36385221990315,0.7129081959959179,326.38654427696787,spitzer_32700+0000_rgb
0,0.7752382734976172,326.9212216804753,0.7932986574315967,326.93945931050126,spitzer_32700+0000_rgb
0,-0.524523350874558,327.9034305329579,-0.5035409292093823,327.92411205130577,spitzer_32700+0000_rgb
0,0.4684151971387646,327.3747442182578,0.4911230419637695,327.39738256438557,spitzer_32700+0000_rgb
0,0.5822818952188477,326.6406813186974,0.6145563089586035,326.6726022168156,spitzer_32700+0000_rgb
0,0.4154711872515381,328.3000055615442,0.43837369353292965,328.32219550272856,spitzer_32700+0000_rgb
0,0.5636280868116357,326.64468880563646,0.587253900377461,326.66770736009374,spitzer_32700+0000_rgb
0,-0.4770614372866772,327.2303061500407,-0.4600381627173266,327.2470068334674,spitzer_32700+0000_rgb
0,0.6495117122548828,328.131939604566,0.6620743748896728,328.14425194168246,spitzer_32700+0000_rgb
0,0.07725024336812256,328.0836883029652,0.1376828599512964,328.142975289677,spitzer_32700+0000_rgb
0,-0.5535932968729211,327.21212833446725,-0.5321653999517835,327.23358276133604,spitzer_32700+0000_rgb
0,-0.6643948501268847,327.77352017455644,-0.6467207373478967,327.7918020754153,spitzer_32700+0000_rgb
0,-0.5963674256769507,328.1983158652955,-0.5519444931784716,328.24289146706326,spitzer_32700+0000_rgb
0,-0.4911047314170776,328.3472899645544,-0.4755735629525976,328.36304130717036,spitzer_32700+0000_rgb
0,-0.11086629120904541,327.3489166631775,-0.09202848215263183,327.3677654585619,spitzer_32700+0000_rgb
0,0.4546940058697265,327.3713610802708,0.506683751443579,327.4243335732306,spitzer_32700+0000_rgb
0,-0.3199729785711035,326.94098307350686,-0.29812947293016356,326.96237744178245,spitzer_32700+0000_rgb
0,0.2564205703524609,326.6546206089225,0.2708631157809521,326.66907845383,spitzer_32700+0000_rgb
0,-0.12793009312174072,327.9406299547864,-0.05256518502122314,328.0154115295594,spitzer_32700+0000_rgb
0,0.49838573720364254,326.58420052499133,0.5320978136894384,326.6172989947124,spitzer_32700+0000_rgb
0,0.004271647092700195,326.91238509202196,0.06819921806800781,326.9776850588169,spitzer_32700+0000_rgb
0,0.14555899919545165,327.90474437571817,0.17083235506250977,327.9301765450602,spitzer_32700+0000_rgb
0,-0.3546220667662793,327.7430225348875,-0.3330080533105444,327.76431232959646,spitzer_32700+0000_rgb
0,-0.5374457547166882,326.58309245208574,-0.46722493022358397,326.6521193068642,spitzer_32700+0000_rgb
0,-0.3655841434795752,327.6171210061986,-0.33599104481717285,327.64769392255954,spitzer_32700+0000_rgb
0,0.0022540689878759765,326.92632617261177,0.13077075064541746,327.0570973301582,spitzer_32700+0000_rgb
0,-0.5082163848917944,327.2535283991574,-0.4936586050894555,327.26796305070576,spitzer_32700+0000_rgb
0,0.42593489157398434,328.3220288157185,0.44760741739892573,328.34352132852445,spitzer_32700+0000_rgb
0,-0.470612625502207,326.0082434995009,-0.33616365223732175,326.1401476322964,spitzer_32700+0000_rgb
0,-0.566833815946245,326.7378082708511,-0.5327126004671447,326.7714620791083,spitzer_32700+0000_rgb
0,0.3562651331560986,328.305112128876,0.3727537397620459,328.32188180237364,spitzer_32700+0000_rgb
0,0.08606819575390136,327.91258592837414,0.10233829650265869,327.92891425666136,spitzer_32700+0000_rgb
0,0.4098253539746631,328.2898313266199,0.4663803664299463,328.3459829373865,spitzer_32700+0000_rgb
0,0.02572355117505615,326.9369171555787,0.05681778914536377,326.9674277347007,spitzer_32700+0000_rgb
0,-0.2496238581808447,326.76862028226174,-0.22929068781125975,326.7886536479468,spitzer_32700+0000_rgb
0,0.9223040272352929,326.31919580758927,0.9455986233565137,326.34151058601196,spitzer_32700+0000_rgb
0,-0.6001304057825501,326.73765608986304,-0.4990132599838257,326.8380319026613,spitzer_32700+0000_rgb
0,0.010294677631428223,326.4023994200385,0.029219319369265136,326.4217801164593,spitzer_32700+0000_rgb
0,-0.5158323516125097,326.90735156342646,-0.5002529246849707,326.92408479893624,spitzer_32700+0000_rgb
0,-0.49164029456276365,326.65820068701174,-0.42343358951566407,326.724558433744,spitzer_32700+0000_rgb
0,0.5315657498926758,327.6592476333815,0.6172184183069824,327.74496621976385,spitzer_32700+0000_rgb
0,0.37776448189943845,328.30848458571074,0.39615315359055175,328.3269576690221,spitzer_32700+0000_rgb
0,-0.6959157645252173,327.7210628996904,-0.6045069519627428,327.8166387450888,spitzer_32700+0000_rgb
0,-0.7202365243731554,327.9640476791616,-0.7083723073694018,327.97558047527025,spitzer_32700+0000_rgb
0,-0.36825146116123536,327.7497597581274,-0.33231526360393066,327.7858630292507,spitzer_32700+0000_rgb
0,0.9630074773490918,326.6216805050853,0.9706747949807519,326.62927295292604,spitzer_32700+0000_rgb
0,-0.08545117102048828,326.56841650822207,-0.0675966790115332,326.5863961629902,spitzer_32700+0000_rgb
0,0.22226855246481445,327.11016764212746,0.2746842420448242,327.1637447900292,spitzer_32700+0000_rgb
0,0.14372094582841552,327.7396788663011,0.19385058399899413,327.7918183514568,spitzer_32700+0000_rgb
0,0.5619866480259668,326.21566813935374,0.6316769142561475,326.2835361399771,spitzer_32700+0000_rgb
0,-0.5633942407853283,327.29913508815446,-0.5309359891567859,327.33113663405845,spitzer_32700+0000_rgb
0,0.7881319908165967,326.7214394559106,0.8099636963274462,326.74173567966596,spitzer_32700+0000_rgb
0,0.16320247232630858,326.5377500046225,0.17487271960543946,326.5494622440887,spitzer_32700+0000_rgb
0,-0.2833022432607275,327.7800161868613,-0.2663309706439819,327.79754491389957,spitzer_32700+0000_rgb
0,-0.0008749186110424804,326.94517382867326,0.018734863093901367,326.9651219079009,spitzer_32700+0000_rgb
0,-0.621983392217666,328.1642518194122,-0.5991504253235999,328.18670624627094,spitzer_32700+0000_rgb
0,0.17733984197660155,328.1377769661613,0.19754508265996581,328.1582827032609,spitzer_32700+0000_rgb
0,-0.8388627031999145,327.4529025833616,-0.8164534016661951,327.47539493339707,spitzer_32700+0000_rgb
0,0.5511645452696045,328.10132156288,0.5851603131588134,328.13465636072374,spitzer_32700+0000_rgb
0,0.5873216087101172,328.0698950088323,0.5972700135585498,328.079905466089,spitzer_32700+0000_rgb
0,-0.5757504011435376,328.26652220413166,-0.5429237413155542,328.29904647545357,spitzer_32700+0000_rgb
0,-0.5407898708941845,327.27428767629357,-0.5083962351504125,327.3067468231044,spitzer_32700+0000_rgb
0,-0.5335864204453857,328.0910160209909,-0.5152550404203662,328.1099298391611,spitzer_32700+0000_rgb
0,-0.3895533815211328,326.4614532931459,-0.3684151981387646,326.4829113007438,spitzer_32700+0000_rgb
0,-0.29734692085465575,328.35882666691305,-0.26699893938730224,328.3887323876426,spitzer_32700+0000_rgb
0,0.14710489761749268,325.57534376424655,0.15511539558426268,325.58336459749967,spitzer_32700+0000_rgb
0,-0.5183326771083399,326.8712071952983,-0.505723058093811,326.88360872512226,spitzer_32700+0000_rgb
0,0.49233446773290523,326.61543131894985,0.514933100319419,326.6380553421611,spitzer_32700+0000_rgb
0,0.2579786758056299,327.6694889255968,0.2892949189820508,327.7004573497663,spitzer_32700+0000_rgb
0,0.5197216744902832,326.61464127989524,0.542358555774331,326.6368681676938,spitzer_32700+0000_rgb
0,0.5394178005954052,327.0988714182821,0.55195865333458,327.1111557606072,spitzer_32700+0000_rgb
0,-0.3741084760766235,327.60431119187353,-0.28830891638774414,327.6881156343949,spitzer_32700+0000_rgb
0,0.34877245744977536,328.16952114715895,0.35856444953935546,328.17922968384573,spitzer_32700+0000_rgb
0,0.5089886016809473,326.6121765989303,0.5737579695228369,326.6768225943776,spitzer_32700+0000_rgb
0,-0.6153477314767309,327.33017838211487,-0.5968166851125623,327.349418046636,spitzer_32700+0000_rgb
0,0.014449218605507812,327.8428838620139,0.023563476326865233,327.85193903770454,spitzer_32700+0000_rgb
0,-0.6945443045779943,344.0708403413228,-0.6334875018031457,344.1293922613103,spitzer_34500+0000_rgb
0,-0.6869731376615186,343.8586980908401,-0.5908615256669055,343.95533187893625,spitzer_34500+0000_rgb
0,-0.15573282721871337,343.6735566538894,-0.09920320538817627,343.73061427050635,spitzer_34500+0000_rgb
0,-0.908848379583391,345.36997265255025,-0.8962279370012621,345.3825961875803,spitzer_34500+0000_rgb
0,-0.07099462819630371,345.546902338281,0.0026979166396875,345.61874478547924,spitzer_34500+0000_rgb
0,0.3434274054198926,345.4773588819452,0.3714057580046924,345.5047355092756,spitzer_34500+0000_rgb
0,0.10664566950645996,343.9009939888546,0.12926244987925048,343.92389975034433,spitzer_34500+0000_rgb
0,-0.00439233394045166,345.9013311270544,0.02997045868467041,345.9354370023644,spitzer_34500+0000_rgb
0,0.038101643499191894,343.4752920074346,0.055658121188210445,343.4920501452878,spitzer_34500+0000_rgb
0,-0.1330862616899707,345.92037177627805,-0.11991414268106688,345.9334559232826,spitzer_34500+0000_rgb
0,0.3409685838298974,345.4175074014239,0.4605480097174365,345.534327061714,spitzer_34500+0000_rgb
0,-0.6199505960140356,345.0887521149979,-0.6021231629240807,345.1067389312243,spitzer_34500+0000_rgb
0,0.1127250151487915,346.25045587942253,0.14793937026539794,346.28501099382305,spitzer_34500+0000_rgb
0,-0.9283899239843297,345.4509038040847,-0.904066051343454,345.47443448418795,spitzer_34500+0000_rgb
0,-0.271643796111687,344.983915690265,-0.25378311920696045,345.0013543294135,spitzer_34500+0000_rgb
0,-0.24327815511930176,345.61774161166113,-0.22031331159895018,345.6398442318828,spitzer_34500+0000_rgb
0,0.07350862556699707,346.5069125368108,0.09802937727491455,346.5310290069065,spitzer_34500+0000_rgb
0,-0.06958121675210449,343.47020802311044,-0.016094726401552732,343.5210527491645,spitzer_34500+0000_rgb
0,0.29326236685904294,345.4846629997107,0.3173387012536963,345.508103917445,spitzer_34500+0000_rgb
0,-0.0030172525739941406,345.6362283465023,0.028927489945100096,345.6689662205239,spitzer_34500+0000_rgb
0,0.1426905096408032,343.7965836708883,0.16902636549723632,343.82282634640717,spitzer_34500+0000_rgb
0,-0.5460143174565234,345.1975322245872,-0.5270478869821252,345.2167592751762,spitzer_34500+0000_rgb
0,0.9449615790920507,343.6060097795649,0.9666650293958495,343.62791407622086,spitzer_34500+0000_rgb
0,-0.23518635832521972,344.9245292976297,-0.21289965607412842,344.94675358126165,spitzer_34500+0000_rgb
0,-0.4232431598300683,345.2198053363436,-0.3925414186006274,345.2495789363063,spitzer_34500+0000_rgb
0,-0.1809980450650195,346.3176955027736,-0.16392480304825194,346.33463324674483,spitzer_34500+0000_rgb
0,-0.12207910034170898,346.0946566052644,-0.0913016755192749,346.1251636443473,spitzer_34500+0000_rgb
0,0.029967610377407226,344.416432948544,0.05355720975088623,344.4406816462182,spitzer_34500+0000_rgb
0,-0.19534716601527832,343.9468649193855,-0.16964013502234862,343.9738325297929,spitzer_34500+0000_rgb
0,-0.11554272345394775,343.8409622511737,-0.09406315010103515,343.8623852652824,spitzer_34500+0000_rgb
0,0.19156835745931639,344.93319287176183,0.20798811640970213,344.9500647791452,spitzer_34500+0000_rgb
0,0.04428165645822509,344.38882389934093,0.06388232357992675,344.4089412494002,spitzer_34500+0000_rgb
0,1.0148067932373486,345.19687825323956,1.0360838112537452,345.21833894638434,spitzer_34500+0000_rgb
0,-0.6758474460410046,344.0995198657756,-0.6474246761429406,344.12843669491355,spitzer_34500+0000_rgb
0,-0.2265908994267993,345.5888627056999,-0.2111750467163745,345.60462100632355,spitzer_34500+0000_rgb
0,0.3451297166007861,346.4867193353118,0.36009065395117673,346.5014174196782,spitzer_34500+0000_rgb
0,0.18681542781934568,345.4090830851019,0.22842854589279785,345.4498979447198,spitzer_34500+0000_rgb
0,0.20452848102763183,345.4207957314691,0.22722981543603515,345.44232982956106,spitzer_34500+0000_rgb
0,-0.06333219337709473,346.0692616266772,-0.0486429031594043,346.0838100884458,spitzer_34500+0000_rgb
0,-0.37449316031756835,346.08276646866454,-0.35415933890632323,346.1037734264623,spitzer_34500+0000_rgb
0,-0.22675642676889404,345.4692530063752,-0.21426065866468505,345.48148827643513,spitzer_34500+0000_rgb
0,-0.010569254451599121,343.51302280132813,0.0057562662184790035,343.5294990381425,spitzer_34500+0000_rgb
0,0.19865478316970214,343.7790908325216,0.24315185303723144,343.82502637893725,spitzer_34500+0000_rgb
0,0.15469441577076415,345.5030832469223,0.1670991194227588,345.5156651152861,spitzer_34500+0000_rgb
0,-0.0677371412497119,345.6766122165412,-0.03701212528092041,345.7082499115373,spitzer_34500+0000_rgb
0,-0.9899692894167132,345.3292536588168,-0.9695814112026232,345.34985676733476,spitzer_34500+0000_rgb
0,-0.9258994454936096,345.331759599547,-0.9031246857929718,345.3544043747112,spitzer_34500+0000_rgb
0,-0.6077608581802039,344.20871908343366,-0.5848574160264257,344.23182227330676,spitzer_34500+0000_rgb
0,-0.1802588686401196,345.77380549356405,-0.16343351073545653,345.79141910015875,spitzer_34500+0000_rgb
0,1.0182721252339453,345.362261552367,1.041179188806958,345.38516495383067,spitzer_34500+0000_rgb
0,0.010655273330947266,345.83810025203564,0.03241943326955566,345.8593736079427,spitzer_34500+0000_rgb
0,-0.6073769470512305,345.23597989672874,-0.5850980166099572,345.25783805080704,spitzer_34500+0000_rgb
0,-0.029870442409628904,346.03524172955645,-0.003824462852380371,346.0623562312384,spitzer_34500+0000_rgb
0,-0.029639322620273436,345.98538666820605,-0.010279866433659668,346.0048351950298,spitzer_34500+0000_rgb
0,-0.011867350141743163,345.9008271394292,0.011478271369592284,345.92409789114964,spitzer_34500+0000_rgb
0,-0.9498839219790253,345.4165140746109,-0.9159905507359277,345.4500515091714,spitzer_34500+0000_rgb
0,0.27503954803085445,346.41768828945266,0.28713980832651853,346.4298339700767,spitzer_34500+0000_rgb
0,0.1375737290930127,345.7109210540887,0.15636303554574463,345.7291918872393,spitzer_34500+0000_rgb
0,0.865616853322998,345.49524193840693,0.8875921135199121,345.51710993949035,spitzer_34500+0000_rgb
0,0.3064464487584521,345.4741546176543,0.32731624021642086,345.4958762971246,spitzer_34500+0000_rgb
0,-0.06137516214666504,345.6884349703292,-0.04463354447553955,345.7051396413861,spitzer_34500+0000_rgb
0,-0.5511778509335339,344.19247787265857,-0.5358263699672571,344.20753532693504,spitzer_34500+0000_rgb
0,-0.023642415128159178,345.58054353260604,-0.0037585448842895504,345.60062230844693,spitzer_34500+0000_rgb
0,0.03594856734884765,346.14621959302997,0.050397541813732905,346.16038426573994,spitzer_34500+0000_rgb
0,-0.16095702964042968,343.5810612121061,-0.13909301618719483,343.6025595842869,spitzer_34500+0000_rgb
0,0.37666682566041504,345.46266568547753,0.4388116818097998,345.5234449817447,spitzer_34500+0000_rgb
0,-0.3505695765724292,345.8445010494977,-0.33798095365144043,345.85700495562264,spitzer_34500+0000_rgb
0,-0.37926562120734375,346.0990077608198,-0.36266487267543457,346.1156893605879,spitzer_34500+0000_rgb
0,0.13384936389588134,345.4713299920315,0.1492692042364746,345.4862844189653,spitzer_34500+0000_rgb
0,0.2509379857718701,346.4080880698221,0.2652648085452685,346.42240483196736,spitzer_34500+0000_rgb
0,-0.6152583353187707,345.1995169250882,-0.6060875997333948,345.20891414179107,spitzer_34500+0000_rgb
0,0.40248144128768554,345.5362324165127,0.4309363563677197,345.56436482183034,spitzer_34500+0000_rgb
0,-0.027374348684589843,343.7745280070464,-0.016132649578256834,343.78553777256127,spitzer_34500+0000_rgb
0,0.1298492011754663,345.681506666362,0.19290657359176758,345.7446915615635,spitzer_34500+0000_rgb
0,0.062359862657651366,345.7394233324495,0.07745019453799805,345.75428547422797,spitzer_34500+0000_rgb
0,0.12211507039343261,343.5079925279409,0.13984220237761963,343.5255065251616,spitzer_34500+0000_rgb
0,-0.2235742978944653,344.7664552432209,-0.2065446756689282,344.7830797547734,spitzer_34500+0000_rgb
0,-0.9832449445946337,345.32073290694893,-0.8709585280742688,345.4369059201101,spitzer_34500+0000_rgb
0,-0.02059562153883545,346.51520033783464,0.005200195260498046,346.54130205138995,spitzer_34500+0000_rgb
0,1.0020066631570166,344.05357081024556,1.0114199117608007,344.0628654065068,spitzer_34500+0000_rgb
0,0.2564690729561426,345.51148428850496,0.26922900121395993,345.5239349719742,spitzer_34500+0000_rgb
0,-0.7300829598215661,303.3304147102375,-0.7063192474940991,303.3542976852591,spitzer_30300+0000_rgb
0,0.4137609008103076,303.1536526677343,0.43829361540873046,303.1787122377962,spitzer_30300+0000_rgb
0,0.280537594850874,301.5342487125742,0.3164887663663623,301.5707142070012,spitzer_30300+0000_rgb
0,0.1314174791545752,303.0174296873257,0.20284325969031738,303.0880865876608,spitzer_30300+0000_rgb
0,-0.6865632662463464,302.617060387944,-0.6493366634285083,302.6530185581573,spitzer_30300+0000_rgb
0,0.2672203749319629,301.5165302882722,0.3355087857074121,301.5843971495727,spitzer_30300+0000_rgb
0,-0.015040445813137206,302.1196258226058,0.008189046142067872,302.14344955283633,spitzer_30300+0000_rgb
0,0.017629475735163574,302.0643437593566,0.050877359517268066,302.0965284921076,spitzer_30300+0000_rgb
0,0.44725162313165034,304.0112348531689,0.4704072218584277,304.03516820253896,spitzer_30300+0000_rgb
0,0.42371858300239745,304.0760752252419,0.4421310177141064,304.09437389042347,spitzer_30300+0000_rgb
0,0.09779182844916504,304.04939891528727,0.1316696764176782,304.08479999729,spitzer_30300+0000_rgb
0,0.2754109672979736,301.74144239539805,0.29320116894298826,301.7593733848021,spitzer_30300+0000_rgb
0,-0.033844075182392575,304.4435800331716,-0.0017898762841845703,304.4770386916912,spitzer_30300+0000_rgb
0,0.42785774311725583,303.9956674705121,0.4755488233695117,304.04289053319087,spitzer_30300+0000_rgb
0,-0.4403940385648096,302.91132324307426,-0.41707771392818116,302.93484065820365,spitzer_30300+0000_rgb
0,-0.04799723259294433,303.9674956364839,-0.024124674237919922,303.9917178449005,spitzer_30300+0000_rgb
0,-0.06972224865173583,301.7011910937173,-0.0474121089008789,301.72405274713446,spitzer_30300+0000_rgb
0,-0.38453694276921385,303.8608692947767,-0.3650449996047583,303.8805539055825,spitzer_30300+0000_rgb
0,-0.12251358926965576,301.9987535907416,-0.0950974925386084,302.0266227310879,spitzer_30300+0000_rgb
0,0.1556846501358618,303.05180175729447,0.17510009590524903,303.07190218027057,spitzer_30300+0000_rgb
0,0.7768134687943652,301.81111622282634,0.799450187317998,301.8336590285905,spitzer_30300+0000_rgb
0,-0.5495587510148291,303.55030110126785,-0.5290600126130456,303.57029157958357,spitzer_30300+0000_rgb
0,-0.9546992498931115,302.1428948653419,-0.9396406156035937,302.15774105659966,spitzer_30300+0000_rgb
0,-0.8878792432370929,303.1289308255336,-0.8685905674859692,303.14796256362456,spitzer_30300+0000_rgb
0,-0.12248779174387206,302.4186764381049,-0.08791227125629394,302.4523494520911,spitzer_30300+0000_rgb
0,-0.31281322929374267,304.27592267604285,-0.29068114943693846,304.298288622271,spitzer_30300+0000_rgb
0,0.7886236900304296,302.3527656314723,0.8109187744428955,302.3748086000019,spitzer_30300+0000_rgb
0,-0.5564548691099304,302.94857861379546,-0.5233959501696862,302.9815097658099,spitzer_30300+0000_rgb
0,-0.03634138961054443,302.5756481162227,-0.01426896144585205,302.5974500365776,spitzer_30300+0000_rgb
0,-0.6267844175602807,302.72707650012507,-0.6049714701872644,302.74863232673243,spitzer_30300+0000_rgb
0,-0.4047864542854687,304.2455763425247,-0.37358080681106687,304.2755682652391,spitzer_30300+0000_rgb
0,-0.8553462235428918,302.7985711283164,-0.8244939289295398,302.83102539231476,spitzer_30300+0000_rgb
0,0.34856021786856445,301.8985872505975,0.3646053023435303,301.91554607204245,spitzer_30300+0000_rgb
0,0.1490859360091406,302.8898455414661,0.1676572248859277,302.908587077737,spitzer_30300+0000_rgb
0,0.5335024360712256,301.4852239734811,0.5678281193217187,301.51887827001957,spitzer_30300+0000_rgb
0,-0.8858674024368988,301.83358790228914,-0.873608715222246,301.84591749200956,spitzer_30300+0000_rgb
0,-0.07176269459487304,302.021352548849,-0.05107193959344726,302.04136296531556,spitzer_30300+0000_rgb
0,0.7672226485777734,302.74749365486883,0.7901520103276465,302.7699059267801,spitzer_30300+0000_rgb
0,-0.875062145383493,303.5627109318729,-0.8590969152371557,303.5795721784491,spitzer_30300+0000_rgb
0,0.12433162310564208,301.4839954578684,0.14385245624376708,301.50309409048987,spitzer_30300+0000_rgb
0,0.2706988905221777,302.38098633431514,0.2882034476387988,302.39900033153083,spitzer_30300+0000_rgb
0,0.25672021227654784,301.75278874945127,0.26987695042623044,301.7657392701551,spitzer_30300+0000_rgb
0,0.05917122336662109,302.1601948326168,0.07592757085530762,302.17714958505144,spitzer_30300+0000_rgb
0,-0.5730041446605835,304.37697028245424,-0.5650155379696362,304.38503261961324,spitzer_30300+0000_rgb
0,0.05117285105077148,302.14098324426726,0.08386629147904541,302.1739816163331,spitzer_30300+0000_rgb
0,0.15741487472793456,302.7169837267885,0.19104345512081541,302.7493139673506,spitzer_30300+0000_rgb
0,0.14311954609484617,302.61296045308916,0.2555869115066308,302.7326266302779,spitzer_30300+0000_rgb
0,-0.7248242928819653,303.5024772085169,-0.7153655934322815,303.511889806079,spitzer_30300+0000_rgb
0,-0.799300122215332,303.84816299607564,-0.765598055495061,303.8814936842189,spitzer_30300+0000_rgb
0,0.005540364527929687,302.2419013747685,0.02162646462748535,302.25762419362167,spitzer_30300+0000_rgb
0,-0.5635372258099401,303.4322215126049,-0.5317373400602307,303.46455362491173,spitzer_30300+0000_rgb
0,-0.04808764600349853,304.4311503356234,0.013645995957290038,304.4934972893456,spitzer_30300+0000_rgb
0,0.8733782464745508,301.77732618410175,0.8897704989147949,301.79346843654446,spitzer_30300+0000_rgb
0,-0.6652319676315344,303.52279963669906,-0.6534511653404883,303.53434276809406,spitzer_30300+0000_rgb
0,0.3460135056544482,302.98144417336266,0.35842561490532715,302.9940022787058,spitzer_30300+0000_rgb
0,-0.03478995733439209,302.4545289768089,-0.019175699678034668,302.46939795452477,spitzer_30300+0000_rgb
0,-0.9498077704498388,303.3625793420773,-0.9276478789071149,303.38431632102663,spitzer_30300+0000_rgb
0,-0.4646829380615039,303.4782493441758,-0.4532217565354907,303.48994140135056,spitzer_30300+0000_rgb
0,-0.6533701106537988,303.57460977615494,-0.5933137147699877,303.6356980730701,spitzer_30300+0000_rgb
0,0.2747213514194531,303.9882611392059,0.29096239943412594,304.00388190727887,spitzer_30300+0000_rgb
0,-0.6955562674584997,303.9270983387108,-0.6733944431358472,303.9477953192981,spitzer_30300+0000_rgb
0,-0.3761455040510449,303.8509512447457,-0.36443359010566406,303.86277855582534,spitzer_30300+0000_rgb
0,0.27113101942410645,304.01679698690236,0.3034669566007471,304.04837079843554,spitzer_30300+0000_rgb
0,-0.7439132412587841,303.24608211016937,-0.7267642342688159,303.2634445774437,spitzer_30300+0000_rgb
0,-0.10409220273511963,303.2835551729457,-0.091700031635083,303.29598461618076,spitzer_30300+0000_rgb
0,-0.8848509026098241,304.1624142950165,-0.8724684971346899,304.1741446008888,spitzer_30300+0000_rgb
0,0.2492091446433252,302.00895069350423,0.265891598903584,302.0263634537468,spitzer_30300+0000_rgb
0,-0.00585758457684082,302.041311370264,0.059929198619458,302.1068593839314,spitzer_30300+0000_rgb
0,0.048918944823310544,323.9642683922844,0.06799202405966308,323.98287076840046,spitzer_32400+0000_rgb
0,-0.25952815495680176,323.7316414414857,-0.23896085373018308,323.7520332056047,spitzer_32400+0000_rgb
0,0.11316894418081054,323.1701339601216,0.14701057795697753,323.20367595197365,spitzer_32400+0000_rgb
0,-0.41101033117635494,323.3183037177545,-0.3871722780293188,323.34184375658157,spitzer_32400+0000_rgb
0,0.390445796876792,323.9095083016862,0.4100175740248242,323.92892268951283,spitzer_32400+0000_rgb
0,-0.09169311431744384,323.4059016986493,-0.067818765597854,323.4296958064843,spitzer_32400+0000_rgb
0,0.615112624057207,323.66513932626526,0.6497976823041064,323.6992521188929,spitzer_32400+0000_rgb
0,0.022519042743559568,323.90719140717806,0.04160205036522949,323.92603011141676,spitzer_32400+0000_rgb
0,-0.3717825483655078,323.50869222496516,-0.3219558887075244,323.5575520877578,spitzer_32400+0000_rgb
0,-0.002828938773793945,323.8004720072036,0.03272786425605469,323.8336510433302,spitzer_32400+0000_rgb
0,0.08207698485631347,323.43470606034043,0.11736246627429199,323.470132166757,spitzer_32400+0000_rgb
0,-0.2789037244245044,323.2315540441428,-0.2555445937987207,323.25433561943584,spitzer_32400+0000_rgb
0,-0.4153667764452905,324.00289990231477,-0.3880060182553564,324.031185872084,spitzer_32400+0000_rgb
0,-0.3319283820973828,324.6443536719419,-0.3109547494946191,324.666261549327,spitzer_32400+0000_rgb
0,-0.011664550664604492,323.5827828817763,0.018660237443605957,323.6132177773053,spitzer_32400+0000_rgb
0,-0.05539697210228027,323.7453346379633,-0.03720662397689209,323.76346045158414,spitzer_32400+0000_rgb
0,-0.19128181774864011,323.47117253132996,-0.16851350742944823,323.49439242042064,spitzer_32400+0000_rgb
0,0.02024235005799316,325.1169275197552,0.04081380167519531,325.1375768115409,spitzer_32400+0000_rgb
0,-0.3542075973693823,323.5161017300994,-0.3315662401739209,323.53955094861493,spitzer_32400+0000_rgb
0,-0.047996988452321775,325.3430698921683,-0.024516519937126464,325.3671650457359,spitzer_32400+0000_rgb
0,0.10796622613387939,323.8842783214697,0.12875341668121582,323.9059575204717,spitzer_32400+0000_rgb
0,-0.33438809886966064,324.6221320738568,-0.28768595089918214,324.66911522768385,spitzer_32400+0000_rgb
0,0.09702449447246338,323.3573777733533,0.11837060428504394,323.37894336558554,spitzer_32400+0000_rgb
0,0.18160221172564453,323.2108310625792,0.19763411260699218,323.22776807412856,spitzer_32400+0000_rgb
0,0.08937662671040039,323.44606527246646,0.10835034071337157,323.4646266329579,spitzer_32400+0000_rgb
0,-0.2352416154861255,323.40841292909295,-0.20108015749440672,323.44207926990214,spitzer_32400+0000_rgb
0,-0.33037540359728756,325.06511184644523,-0.3115345834731958,325.08368443740534,spitzer_32400+0000_rgb
0,0.4231201129562988,324.1637369775293,0.435670894080791,324.17592675605323,spitzer_32400+0000_rgb
0,0.11335180550710693,324.1961073385337,0.12979280469165527,324.212030596838,spitzer_32400+0000_rgb
0,-0.010813639214780273,323.764948244538,0.05749650007607666,323.83264404464234,spitzer_32400+0000_rgb
0,0.43326903863605953,323.7434767278256,0.4468367468337158,323.75633480061373,spitzer_32400+0000_rgb
0,-0.08829825758055908,325.17792161908017,-0.07337174405794922,325.19263678820386,spitzer_32400+0000_rgb
0,0.4146422484577441,323.9032517913321,0.4279433550955664,323.9163927417215,spitzer_32400+0000_rgb
0,-0.7543375168706872,324.1303308906238,-0.7384276863006188,324.14572021338654,spitzer_32400+0000_rgb
0,0.6345974871436084,322.4688632965614,0.6435439388770605,322.477865900638,spitzer_32400+0000_rgb
0,0.18614111141983886,324.08598665278595,0.3081555958767773,324.20610473426706,spitzer_32400+0000_rgb
0,-0.1305334459602905,324.18398860493096,-0.11790136600848632,324.19643464972836,spitzer_32400+0000_rgb
0,-0.336108557836831,322.70104233069793,-0.3212557747822339,322.7153476690965,spitzer_32400+0000_rgb
0,-0.5748148135877893,324.9152001047803,-0.5599389592443603,324.9294612130361,spitzer_32400+0000_rgb
0,0.10278067931073485,324.7583189214533,0.11743310429441894,324.7725739668836,spitzer_32400+0000_rgb
0,-0.11062263886773192,323.4694018607747,-0.08941951407976317,323.4908317108208,spitzer_32400+0000_rgb
0,-0.3205783659348413,324.6122578877576,-0.30563370462595457,324.6270932554478,spitzer_32400+0000_rgb
0,-0.43438647026551025,322.52940235845597,-0.42583308493437744,322.53812729326455,spitzer_32400+0000_rgb
0,-0.6267093036287402,324.91916059464955,-0.6101598653176721,324.9360771797668,spitzer_32400+0000_rgb
0,0.39779459237622067,324.1730833316025,0.41068733313270994,324.1857122377262,spitzer_32400+0000_rgb
0,0.3592906865112597,324.71676130468137,0.3685779585538037,324.7258613208664,spitzer_32400+0000_rgb
0,-0.9398981229252373,322.6256139460355,-0.9320448515193951,322.633681979809,spitzer_32400+0000_rgb
0,0.19314599416229003,322.3860598209376,0.21606965929763672,322.4090955567912,spitzer_32100+0000_rgb
0,-0.5649518579572522,321.74837491113607,-0.5408985541613269,321.77252220907167,spitzer_32100+0000_rgb
0,0.1624591455108252,320.3669448305493,0.18271956197488767,320.38684033816287,spitzer_32100+0000_rgb
0,-0.21565893339028563,320.328592942912,-0.19301578583025877,320.3506985742014,spitzer_32100+0000_rgb
0,-0.3380413377654199,321.3693614058116,-0.28912564815041014,321.4162403115928,spitzer_32100+0000_rgb
0,0.8576419185069141,320.1923203205768,0.8790559807927734,320.2137544023937,spitzer_32100+0000_rgb
0,0.7697952396978808,320.13161231337136,0.8298668536804981,320.1934757567632,spitzer_32100+0000_rgb
0,0.7346894457781055,320.08780567318445,0.754954256773374,320.1079225349624,spitzer_32100+0000_rgb
0,0.7313928963319043,319.8522959099145,0.8027384359830322,319.9232003688409,spitzer_32100+0000_rgb
0,0.2521682917491504,320.7656904320306,0.2836650362258496,320.7977465840538,spitzer_32100+0000_rgb
0,0.8605364497279687,320.1351404708882,0.8884488843446777,320.16329704612747,spitzer_32100+0000_rgb
0,-0.6949868501464855,321.7774220299862,-0.6772577243472143,321.7950139894457,spitzer_32100+0000_rgb
0,0.7924109621279736,319.86706120924606,0.8276603107338134,319.8998043729811,spitzer_32100+0000_rgb
0,0.9519954331883789,322.43118968295374,0.9757262272219043,322.45421651784716,spitzer_32100+0000_rgb
0,-0.5486994167135266,321.10010091045734,-0.48697574382815917,321.1630751936817,spitzer_32100+0000_rgb
0,-0.522587722638706,321.00777945955764,-0.46533365420083006,321.06511067643225,spitzer_32100+0000_rgb
0,-0.5606144963469799,320.0264882909851,-0.538754389143706,320.0483981214952,spitzer_32100+0000_rgb
0,-0.031957519211674806,320.56646517360616,-0.012937662631040039,320.58521126716875,spitzer_32100+0000_rgb
0,-0.050391194157546386,321.6614705337499,-0.030135416365312497,321.68225992156283,spitzer_32100+0000_rgb
0,0.31239029635526366,321.2591049778777,0.330716793567832,321.2769693168918,spitzer_32100+0000_rgb
0,0.20202848105263183,322.4108316814483,0.21527506295141602,322.42380894572284,spitzer_32100+0000_rgb
0,-0.17464615710770506,319.9322218531257,-0.1619253727297046,319.944924326957,spitzer_32100+0000_rgb
0,-0.42569441306076417,320.9356212571542,-0.4063147745826855,320.9548064783165,spitzer_32100+0000_rgb
0,-0.3948013469634448,320.8815323905076,-0.37578726837754395,320.90019710386264,spitzer_32100+0000_rgb
0,-0.3423866339459253,320.234484708176,-0.28796402706827634,320.28711052145184,spitzer_32100+0000_rgb
0,-0.30171069034226805,320.39266846310454,-0.23513801848195312,320.4560859429391,spitzer_32100+0000_rgb
0,0.38718375263857907,320.2040810626467,0.513966791735332,320.335017259254,spitzer_32100+0000_rgb
0,0.6138403258928466,322.16714989067225,0.649758457044082,322.2024946168813,spitzer_32100+0000_rgb
0,0.4158434203207324,320.7060214873148,0.4368784135999658,320.7271093777289,spitzer_32100+0000_rgb
0,0.18005647606401853,322.15119013334487,0.19560644335643554,322.16707514295166,spitzer_32100+0000_rgb
0,-0.046334065291867677,321.913427033509,-0.02326017229343994,321.93682587767603,spitzer_32100+0000_rgb
0,-0.6645810073515857,321.7276035897292,-0.6427285091977148,321.74853750879066,spitzer_32100+0000_rgb
0,-0.3798993288832983,320.5033741911642,-0.3636581181082104,320.5199402717277,spitzer_32100+0000_rgb
0,-0.42137263576023193,320.1334663172591,-0.3984387980989453,320.15610303578273,spitzer_32100+0000_rgb
0,-0.07126871673522948,322.0236398009615,-0.05330379178467041,322.04138353450804,spitzer_32100+0000_rgb
0,-0.31143310235441896,320.24311556746466,-0.2883789033662109,320.265929043799,spitzer_32100+0000_rgb
0,-0.6614121841410864,321.7617383550128,-0.6312262306669043,321.7909916913088,spitzer_32100+0000_rgb
0,0.7926733319170166,320.13862728725957,0.8238565998343506,320.1714464601084,spitzer_32100+0000_rgb
0,-0.28548518594723143,320.41919108653724,-0.2510579401977539,320.45334050025826,spitzer_32100+0000_rgb
0,-0.7867197186953027,320.4501572320609,-0.7683171716788073,320.46855745974153,spitzer_32100+0000_rgb
0,-0.18908772597370604,320.2974956124938,-0.16138696127675536,320.32511638044673,spitzer_32100+0000_rgb
0,-0.016766194493796387,321.1389221991316,0.028257730837214355,321.18271923645403,spitzer_32100+0000_rgb
0,-0.13906917178639158,320.18807862140045,-0.05284488879446777,320.27524333407047,spitzer_32100+0000_rgb
0,-0.641542677503844,319.92620736750877,-0.6258100523356493,319.94200294026746,spitzer_32100+0000_rgb
0,-0.28233113324439696,320.7547511417754,-0.26380940491398924,320.7738901389798,spitzer_32100+0000_rgb
0,0.7676054610739452,320.07187647412496,0.7887568280499316,320.09378516531217,spitzer_32100+0000_rgb
0,0.799037589665874,320.16638265807575,0.8206409423144237,320.1872151773987,spitzer_32100+0000_rgb
0,0.6157259053010742,322.13282209153635,0.6517573177011767,322.16918053030037,spitzer_32100+0000_rgb
0,0.1681645490996045,320.24050196072,0.18217691875114744,320.2542794670926,spitzer_32100+0000_rgb
0,-0.07889103111213135,319.87915202943765,-0.05675439396370605,319.90216570108254,spitzer_32100+0000_rgb
0,-0.28700276405705566,321.09774544173086,-0.261741533840918,321.12335774616224,spitzer_32100+0000_rgb
0,-0.4404426225486987,319.4586393383303,-0.42110920802849117,319.4784518381322,spitzer_32100+0000_rgb
0,-0.3580345016279883,319.86510564285936,-0.34353751284066647,319.8794622507887,spitzer_32100+0000_rgb
0,-0.6381595802069457,321.81608584795896,-0.6187871845673364,321.83589672015665,spitzer_32100+0000_rgb
0,0.6247763609397363,322.10855333364105,0.6805310804342725,322.1653171270187,spitzer_32100+0000_rgb
0,-0.08885440991874756,320.2376767654357,-0.06752774997576416,320.25894841235845,spitzer_32100+0000_rgb
0,-0.21296809682865234,320.59110124106815,-0.19726871547522948,320.606659997423,spitzer_32100+0000_rgb
0,-0.4845004834362451,321.74065095287995,-0.46765990743277586,321.7577249273186,spitzer_32100+0000_rgb
0,-0.46382576033570067,320.8108710956413,-0.36385416302812496,320.9122400724922,spitzer_32100+0000_rgb
0,-0.35488525035739743,320.19318522942234,-0.33521321279370114,320.2124786862606,spitzer_32100+0000_rgb
0,-0.22235815207329346,320.3233561265581,-0.17954638492328612,320.36536540348175,spitzer_32100+0000_rgb
0,-0.4969748485458764,319.7185918096891,-0.47481990085075926,319.74039779905434,spitzer_32100+0000_rgb
0,0.09669905502259277,320.4117508196846,0.11139990122975098,320.4262574927166,spitzer_32100+0000_rgb
0,-0.31245361015671386,320.32379102238707,-0.2970463837482861,320.33929020843004,spitzer_32100+0000_rgb
0,0.6346354103203125,322.4687716070164,0.6435382422625342,322.4779219924636,spitzer_32100+0000_rgb
0,0.7336531502155518,321.6755371026196,0.7507385992634472,321.6924417248464,spitzer_32100+0000_rgb
0,0.5449565375191845,320.2014272540795,0.5526949814522167,320.2093424558232,spitzer_32100+0000_rgb
0,-0.3883535117414648,320.7307431667551,-0.37630614858068845,320.74299642184087,spitzer_32100+0000_rgb
0,-0.11711905807360107,321.905119986066,-0.10475935767636474,321.91739859108645,spitzer_32100+0000_rgb
0,0.6645449152295507,322.1211962778505,0.6819234957849316,322.13908397298417,spitzer_32100+0000_rgb
0,-0.23431941497451414,319.95554623440285,-0.21873193140643066,319.9711663514342,spitzer_32100+0000_rgb
0,-0.31480785818004636,320.76970394110504,-0.2831581189132104,320.8021904316656,spitzer_32100+0000_rgb
0,0.4177493447808398,320.21436198702304,0.4800122022311279,320.27690218822056,spitzer_32100+0000_rgb
0,-0.5092963002455786,320.08478923441254,-0.4536464798385351,320.1429362064873,spitzer_32100+0000_rgb
0,0.08997346915234863,322.4874753269221,0.10183137919001953,322.4990952456292,spitzer_32100+0000_rgb
0,0.42263817936736814,320.2332900467296,0.45484781446193845,320.2649858471939,spitzer_32100+0000_rgb
0,-0.45724169464633296,322.080181182232,-0.4480899206493091,322.0891973361132,spitzer_32100+0000_rgb
0,0.43173030167228027,322.0999806205106,0.6194954365133789,322.2950883049202,spitzer_32100+0000_rgb
0,-0.6417915788685424,320.9687840172392,-0.6197864521354687,320.99022151702485,spitzer_32100+0000_rgb
0,0.7683994063785058,320.15074089390924,0.8014508383396581,320.1838741943592,spitzer_32100+0000_rgb
0,-0.6510500830077283,320.8702122408812,-0.6170435322410229,320.9034611012258,spitzer_32100+0000_rgb
0,-0.6474913672230029,42.06968017508445,-0.5867426699138232,42.12924804558252,spitzer_04200+0000_rgb
0,-0.1288037910296704,42.045501464388735,-0.10861686089299805,42.06516617773376,spitzer_04200+0000_rgb
0,-0.0023537597420874024,41.483201177042986,0.06922151623486816,41.55365055784891,spitzer_04200+0000_rgb
0,-0.569418166506339,41.11624870675418,-0.5346393175702734,41.15175033400333,spitzer_04200+0000_rgb
0,0.0020445149535131837,41.895541830471664,0.06718058201048584,41.95992480508825,spitzer_04200+0000_rgb
0,-0.0698037916196704,43.10032152219991,-0.03413313767950195,43.13619456871618,spitzer_04200+0000_rgb
0,0.5050984650010986,43.4189961405952,0.5322524360837255,43.44539573749917,spitzer_04200+0000_rgb
0,-0.18121020326602294,42.80640274258701,-0.13347395699859374,42.854062735599996,spitzer_04200+0000_rgb
0,-0.5176993763334228,43.15297899237646,-0.49967357898763914,43.170648954764864,spitzer_04200+0000_rgb
0,-0.4522795364928296,43.02829299915717,-0.43113785376153807,43.049711496664344,spitzer_04200+0000_rgb
0,0.09942008364121581,43.20784784762204,0.11813932173527343,43.22594884027957,spitzer_04200+0000_rgb
0,-0.2758146131272705,42.41791731352916,-0.24500870523220458,42.44792756713531,spitzer_04200+0000_rgb
0,0.00782128898428711,43.10046654172971,0.028304361696123045,43.12160472511208,spitzer_04200+0000_rgb
0,-0.35813573860614256,42.38556998312347,-0.3400504523286621,42.40403710533463,spitzer_04200+0000_rgb
0,-0.01718180321359863,41.71235075157441,0.011934732953569335,41.74197672784065,spitzer_04200+0000_rgb
0,-0.5313754422773913,43.1762488896047,-0.509664952585642,43.197529691800746,spitzer_04200+0000_rgb
0,-0.6307063739012695,42.110115233273845,-0.6069514913263183,42.133845213505296,spitzer_04200+0000_rgb
0,-0.046408365421333,43.088106068220505,-0.03201741504440918,43.102711658894755,spitzer_04200+0000_rgb
0,-0.208616697132583,41.220953295550885,-0.1877899558043921,41.241813809665196,spitzer_04200+0000_rgb
0,-0.6550982193604761,43.51437701936144,-0.6374693539768689,43.53135730483616,spitzer_04200+0000_rgb
0,-0.09851090396280761,43.29325208260784,-0.07719230066036865,43.31397532865712,spitzer_04200+0000_rgb
0,-0.1458216945053247,41.50420231615589,-0.1230591621808667,41.52626872218523,spitzer_04200+0000_rgb
0,0.159956297228562,41.21657878387588,0.17998176903351562,41.235910652172144,spitzer_04200+0000_rgb
0,0.33404068676375975,41.99283789069662,0.36464680624936524,42.02445963517207,spitzer_04200+0000_rgb
0,-0.07204288664936279,43.17610777632486,-0.050762125143420406,43.197797961654835,spitzer_04200+0000_rgb
0,0.10269864806155517,43.432413478514405,0.12781363804478027,43.45734965583666,spitzer_04200+0000_rgb
0,-0.02630151340885986,43.06382274326802,-0.008244628823803711,43.081860666264724,spitzer_04200+0000_rgb
0,-0.45189021358005615,42.10148128153727,-0.4323560340878979,42.12042691936865,spitzer_04200+0000_rgb
0,0.31738818041986816,41.18887614743416,0.41975080960457517,41.28957324929177,spitzer_04200+0000_rgb
0,-0.07746256432954102,43.15614972802184,-0.06262654559769287,43.170501127617904,spitzer_04200+0000_rgb
0,-0.2646322401922192,40.966388519450696,-0.07427701748639648,41.15118799676937,spitzer_04200+0000_rgb
0,-0.670903272913363,43.33628831671524,-0.6513253108695592,43.356827399354906,spitzer_04200+0000_rgb
0,-0.24008683028142333,41.181643562871066,-0.22255802186296142,41.1989567137396,spitzer_04200+0000_rgb
0,-0.17605012844783202,41.19747998849395,-0.1563613265613867,41.21725716928576,spitzer_04200+0000_rgb
0,0.42404166242624997,43.196528389727426,0.43936197477304684,43.21178799243941,spitzer_04200+0000_rgb
0,-0.11635440964374755,42.663968092318655,-0.0975196116550122,42.68210595021019,spitzer_04200+0000_rgb
0,0.005830240827114258,43.517361552005745,0.01959863261651367,43.53081150812938,spitzer_04200+0000_rgb
0,0.09093904531456787,41.7332565130841,0.10504890845471923,41.746847333260696,spitzer_04200+0000_rgb
0,0.08685302647521972,41.78389241752566,0.10892936088987304,41.806883953754074,spitzer_04200+0000_rgb
0,0.3926518515422314,41.2111515378364,0.4155213174593701,41.233304532406535,spitzer_04200+0000_rgb
0,-0.15562988125620117,41.87150765102451,-0.1020783681198413,41.92647998120395,spitzer_04200+0000_rgb
0,0.12109301636719481,43.22631059564705,0.1414929998871533,43.24687360406772,spitzer_04200+0000_rgb
0,0.10383618060226318,43.4573820248142,0.1218199857609668,43.475512960301835,spitzer_04200+0000_rgb
0,-0.004026692668066406,43.070834380567696,0.01009716786777832,43.084838897029215,spitzer_04200+0000_rgb
0,0.032639078449650874,41.49086100769556,0.05191780547040527,41.51066911296623,spitzer_04200+0000_rgb
0,-0.1562966292964087,42.82499868966668,-0.13373152535539307,42.84809081183159,spitzer_04200+0000_rgb
0,0.4844573519262597,41.86869775521927,0.5033177033001562,41.88746126414622,spitzer_04200+0000_rgb
0,0.15150471853703612,40.73557748660256,0.16563655433321778,40.749733410940166,spitzer_04200+0000_rgb
0,0.5124223581570263,42.119100096465246,0.5289119413254638,42.135545408800795,spitzer_04200+0000_rgb
0,0.014613443864282226,41.494175949068655,0.03643513960960693,41.515102218390645,spitzer_04200+0000_rgb
0,0.8152369710142968,42.757717603099906,0.8313186765826465,42.774132723378465,spitzer_04200+0000_rgb
0,0.02781892875826904,41.370374518015005,0.043986815966381834,41.3860519267124,spitzer_04200+0000_rgb
0,-0.21168497509669187,42.63290624367094,-0.19102457491267089,42.65379857744639,spitzer_04200+0000_rgb
0,-0.7995854819129993,42.46734512879009,-0.790275219961831,42.47665388520742,spitzer_04200+0000_rgb
0,0.33081819330640133,41.212962735734955,0.3808878542640381,41.2633766349704,spitzer_04200+0000_rgb
0,-0.04950073192686767,43.22987283112575,-0.03500642868639404,43.24405632300866,spitzer_04200+0000_rgb
0,-0.2968734508073071,42.39615640879885,-0.23668814867478513,42.45734700063486,spitzer_04200+0000_rgb
0,0.7816883059852001,42.832655265110944,0.789429028564043,42.84030451633654,spitzer_04200+0000_rgb
0,-0.16636889482068604,42.568263666192365,-0.1516654444468872,42.58274934313084,spitzer_04200+0000_rgb
0,0.15395808765312743,41.588121097868786,0.16631917151389158,41.60057178133803,spitzer_04200+0000_rgb
0,-0.26106607811850585,41.09788786709404,-0.20180574342465088,41.15569515818263,spitzer_04200+0000_rgb
0,-0.6038004903812658,42.18667626766449,-0.5697257430006591,42.219517169028784,spitzer_04200+0000_rgb
0,-0.5201853789127294,43.03019749946365,-0.5079113718740113,43.042252024082686,spitzer_04200+0000_rgb
0,-0.45861498564822506,43.260793363043106,-0.4399076290644653,43.27961121360363,spitzer_04200+0000_rgb
0,-0.23760147874377685,341.19490511872806,-0.21924234806799314,341.2126622800088,spitzer_34200+0000_rgb
0,-0.29929524440288086,341.3442638411928,-0.27605077848949217,341.36650488914745,spitzer_34200+0000_rgb
0,-0.3159707813455005,341.27710433665607,-0.28265982790256833,341.3127433336955,spitzer_34200+0000_rgb
0,0.038306233340895994,343.4750186925252,0.05518497666169189,343.49165736423384,spitzer_34200+0000_rgb
0,0.4153997354293359,342.12032942588,0.4492189082682275,342.1545704737147,spitzer_34200+0000_rgb
0,0.9694521387429784,342.4758785759704,1.0016674704520752,342.50808707174207,spitzer_34200+0000_rgb
0,0.149566730275166,341.2739817780935,0.17136523266134765,341.29554932345076,spitzer_34200+0000_rgb
0,0.4060203409918799,342.04276448524945,0.4661844028902392,342.1029567046996,spitzer_34200+0000_rgb
0,-0.2489025854015991,342.41718863515104,-0.21628027127469726,342.44961107948825,spitzer_34200+0000_rgb
0,-0.05854687441453125,342.3417472296554,-0.034835448870395504,342.3658161584512,spitzer_34200+0000_rgb
0,-0.13206078969501708,342.90285305900534,-0.10896590060304931,342.9256516020716,spitzer_34200+0000_rgb
0,0.4165984658860986,341.9310685228247,0.4771399691869336,341.99301253262195,spitzer_34200+0000_rgb
0,-0.07439949469871338,343.4538370724571,-0.0061092935586987305,343.5199334361353,spitzer_34200+0000_rgb
0,-0.2752462537579541,341.258606289966,-0.2547690404210596,341.27902035226185,spitzer_34200+0000_rgb
0,-0.0871741527740918,343.3417134061792,-0.07005509370049072,343.35855904810063,spitzer_34200+0000_rgb
0,0.14111783713048828,340.8767306427431,0.1982937805691455,340.93370069425674,spitzer_34200+0000_rgb
0,-0.6405458106518335,340.70266928380664,-0.5780910993623181,340.7633105592419,spitzer_34200+0000_rgb
0,0.10949064018113525,340.5302923324054,0.13586474473510254,340.5563483217282,spitzer_34200+0000_rgb
0,-0.38210619735081297,341.2456910882723,-0.31619945972863034,341.3096875069031,spitzer_34200+0000_rgb
0,0.05939656516124267,341.5874339233965,0.07480843024149902,341.60264567454647,spitzer_34200+0000_rgb
0,0.21636067491972655,341.95603401736673,0.2396179989059033,341.9788551434406,spitzer_34200+0000_rgb
0,0.332241695896333,340.5896416156661,0.3510260381564062,340.6087461076625,spitzer_34200+0000_rgb
0,0.09545621649335449,342.3534438441218,0.1173321114568872,342.37431453076204,spitzer_34200+0000_rgb
0,0.36611832316173337,341.4178997454043,0.4002272095393945,341.4514954481934,spitzer_34200+0000_rgb
0,-0.9969959617097277,342.52903433715755,-0.9681522323432171,342.55882201589617,spitzer_34200+0000_rgb
0,-1.0238310241041375,340.7761285929679,-0.9955786236705157,340.8056214312146,spitzer_34200+0000_rgb
0,-0.010234212137241211,343.5141417746128,0.005879882753701171,343.52990697220906,spitzer_34200+0000_rgb
0,-1.0367260740240152,340.7628366009133,-1.0141631775211284,340.7846692829866,spitzer_34200+0000_rgb
0,0.04194840452843261,341.6879611033808,0.06242862893300537,341.709151370096,spitzer_34200+0000_rgb
0,0.16283528482998047,341.90285660904436,0.18483853981828124,341.9245704760147,spitzer_34200+0000_rgb
0,-0.5262868192814025,343.373026272077,-0.5057565053591015,343.39307823313953,spitzer_34200+0000_rgb
0,0.12248828002511718,343.5078145194271,0.13958023948961426,343.52549618530657,spitzer_34200+0000_rgb
0,-0.2733682427090259,341.5744352256098,-0.2604812799472705,341.5873240601163,spitzer_34200+0000_rgb
0,0.4079697224828027,342.0563735345925,0.42963866757861324,342.07670719324335,spitzer_34200+0000_rgb
0,0.7260737232080127,342.55394636490325,0.7561603114488135,342.5827567487297,spitzer_34200+0000_rgb
0,-0.15113403169178466,341.07502116810394,-0.13523282742371337,341.09087728773704,spitzer_34200+0000_rgb
0,-0.11047924694208251,340.84953240082757,-0.095664631204812,340.8639373486002,spitzer_34200+0000_rgb
0,-0.36884822222297603,340.87462761542037,-0.35093733373020997,340.89257634570964,spitzer_34200+0000_rgb
0,-0.037154622024287105,342.8202681395838,-0.02293896461436035,342.8343657956928,spitzer_34200+0000_rgb
0,0.30012515975916504,342.23978531661254,0.3139718393081982,342.2530569636153,spitzer_34200+0000_rgb
0,-0.9286790475165948,340.61366082115507,-0.9066164053218566,340.63522462302274,spitzer_34200+0000_rgb
0,-1.0270570576005231,340.77573764245096,-1.0101658631079766,340.79415528549595,spitzer_34200+0000_rgb
0,-0.2412355119105615,343.3597359483167,-0.2260951312025903,343.37442521818934,spitzer_34200+0000_rgb
0,-1.0348083392612915,340.8494687615053,-1.0010582989086878,340.88402328589933,spitzer_34200+0000_rgb
0,0.16228141113760253,340.8906490996352,0.18650634579118652,340.9146935329885,spitzer_34200+0000_rgb
0,-0.17226765778253172,341.9251653653317,-0.15813932133527342,341.9387587896749,spitzer_34200+0000_rgb
0,-0.30509496765217525,341.32996680357536,-0.2631608860402661,341.37204281226917,spitzer_34200+0000_rgb
0,-0.9158917348189471,297.6164421325075,-0.8929409090393408,297.64008178070856,spitzer_29700+0000_rgb
0,-0.34469539043325437,298.18302334428955,-0.27589819060039306,298.2476538978425,spitzer_29700+0000_rgb
0,-0.7938739341185522,298.17082876433335,-0.7724362715725122,298.19237539497726,spitzer_29700+0000_rgb
0,-0.21522192167590576,295.74128419227463,-0.19802327275935058,295.7584394655406,spitzer_29700+0000_rgb
0,-0.24178482831131834,297.00319954423884,-0.21172273551298096,297.0328128251927,spitzer_29700+0000_rgb
0,-0.5469423366529724,298.3944020958379,-0.5141053822287378,298.42573882648156,spitzer_29700+0000_rgb
0,0.6607495051112549,298.3835540327953,0.7265771411717284,298.44720176775456,spitzer_29700+0000_rgb
0,-0.7849602786087304,297.5050224558873,-0.7685246098277746,297.5213247831982,spitzer_29700+0000_rgb
0,-0.9578003444259027,295.65974252642343,-0.9259844471203638,295.69060027351065,spitzer_29700+0000_rgb
0,-0.5171572213909277,298.5025839998667,-0.49857608550903076,298.5205101624072,spitzer_29700+0000_rgb
0,-0.12267244343473388,295.8435441196375,-0.1110308419886499,295.8548263460872,spitzer_29700+0000_rgb
0,-0.3532242803219238,295.7018291145442,-0.3205410124195898,295.73486882775546,spitzer_29700+0000_rgb
0,0.6774692315065576,298.398488399508,0.7088071218181787,298.43040009149024,spitzer_29700+0000_rgb
0,-0.2656645481246045,298.17474604131246,-0.23233031994232176,298.2078400351221,spitzer_29700+0000_rgb
0,-0.7668371098446496,297.2353585588443,-0.7445889411218188,297.2577167129176,spitzer_29700+0000_rgb
0,-0.7742283451222998,298.3881028100122,-0.7178883798653869,298.4413548541574,spitzer_29700+0000_rgb
0,-0.034728352517299804,297.5105000762752,-0.02190242491118408,297.5229177193802,spitzer_29700+0000_rgb
0,-0.7874444501333678,297.4637823846851,-0.7237274097549133,297.5270954537134,spitzer_29700+0000_rgb
0,-0.04387882443100342,297.52490860477695,-0.02464721655040283,297.5440506130491,spitzer_29700+0000_rgb
0,-0.8380704261896081,297.21665974718235,-0.8190408853642785,297.23503434009757,spitzer_29700+0000_rgb
0,-0.8737155877797711,296.2395916417187,-0.8599367589787573,296.2533082756961,spitzer_29700+0000_rgb
0,0.7316380135169531,298.26764557651626,0.7497027919821386,298.2855319899116,spitzer_29700+0000_rgb
0,-0.4471912390176709,296.48977393088353,-0.4336517697520239,296.5031230518438,spitzer_29700+0000_rgb
0,-0.6634034764388818,297.377136470838,-0.6035282328970093,297.43696646698453,spitzer_29700+0000_rgb
0,-0.7422942227202868,297.23395914479585,-0.7134735036074523,297.261920000636,spitzer_29700+0000_rgb
0,-0.2864068981775976,297.2995371877598,-0.2523508275546167,297.333841956297,spitzer_29700+0000_rgb
0,-0.3038925750860742,295.7197910284271,-0.2868894014279809,295.73682162721514,spitzer_29700+0000_rgb
0,-0.8532434403607947,298.17635452111404,-0.8314526690943274,298.198220365622,spitzer_29700+0000_rgb
0,-0.39024535742567135,296.2673323640975,-0.38028230413988523,296.277255703842,spitzer_29700+0000_rgb
0,-0.8330474363309839,297.52452115360893,-0.8164121012108788,297.540822341597,spitzer_29700+0000_rgb
0,-0.7394365974233422,297.4544165807423,-0.7207424244332007,297.4729748487859,spitzer_29700+0000_rgb
0,-0.228337562820791,298.1699317103059,-0.1988238098607202,298.19921479106773,spitzer_29700+0000_rgb
0,-0.6419490495700927,297.3851986452365,-0.6187832783173755,297.408034501128,spitzer_29700+0000_rgb
0,-0.015302896982387695,297.44655525269593,-0.0023111978935546874,297.4593416295212,spitzer_29700+0000_rgb
0,-0.41817105701620605,297.48740469890197,-0.38760025654066405,297.5181979928649,spitzer_29700+0000_rgb
0,0.06860441012124756,297.44981965696013,0.07628246994030029,297.457672928366,spitzer_29700+0000_rgb
0,-0.24089111087233886,295.517147475766,-0.23346345795182372,295.52466700694083,spitzer_29700+0000_rgb
0,-0.5256883899254077,296.338850592549,-0.506658686339663,296.3577019921001,spitzer_29700+0000_rgb
0,-0.7441259691212402,298.39804331080796,-0.7236320321517004,298.4180040243128,spitzer_29700+0000_rgb
0,-0.764326042161427,297.20879988397974,-0.707890739991405,297.26442349995995,spitzer_29700+0000_rgb
0,-0.41723274322350584,298.14347353999756,-0.40846565346742675,298.1523389370443,spitzer_29700+0000_rgb
0,0.014964843600351562,296.4278803768149,0.02273925758510742,296.43570980382,spitzer_29700+0000_rgb
0,0.5081098582001513,296.9310921230849,0.5159563750487695,296.9389361985273,spitzer_29700+0000_rgb
0,-0.6647678969981543,296.2337137120899,-0.6571047297570776,296.24143669378356,spitzer_29700+0000_rgb
0,-0.4788264112273608,298.25490652228166,-0.4588933873381494,298.27389262642123,spitzer_29700+0000_rgb
0,-0.6984189383283105,295.51812501481874,-0.6808944430608471,295.53545281412465,spitzer_29700+0000_rgb
0,-0.4217363239076367,39.47402156101499,-0.39769945891363034,39.4977478791371,spitzer_03900+0000_rgb
0,-0.3996054647539453,38.91133626390747,-0.36861604449092283,38.94338297582659,spitzer_03900+0000_rgb
0,-0.15275390472246092,38.334919765765385,-0.11676000859802489,38.37038607400447,spitzer_03900+0000_rgb
0,-0.151966632594917,38.717916506727086,-0.11767822147946777,38.75351985923564,spitzer_03900+0000_rgb
0,-0.12097062053508545,37.73904200479708,-0.09953222556717772,37.76043067645819,spitzer_03900+0000_rgb
0,-0.07693017501194824,40.3921087303823,-0.021705240668364257,40.44628840716798,spitzer_03900+0000_rgb
0,-0.46550398297516843,38.87213346482033,-0.40679784749452147,38.93165087958974,spitzer_03900+0000_rgb
0,-0.06917569917803466,39.23805468511945,-0.052559244266074216,39.25422778066085,spitzer_03900+0000_rgb
0,-0.5651734969524316,38.9207348640739,-0.5005799103587841,38.98522753921022,spitzer_03900+0000_rgb
0,-0.39079622005037107,39.9116168935531,-0.3621234501548071,39.94007534867216,spitzer_03900+0000_rgb
0,-0.18318554504314452,39.86543464303836,-0.16432568195049316,39.883973949493594,spitzer_03900+0000_rgb
0,-0.41984325752031737,38.00017660505032,-0.3852932090376929,38.03559831693568,spitzer_03900+0000_rgb
0,0.48963655109321774,38.8302630225307,0.507504552216621,38.848221518444866,spitzer_03900+0000_rgb
0,-0.35957763312297364,38.929179199926956,-0.34274600894233154,38.945649902887254,spitzer_03900+0000_rgb
0,-0.3652516239516504,38.91646663494992,-0.3437551235155737,38.93772428447692,spitzer_03900+0000_rgb
0,-0.46432828311713376,39.51795181773715,-0.4446713822720361,39.536808344241294,spitzer_03900+0000_rgb
0,0.7302495044162548,40.39155674877974,0.7519571864908446,40.41251887625567,spitzer_03900+0000_rgb
0,0.6376528256547217,39.85736449337948,0.6554511653204883,39.87452977641095,spitzer_03900+0000_rgb
0,-0.4175766559804834,39.166337726201206,-0.3827561810682715,39.200504718047036,spitzer_03900+0000_rgb
0,-0.5388642117337537,38.9303181973114,-0.511787592538374,38.958402018645145,spitzer_03900+0000_rgb
0,0.8657911697275048,39.52898461385078,0.88135432061354,39.54451244572675,spitzer_03900+0000_rgb
0,0.15282324065926758,38.541004399121206,0.170566730065166,38.55936881951048,spitzer_03900+0000_rgb
0,0.6944088472225781,40.41883309534943,0.7065286387680468,40.43105186557229,spitzer_03900+0000_rgb
0,-0.2369221981516113,37.72190756486426,-0.19010847791662353,37.76905730397609,spitzer_03900+0000_rgb
0,-0.40377099205604,39.71739948826871,-0.38374438092818114,39.736826896928605,spitzer_03900+0000_rgb
0,-0.23026977308792723,38.11494564687138,-0.21797444443483885,38.1271450282598,spitzer_03900+0000_rgb
0,-0.6092085713818726,37.856833344765,-0.5935218039606152,37.87184213367741,spitzer_03900+0000_rgb
0,-0.3825053672686963,37.807653006715135,-0.3658847619661523,37.82426205602821,spitzer_03900+0000_rgb
0,-0.37210033807587156,39.53720653759668,-0.3576817184283911,39.551115066103435,spitzer_03900+0000_rgb
0,0.09636759343736571,38.77079101791709,0.10913679903884033,38.78338021049953,spitzer_03900+0000_rgb
0,-0.26769864641155516,38.059864755495106,-0.25192187248078124,38.07526775013274,spitzer_03900+0000_rgb
0,-0.12430501177778319,40.010644643213865,-0.10966560762730224,40.02496015413842,spitzer_03900+0000_rgb
0,-0.4808566032643506,40.36203154155547,-0.4664082798411255,40.375950690179295,spitzer_03900+0000_rgb
0,0.1292351061295239,37.64884115934492,0.1648813460074365,37.68390333347347,spitzer_03900+0000_rgb
0,-0.21939062280609373,37.75325489527995,-0.20126513470609864,37.77181837165681,spitzer_03900+0000_rgb
0,-0.19477148242728515,39.42465063051912,-0.18024137189550293,39.43870181852965,spitzer_03900+0000_rgb
0,-0.03315356412158935,40.21348216559955,-0.016474934731083985,40.22958490795155,spitzer_03900+0000_rgb
0,-0.3129174773395752,39.290608721052244,-0.2601887181012378,39.34115356104159,spitzer_03900+0000_rgb
0,-0.03577254195998291,39.59462678441832,-0.013430582547985839,39.61745425814837,spitzer_03900+0000_rgb
0,0.07802620364682128,40.39575385160236,0.09078491120152588,40.40833229182488,spitzer_03900+0000_rgb
0,0.09484553941612793,38.79698258666559,0.1086333810751245,38.810823244079266,spitzer_03900+0000_rgb
0,-0.10566690975062255,37.612610690957226,-0.08441943274955566,37.63387306053627,spitzer_03900+0000_rgb
0,-0.24094392662701902,39.82633495267415,-0.22681615984121337,39.84054491346955,spitzer_03900+0000_rgb
0,-0.35465046845870357,39.869366934665706,-0.33193871738373776,39.89150283939226,spitzer_03900+0000_rgb
0,0.1273391100547339,37.66888510445698,0.14621240088162596,37.68813835947278,spitzer_03900+0000_rgb
0,-0.3368086717621216,39.35510912730828,-0.3247950000072583,39.36678743122796,spitzer_03900+0000_rgb
0,-0.5450465440287011,37.65124513067505,-0.5005102489011475,37.69558204429418,spitzer_03900+0000_rgb
0,0.02528141250760254,37.69828647135047,0.037732665638298336,37.710686536330634,spitzer_03900+0000_rgb
0,0.08518928951269042,40.032639719491314,0.09729475814163574,40.04447655205524,spitzer_03900+0000_rgb
0,-0.40213199467659666,37.862740571268425,-0.38807755145776607,37.87629086410168,spitzer_03900+0000_rgb
0,0.23702701585889646,38.21362923963454,0.2574304987277783,38.23443132275985,spitzer_03900+0000_rgb
0,-0.43903197803155514,40.295803962465136,-0.42084838446339107,40.31457988187373,spitzer_03900+0000_rgb
0,0.16310595540019043,38.3689436912064,0.1775966779115332,38.383582200174594,spitzer_03900+0000_rgb
0,0.6173815042428515,38.25872901131896,0.6272058856550243,38.26862061278254,spitzer_03900+0000_rgb
0,-0.28634358437614743,39.498341140849924,-0.273525062368916,39.51123030087728,spitzer_03900+0000_rgb
0,-0.2978662079588379,39.6416223080369,-0.2858287731833789,39.653588046849535,spitzer_03900+0000_rgb
0,-0.6020153341491175,37.82061980346047,-0.5873453310406092,37.835123872325845,spitzer_03900+0000_rgb
0,0.5536839137339941,37.741188163629786,0.5739153588441797,37.761781913423846,spitzer_03900+0000_rgb
0,-0.43419856336634766,39.538341059069715,-0.41373575432618404,39.55831094819293,spitzer_03900+0000_rgb
0,0.5144470977201123,37.482873713087926,0.5370550076502831,37.50585580921228,spitzer_03900+0000_rgb
0,0.05979711854265381,37.66595183625715,0.09021883047802001,37.69675098959499,spitzer_03900+0000_rgb
0,0.303175127176582,38.86382454563259,0.3191422494127441,38.879682292869845,spitzer_03900+0000_rgb
0,-0.5310017036743578,38.745151695256816,-0.5167388457440698,38.758688478975614,spitzer_03900+0000_rgb
0,-0.5348464301984106,37.81424805873252,-0.46743017110694823,37.879485037246816,spitzer_03900+0000_rgb
0,0.7850105715769775,37.905421885945785,0.7945616782522997,37.91501010199573,spitzer_03900+0000_rgb
0,-0.377106360161228,39.52914167765129,-0.35081095026793213,39.554904616846784,spitzer_03900+0000_rgb
0,-0.4629974725835669,39.66263842110799,-0.44838370319845455,39.677150953514946,spitzer_03900+0000_rgb
0,-0.12097566610795166,37.53753484535382,-0.09440763251946532,37.56501043101656,spitzer_03900+0000_rgb
0,-0.33812613594165525,39.277104082515415,-0.3092008432621582,39.306050452668664,spitzer_03900+0000_rgb
0,0.48776643392441893,39.09472688707356,0.49706428539394043,39.103884439065325,spitzer_03900+0000_rgb
0,-0.13579109564729736,38.047964690509936,-0.12013622926738769,38.063519540614806,spitzer_03900+0000_rgb
0,0.501395828319375,305.6268343136275,0.5252563424036865,305.65084912458525,spitzer_30600+0000_rgb
0,0.07999316326256836,305.66801888352813,0.11706241744916747,305.704255699572,spitzer_30600+0000_rgb
0,-0.01489046209067871,305.2526948316918,0.009092447825742186,305.2770952220728,spitzer_30600+0000_rgb
0,0.3633006148565771,304.90009913209275,0.39961978767046874,304.93634766688655,spitzer_30600+0000_rgb
0,0.5426401312923486,304.9076355903507,0.5739907169163427,304.94000163820414,spitzer_30600+0000_rgb
0,0.4826511996005713,305.648699222263,0.5054952748929639,305.67100586266497,spitzer_30600+0000_rgb
0,0.34043228826234373,305.5157229866136,0.3760434532708154,305.5498680058034,spitzer_30600+0000_rgb
0,-0.1508813461474365,305.2195724361897,-0.131429197904458,305.2386936925089,spitzer_30600+0000_rgb
0,-0.07077954030782958,305.82495817232336,-0.04675276645955566,305.84875797677284,spitzer_30600+0000_rgb
0,-0.23804727952056884,305.42759701093235,-0.21881021916606444,305.44686019433345,spitzer_30600+0000_rgb
0,0.21279166453874998,305.3427262435519,0.2314116187796338,305.36110417305565,spitzer_30600+0000_rgb
0,-0.342091793454082,306.2559446588989,-0.32034325851531736,306.2778925753461,spitzer_30600+0000_rgb
0,0.20016568810250976,305.43239860593644,0.23467496510116698,305.4661466524739,spitzer_30600+0000_rgb
0,-0.4128439086319775,305.52248584461887,-0.394037756476289,305.5405888717816,spitzer_30600+0000_rgb
0,0.13048478059619384,305.77772282123317,0.19743847458811523,305.8448278010309,spitzer_30600+0000_rgb
0,-0.26971972386530274,305.3672091534633,-0.2343242977869653,305.40235547472645,spitzer_30600+0000_rgb
0,-0.6669231704141015,305.61611816790133,-0.6333105405418945,305.6498837925637,spitzer_30600+0000_rgb
0,0.5176743112295068,307.0897727755606,0.5380341743071582,307.1105137828402,spitzer_30600+0000_rgb
0,-0.36815356077158934,306.29411734731923,-0.3339310676242309,306.32867789384863,spitzer_30600+0000_rgb
0,0.020583984169160154,305.1718767986458,0.04138566039343506,305.19276905104107,spitzer_30600+0000_rgb
0,0.11947493370108397,306.0960701487789,0.14074820822793457,306.11685221237315,spitzer_30600+0000_rgb
0,-0.33779866198659664,306.05636848901963,-0.31901733079420164,306.07495524013586,spitzer_30600+0000_rgb
0,-0.5823288515985864,307.1108498424071,-0.5633968856420727,307.12942658375783,spitzer_30600+0000_rgb
0,0.23107828544963377,306.7104470143799,0.29891764023999023,306.77965681186487,spitzer_30600+0000_rgb
0,0.1902600892432324,305.3429967513617,0.20606868283514648,305.35832520172926,spitzer_30600+0000_rgb
0,0.32538866862111326,305.87955794391274,0.3481074183939258,305.90199349056337,spitzer_30600+0000_rgb
0,0.14145410014795898,304.97515512092554,0.26764941138600584,305.1038322029721,spitzer_30600+0000_rgb
0,0.1741191388838086,305.2121632565763,0.2643318658462646,305.30275586634747,spitzer_30600+0000_rgb
0,-0.16929036289042967,304.77980339761865,-0.14559562028883544,304.8023408322891,spitzer_30600+0000_rgb
0,-0.2574563776337695,305.7533237329355,-0.24080745201900877,305.7703164085468,spitzer_30600+0000_rgb
0,-0.7479721197989245,307.3525399441569,-0.6846213717345153,307.41637789517864,spitzer_30600+0000_rgb
0,-0.9164394236155535,305.37665446586885,-0.8941904207455956,305.3999860086043,spitzer_30600+0000_rgb
0,0.07020833263125,305.07962273055796,0.2085642882789404,305.22037728644204,spitzer_30600+0000_rgb
0,0.3243831347770019,305.47678760288835,0.34186490543551756,305.4949936573938,spitzer_30600+0000_rgb
0,-0.0001531575505517578,305.5417900436446,0.0218608396251416,305.56242904083405,spitzer_30600+0000_rgb
0,-0.828493562678606,307.4946043043085,-0.8130701416088818,307.50942636124853,spitzer_30600+0000_rgb
0,-0.36180151005385985,306.1713051740682,-0.3417980109049365,306.1910927715266,spitzer_30600+0000_rgb
0,0.09031013907085693,305.6691914095581,0.1078783355097583,305.68645296537505,spitzer_30600+0000_rgb
0,-0.851559765247423,307.4421628273752,-0.8373294187100391,307.4562028764699,spitzer_30600+0000_rgb
0,0.31679361662373046,305.5508063195961,0.33877392239351073,305.57268864359605,spitzer_30600+0000_rgb
0,0.9071422435327441,307.22281075844245,0.9256653553266796,307.2414527056844,spitzer_30600+0000_rgb
0,-0.15851367028986327,305.111194507586,-0.10595597224773193,305.1674358807215,spitzer_30600+0000_rgb
0,-0.8507442134977661,304.53663998859196,-0.8290497963970019,304.5583844545203,spitzer_30600+0000_rgb
0,-0.9254790353415637,304.91150798614535,-0.9061963613807446,304.93133920339494,spitzer_30600+0000_rgb
0,-0.15009952649379638,305.14269304242725,0.432650223538081,305.68397624013943,spitzer_30600+0000_rgb
0,0.005540934189382324,305.19438265779576,0.016898762851845703,305.2058618243476,spitzer_30600+0000_rgb
0,-0.25541666411249997,305.79280371300945,-0.24315470134449463,305.8048377298162,spitzer_30600+0000_rgb
0,0.2499591446358252,306.69880166944426,0.28439550496854493,306.73137051677486,spitzer_30600+0000_rgb
0,-0.07224649992857665,305.1923147867227,-0.05316902616101806,305.21105616023317,spitzer_30600+0000_rgb
0,-0.04653165643572509,306.04091373657,-0.025955159245656736,306.0616424147482,spitzer_30600+0000_rgb
0,-0.23971191166538086,305.72115202101764,-0.22724706804002928,305.7331059597002,spitzer_30600+0000_rgb
0,0.34171223616621094,305.53286084451514,0.36027701462639644,305.55157178182805,spitzer_30600+0000_rgb
0,0.01758675112621582,305.5934550821905,0.0318087561923291,305.6075356484559,spitzer_30600+0000_rgb
0,0.26760725643851074,305.24912110125877,0.3130196908802197,305.2940452544554,spitzer_30600+0000_rgb
0,-0.11663736862529296,305.6592361687722,-0.09676570541255126,305.6784383170177,spitzer_30600+0000_rgb
0,0.7006936778888965,305.28832552795006,0.709258293688667,305.2967475656263,spitzer_30600+0000_rgb
0,-0.25825976304240233,305.77109651921614,-0.2465154597744287,305.7827830425368,spitzer_30600+0000_rgb
0,-0.9427543444136023,307.37329645436597,-0.9287031360580206,307.386884497443,spitzer_30600+0000_rgb
0,-0.5910908957817993,307.3874458072518,-0.5678243351420691,307.41042761854544,spitzer_30600+0000_rgb
0,0.11916284060524658,307.38812440628476,0.14088142762764402,307.409400376531,spitzer_30600+0000_rgb
0,0.24272639731231932,307.45367690603615,0.2606800104140332,307.47192698723387,spitzer_30600+0000_rgb
0,0.556337722301206,305.1384017013243,0.5722558536524414,305.15397331575195,spitzer_30600+0000_rgb
0,-0.9980564271939147,304.8544996859342,-0.9779238793809173,304.8751601674984,spitzer_30600+0000_rgb
0,-0.2754971489377368,305.3438867253111,-0.20770890091770264,305.41466846288455,spitzer_30600+0000_rgb
0,0.009474365139631347,305.7922792989522,0.026881347387436524,305.80949105008216,spitzer_30600+0000_rgb
0,-0.3341058723099829,306.33151440098175,-0.3124988575520947,306.3522077601498,spitzer_30600+0000_rgb
0,-0.5207562610684789,305.190359220336,-0.5069903106853052,305.2036928790568,spitzer_30600+0000_rgb
0,-0.6751688978707068,304.7010869270516,-0.6533402034275354,304.7241233851546,spitzer_30600+0000_rgb
0,0.47041112810838864,306.5355385688634,0.4848347933287353,306.55000333108853,spitzer_30600+0000_rgb
0,-0.40500113527290527,306.7476448492944,-0.3927921510199951,306.7593866297759,spitzer_30600+0000_rgb
0,-0.7147090586081176,307.40292831035225,-0.6987175629998035,307.4183437765067,spitzer_30600+0000_rgb
0,-0.9783867903463402,304.90166830525413,-0.9703044133112786,304.90981430126647,spitzer_30600+0000_rgb
0,-0.9598205266973675,307.3929522972684,-0.9476534735963817,307.405316259954,spitzer_30600+0000_rgb
0,0.21709228298532715,305.06353956014584,0.24915103917515624,305.09732666918296,spitzer_30600+0000_rgb
0,-0.19581908983868407,305.8206126320022,-0.18498974424385253,305.8314078792901,spitzer_30600+0000_rgb
0,-0.13290323760325928,306.5874382265475,-0.12484260942865721,306.5955874777681,spitzer_30600+0000_rgb
0,0.262958493464165,306.7832803469849,0.2850652640764306,306.8054675212422,spitzer_30600+0000_rgb
0,-0.3372450324348413,304.85094727711555,-0.31682999357649166,304.8714782013894,spitzer_30600+0000_rgb
0,-0.954249807352033,307.4762077489098,-0.9464754950925366,307.48406879212547,spitzer_30600+0000_rgb
0,-0.260804196610708,305.09421566660995,-0.2453487931194287,305.10985905838055,spitzer_30600+0000_rgb
0,0.008145182210214843,305.64222331086944,0.03062174448544922,305.66383935883033,spitzer_30600+0000_rgb
0,-0.5237228544632923,304.7634013795535,-0.5116579538677953,304.77492481693827,spitzer_30600+0000_rgb
0,-0.028555907917565918,304.4545716300376,-0.006952473888808593,304.4745810699417,spitzer_30600+0000_rgb
0,0.6626907485814257,304.792369803743,0.6832263929073193,304.8126425899986,spitzer_30600+0000_rgb
0,-0.6917431571450683,307.2543540727429,-0.6842376640560608,307.26192204548624,spitzer_30600+0000_rgb
0,-0.29613622750738766,306.3492777471583,-0.27753743212045895,306.36790624632096,spitzer_30600+0000_rgb
0,-0.2481875788983325,305.8783727225704,-0.23875935633636475,305.88778792429923,spitzer_30600+0000_rgb
0,-0.005395589138752441,305.55960107862273,0.1288304023575293,305.6922456085463,spitzer_30600+0000_rgb
0,0.5316761014540723,307.06747712148666,0.5492599228928173,307.08510195855,spitzer_30600+0000_rgb
0,0.34415413067304196,305.49324609881756,0.35988655239071776,305.5086300504866,spitzer_30600+0000_rgb
0,-0.24384781657193846,305.3744557354221,-0.22904939549596434,305.3887810933518,spitzer_30600+0000_rgb
0,-0.4800978142094385,307.12696039725904,-0.4708317010208496,307.13611615888624,spitzer_30600+0000_rgb
0,0.2839187797128955,305.78991585496544,0.30100487980245116,305.8074487323943,spitzer_30600+0000_rgb
0,-0.34977392228351073,305.6092843463551,-0.3377198859457178,305.6214324582128,spitzer_30600+0000_rgb
0,0.4928570914255957,305.6160999387348,0.5369215441099512,305.6600791049617,spitzer_30600+0000_rgb
0,-0.3914533652260913,306.2833470837551,-0.316683427822749,306.3566554326314,spitzer_30600+0000_rgb
0,0.08366642168937743,32.08742351172993,0.10754264215374022,32.11068995029935,spitzer_03300+0000_rgb
0,-0.008688150954785156,32.568360355878895,0.024684814206276853,32.60067887769113,spitzer_03300+0000_rgb
0,-0.36932901648900146,32.9489620773333,-0.3000337697861206,33.01884651673862,spitzer_03300+0000_rgb
0,0.18639176245899902,34.302734545078124,0.2450066707270166,34.361367011125914,spitzer_03300+0000_rgb
0,-0.15882234541698487,33.80113679211884,-0.13701537948922118,33.823434887598985,spitzer_03300+0000_rgb
0,0.07029060802105225,32.04365121399057,0.09273453683307128,32.06542107054371,spitzer_03300+0000_rgb
0,0.2017005188163281,32.72064388300189,0.2223688128804785,32.740754885404954,spitzer_03300+0000_rgb
0,0.11714518112021484,32.14310319867313,0.1405326320582153,32.16668083515611,spitzer_03300+0000_rgb
0,0.43205745010650876,34.0740692438166,0.45259276891157224,34.09390050175631,spitzer_03300+0000_rgb
0,0.1231404610081787,34.23616732569171,0.15561799974590332,34.269021105473854,spitzer_03300+0000_rgb
0,0.0878696280275537,34.226495450788434,0.12036336142657471,34.2581227698081,spitzer_03300+0000_rgb
0,-0.35585847625912354,31.459070002388465,-0.3325952928980054,31.481927098514063,spitzer_03300+0000_rgb
0,0.05792968692070312,33.25405134837094,0.07376928637168212,33.269428871003626,spitzer_03300+0000_rgb
0,0.09629166570375,33.90249295158705,0.119131265084729,33.925071564642515,spitzer_03300+0000_rgb
0,0.18508105283668944,31.904202484916308,0.20606282346020507,31.926408376621332,spitzer_03300+0000_rgb
0,-0.1565437809866455,32.753834475117905,-0.14191853699227294,32.76843750231563,spitzer_03300+0000_rgb
0,-0.2356533993361743,32.25987744880747,-0.21701407660590086,32.27710677806227,spitzer_03300+0000_rgb
0,0.06636938410193115,33.0408452144353,0.08348559486826904,33.058243651761316,spitzer_03300+0000_rgb
0,0.04492569942053467,32.02379037434543,0.05761393171552734,32.036492848176735,spitzer_03300+0000_rgb
0,0.40554019776751465,32.42712044843713,0.423416825192915,32.444846034197376,spitzer_03300+0000_rgb
0,-0.410539628056062,33.76159895071734,-0.3939967408516992,33.778744295597974,spitzer_03300+0000_rgb
0,0.18772477025816894,32.455178228104465,0.2044391255597754,32.47185010293775,spitzer_03300+0000_rgb
0,0.11609871303172119,32.945508952367824,0.13922102725362304,32.96789339224815,spitzer_03300+0000_rgb
0,0.3964093384838232,32.4427316136456,0.4232205361323779,32.46776595584318,spitzer_03300+0000_rgb
0,0.46678856955086423,34.121513009618205,0.482187495178125,34.13665505862043,spitzer_03300+0000_rgb
0,0.004186116494597168,34.3080779491588,0.016482991371628418,34.32012079571806,spitzer_03300+0000_rgb
0,-0.19867415165909177,33.803589021912025,-0.18061799949590332,33.821608390221414,spitzer_03300+0000_rgb
0,0.17232145009970215,34.473431096919334,0.1948271464892285,34.495492711688954,spitzer_03300+0000_rgb
0,-0.27528515349714844,31.561428399802384,-0.2626913222428784,31.573896498636035,spitzer_03300+0000_rgb
0,0.08450284746226318,34.08657380098322,0.21359114369742185,34.217650581899015,spitzer_03300+0000_rgb
0,-0.0932375478957495,33.13438102079161,-0.08069010335976562,33.14692187353078,spitzer_03300+0000_rgb
0,0.04119929971821533,33.68612735316477,0.05922827089209228,33.70464167589629,spitzer_03300+0000_rgb
0,0.03568497685669189,32.983868978025896,0.04719620721032959,32.99501611333109,spitzer_03300+0000_rgb
0,0.1494182927766504,32.986894205860224,0.16508349444291504,33.002251464821235,spitzer_03300+0000_rgb
0,0.07140820241091797,31.555025405074748,0.09094677643428223,31.574773777273094,spitzer_03300+0000_rgb
0,0.09226464751485351,31.53924936356584,0.10846638888929443,31.55542514465408,spitzer_03300+0000_rgb
0,0.693596184470288,31.72175229142831,0.7065862559549707,31.734714205361193,spitzer_03300+0000_rgb
0,-0.013865152856140137,33.40932177325053,0.008989990144475097,33.431401118732865,spitzer_03300+0000_rgb
0,-0.1372379543567871,31.800300142205334,-0.10341389870544433,31.834356294208522,spitzer_03300+0000_rgb
0,-0.23487361418772215,33.63539249039086,-0.21941340926419922,33.650506015630356,spitzer_03300+0000_rgb
0,0.025331949616472168,33.75782600153632,0.04079980427950195,33.77302481323329,spitzer_03300+0000_rgb
0,-0.05115779571238037,33.12491324744878,0.04645296177505371,33.21713753038071,spitzer_03300+0000_rgb
0,-0.25541772205519775,32.59504508868497,-0.24306624105892088,32.60747542710233,spitzer_03300+0000_rgb
0,0.04258813433974365,34.03171043890165,0.06540803971050292,34.05464753177123,spitzer_03300+0000_rgb
0,0.16420328611838378,33.62240250028639,0.18926822727398437,33.64743090172882,spitzer_03300+0000_rgb
0,0.011358154183293457,34.088733509620475,0.0244058428548999,34.10205133989094,spitzer_03300+0000_rgb
0,-0.016212483561833496,33.98008348629291,-0.0002364908830517578,33.99591926087414,spitzer_03300+0000_rgb
0,0.2024379862568701,33.6895118746153,0.2155159483656738,33.702592603651155,spitzer_03300+0000_rgb
0,-0.021787597438374023,33.620085036116855,-0.00901538076922119,33.63307006202867,spitzer_03300+0000_rgb
0,-0.07331005786064941,33.73884773024173,-0.05150992787031738,33.76023436739766,spitzer_03300+0000_rgb
0,-0.556144118787517,32.97505143254115,-0.5374155626596985,32.99406542974685,spitzer_03300+0000_rgb
0,-0.1675974918136084,33.8220313231599,-0.1546588526200781,33.834813386834156,spitzer_03300+0000_rgb
0,0.047923909025969234,33.86884927516567,0.06925341727621581,33.89028779220389,spitzer_03300+0000_rgb
0,-0.1826791160117505,34.48126320947122,-0.1707383609228247,34.49293282096748,spitzer_03300+0000_rgb
0,-0.11721150598934325,31.818771821708115,-0.10741609593104735,31.828504731767037,spitzer_03300+0000_rgb
0,-0.21046956169738767,34.26323249062288,-0.1979829895566284,34.27554861191899,spitzer_03300+0000_rgb
0,0.22917284927077147,34.01541189577036,0.24196223716371093,34.02786229440888,spitzer_03300+0000_rgb
0,0.06099609314003906,32.03149887036209,0.10424869687417969,32.07490837513633,spitzer_03300+0000_rgb
0,0.2243741839541748,34.39700674058722,0.23589469165146973,34.40827155167249,spitzer_03300+0000_rgb
0,0.1143492013304663,34.205568347319314,0.12892455925762938,34.22007276205058,spitzer_03300+0000_rgb
0,0.13337540556728758,34.038289662468664,0.14975146334623535,34.054531524285416,spitzer_03300+0000_rgb
0,-0.7354281339217602,45.36703840778795,-0.6989178803806128,45.40258072514086,spitzer_04500+0000_rgb
0,0.030340413108054198,43.73692253867244,0.09690966699965331,43.80161654844217,spitzer_04500+0000_rgb
0,-0.5635524439087463,44.76032112869887,-0.5325441841276831,44.79091862188248,spitzer_04500+0000_rgb
0,-0.8598048416623681,44.30040088590224,-0.795246085797539,44.364680995936524,spitzer_04500+0000_rgb
0,-0.8091132731588672,43.87863461407824,-0.7892540204277722,43.89924838340335,spitzer_04500+0000_rgb
0,-0.4115017048693579,45.923782624225716,-0.38801204039071285,45.94684959990651,spitzer_04500+0000_rgb
0,-0.521320795568042,45.39537849539517,-0.4967499950325,45.419382157264515,spitzer_04500+0000_rgb
0,0.09689762272894042,43.71843621073231,0.13289200713462157,43.754106783292265,spitzer_04500+0000_rgb
0,-0.2946607229648511,45.814488761386365,-0.2738975395787329,45.8354632077912,spitzer_04500+0000_rgb
0,0.41623485911890135,46.08681578503028,0.4346427365389892,46.105249500666254,spitzer_04500+0000_rgb
0,-0.45555378776217037,45.18431184711522,-0.42593912334477535,45.213140541488386,spitzer_04500+0000_rgb
0,-0.5014943797506811,45.07784326094032,-0.4806422477977441,45.09858414614958,spitzer_04500+0000_rgb
0,-0.27336816132881836,46.44659992042983,-0.20391235147650147,46.5158614757268,spitzer_04500+0000_rgb
0,-0.6555244481973596,43.51349448101089,-0.6375587908249328,43.531067071981,spitzer_04500+0000_rgb
0,0.12810034051587157,45.05603417912716,0.1510400375520996,45.078443521350984,spitzer_04500+0000_rgb
0,-0.3910795859329541,45.946898224580494,-0.3649901493448901,45.97348843427553,spitzer_04500+0000_rgb
0,0.5236806588256934,44.406542811924155,0.5475507757744922,44.429173020031186,spitzer_04500+0000_rgb
0,0.519287592463374,46.16044684711949,0.5464129177129541,46.186683134292025,spitzer_04500+0000_rgb
0,-0.7486038336597949,45.33724478829422,-0.6696702406991308,45.41790225819077,spitzer_04500+0000_rgb
0,0.5412446234938036,46.206861600887116,0.5526813095773535,46.21792794599129,spitzer_04500+0000_rgb
0,0.44916828977915035,44.36845410787796,0.46722639506731933,44.3861482808781,spitzer_04500+0000_rgb
0,-0.11269400928972656,46.15499986637969,-0.08914623934291259,46.17868870891624,spitzer_04500+0000_rgb
0,0.3812963829057861,43.80121941302947,0.40540526938344723,43.825034191437155,spitzer_04500+0000_rgb
0,-0.045826334177153316,45.532909011597994,-0.025453775787128905,45.55383698990434,spitzer_04500+0000_rgb
0,0.32412890300871094,44.483972498649855,0.3551132776988672,44.51373014809187,spitzer_04500+0000_rgb
0,-0.5894455100560656,44.69862484025334,-0.5691236108452221,44.71907519812175,spitzer_04500+0000_rgb
0,-0.1345316555557251,43.785846040787376,-0.10161734924424316,43.81907162639262,spitzer_04500+0000_rgb
0,0.05020662384689209,45.40630688070256,0.08421183184017333,45.43933601448685,spitzer_04500+0000_rgb
0,-0.2892221650765283,43.956769867203136,-0.26605061582907713,43.9797846781709,spitzer_04500+0000_rgb
0,0.005785318952563476,43.51722853045271,0.02000642883639404,43.531111993855546,spitzer_04500+0000_rgb
0,-0.39162442642229733,45.75680280818718,-0.35937605434894776,45.788434399667736,spitzer_04500+0000_rgb
0,-0.10515437720366455,43.97286280324012,-0.09399682523190674,43.984199066147596,spitzer_04500+0000_rgb
0,-0.8316739825686768,44.32558724632746,-0.8002561768932714,44.35594857414885,spitzer_04500+0000_rgb
0,0.1181845691306543,45.46207193548345,0.1413020819203125,45.4853538362923,spitzer_04500+0000_rgb
0,0.10306583555788329,43.45568035398486,0.12328466673590331,43.475146174102704,spitzer_04500+0000_rgb
0,-0.13785099146003174,44.23341179152005,-0.11943652224313477,44.25156136816147,spitzer_04500+0000_rgb
0,-0.11166731659166015,45.40849495034213,-0.09648933822781494,45.42276871322023,spitzer_04500+0000_rgb
0,-0.3044051890132397,45.80813589686656,-0.2837906872662598,45.82989672021666,spitzer_04500+0000_rgb
0,0.12213452026302977,45.09199121001759,0.17671467922243653,45.14827831882972,spitzer_04500+0000_rgb
0,-0.9849649966607665,44.584122562752526,-0.9558230291787487,44.61401448953694,spitzer_04500+0000_rgb
0,-0.010660725804851074,45.535478266129594,0.0019965820112841795,45.54814086365921,spitzer_04500+0000_rgb
0,0.08601830968669189,44.2545800855792,0.10866699110083007,44.27727572337307,spitzer_04500+0000_rgb
0,-0.40297729089210205,45.530843256410314,-0.38835855731433105,45.54496996525342,spitzer_04500+0000_rgb
0,0.47975813322325195,44.031469247966555,0.5015729116509374,44.05283529592998,spitzer_04500+0000_rgb
0,-0.1387950832474658,44.03601579740026,-0.1268191719088916,44.04802523738433,spitzer_04500+0000_rgb
0,-0.5199186145924805,45.980825551715185,-0.49899201974966306,46.002506174870774,spitzer_04500+0000_rgb
0,0.13800178898456542,45.474924637177836,0.15479247892082518,45.49171597815576,spitzer_04500+0000_rgb
0,-0.1405133449490332,46.133474313209526,-0.12863077670848388,46.14526960117751,spitzer_04500+0000_rgb
0,0.12867105991120606,43.782308605926914,0.14878092299135742,43.801384777611155,spitzer_04500+0000_rgb
0,0.28126887739564455,46.10263516149969,0.29341405956585936,46.11489488631199,spitzer_04500+0000_rgb
0,-0.1634991845629248,44.28556966860263,-0.14896638848429442,44.300061530436885,spitzer_04500+0000_rgb
0,-0.7548935471385644,45.13040576041469,-0.742690544330907,45.142382485555345,spitzer_04500+0000_rgb
0,-0.5342282254519884,44.27023780026637,-0.5155206654177099,44.28871094461289,spitzer_04500+0000_rgb
0,-0.13449869657167968,44.68078206699426,-0.12226212442842041,44.692607424948925,spitzer_04500+0000_rgb
0,-0.4522976028988989,44.79738134968244,-0.4319499468523755,44.817723960156094,spitzer_04500+0000_rgb
0,-0.7502851894372522,44.673358401703915,-0.7299957202391052,44.693721194469035,spitzer_04500+0000_rgb
0,0.049534179192158204,44.191258471629084,0.15389029794026365,44.298120612487544,spitzer_04500+0000_rgb
0,0.10225406798787597,43.551400405110996,0.13101985546063477,43.58153093866386,spitzer_04500+0000_rgb
0,-0.831479483872705,44.29795768931209,-0.8135759602887195,44.31581983106055,spitzer_04500+0000_rgb
0,-0.6523336523308301,45.03065608693302,-0.6362871437022326,45.04633707635955,spitzer_04500+0000_rgb
0,-0.3581608037100586,45.79798452978057,-0.3430989549023437,45.812834383147695,spitzer_04500+0000_rgb
0,-0.24091991946580077,44.515904301715956,-0.2082287576833374,44.54805924931107,spitzer_04500+0000_rgb
0,-0.016561848792714842,45.66812084292817,0.0015805663904443358,45.685943352515565,spitzer_04500+0000_rgb
0,0.24548941811802244,46.0761612441212,0.25459830474568357,46.08533914116484,spitzer_04500+0000_rgb
0,0.4113081013556689,45.18981575331018,0.41935432523354,45.19776155401197,spitzer_04500+0000_rgb
0,0.06647094660091553,56.14803809445712,0.08549649979607665,56.166953458851296,spitzer_05700+0000_rgb
0,-0.19393660287834227,56.06540951455424,-0.17227685374598145,56.08781592709059,spitzer_05700+0000_rgb
0,-0.30654386086685304,57.50656021628856,-0.2505790176765014,57.562013910395486,spitzer_05700+0000_rgb
0,0.8988468334594482,58.11186449083448,0.9223738514533447,58.13560208011533,spitzer_05700+0000_rgb
0,0.6663193292743066,55.702272473914775,0.6882586194194971,55.724615898170505,spitzer_05700+0000_rgb
0,-0.16467219887411133,56.23997380317318,-0.1474446599838867,56.25665821055842,spitzer_05700+0000_rgb
0,-0.495310460541687,56.43948307852184,-0.47423152195039303,56.46039242076066,spitzer_05700+0000_rgb
0,-0.15962898603391845,57.28014436568814,-0.14145597189273193,57.29798844103053,spitzer_05700+0000_rgb
0,-0.03752685509348144,56.406941412180586,-0.014529703630744628,56.42890788331509,spitzer_05700+0000_rgb
0,0.2150821918595947,57.56354337001561,0.23054426852789062,57.579054112048,spitzer_05700+0000_rgb
0,-0.11693505742439941,56.23864779407185,-0.0828912752127539,56.272609382273906,spitzer_05700+0000_rgb
0,0.40280826420108395,56.379551926777395,0.4522804316751123,56.42843441326774,spitzer_05700+0000_rgb
0,0.3444554002012793,57.1410421535375,0.360637528945708,57.15700016119042,spitzer_05700+0000_rgb
0,-0.1758391909499414,56.25009864031151,-0.15554394375706054,56.270739590625936,spitzer_05700+0000_rgb
0,0.06056844014952392,56.135659188330905,0.09511612860613036,56.17137777521331,spitzer_05700+0000_rgb
0,-0.13543155789047606,55.54910841294642,-0.12101155477946776,55.56286622530884,spitzer_05700+0000_rgb
0,-0.5689774113024133,56.79161849166715,-0.5534821721995532,56.80634147329075,spitzer_05700+0000_rgb
0,-0.245110430491604,56.962692708706406,-0.2238374814855835,56.98338444027032,spitzer_05700+0000_rgb
0,0.2819088513475781,57.76677074428542,0.29968586939897457,57.785215486939514,spitzer_05700+0000_rgb
0,0.42111620672633787,55.96889340223815,0.4397060502904394,55.98723454788807,spitzer_05700+0000_rgb
0,-0.5788071231181787,56.26309831466068,-0.5601889999319641,56.2814534577063,spitzer_05700+0000_rgb
0,-0.2919575166116748,57.52613353966054,-0.2612071913983447,57.555468418924484,spitzer_05700+0000_rgb
0,-0.19799259242111572,56.20242725406948,-0.17673770982116455,56.22415967572715,spitzer_05700+0000_rgb
0,0.42312190332086425,58.469391312210384,0.43673648651805175,58.482940323305364,spitzer_05700+0000_rgb
0,-0.3513151006535156,56.228742846254235,-0.3316030240277197,56.24907862079046,spitzer_05700+0000_rgb
0,0.09802978417595215,58.08304092341438,0.1182021472554785,58.10337157099753,spitzer_05700+0000_rgb
0,-0.38029516221267334,56.415604498031456,-0.3646822066396362,56.431753749172046,spitzer_05700+0000_rgb
0,-0.22006323022124266,57.09959667869153,-0.18509700335736326,57.135065753857674,spitzer_05700+0000_rgb
0,-0.1425854477928955,55.63694955790134,-0.12143106974923096,55.65730242228114,spitzer_05700+0000_rgb
0,-0.14684220230761963,56.05003158502052,-0.08711767491007323,56.11104753493119,spitzer_05700+0000_rgb
0,-0.35545442352878903,55.53836524899135,-0.33313354159053954,55.55982553523508,spitzer_05700+0000_rgb
0,-0.19756860153993897,56.057813648744784,-0.15695613449814697,56.09892839442738,spitzer_05700+0000_rgb
0,0.14326814635377685,58.42218163657571,0.15941707197353758,58.439070654147706,spitzer_05700+0000_rgb
0,-0.22813313573950195,56.07862582301583,-0.20315820109341795,56.10366488526544,spitzer_05700+0000_rgb
0,0.49288443517532227,56.87231347783936,0.5146694284470557,56.893684408615236,spitzer_05700+0000_rgb
0,-0.18011360496969725,56.234772794110604,-0.14234391133697752,56.27256657628475,spitzer_05700+0000_rgb
0,0.025999023177509763,57.78292650584261,0.06008430929499023,57.8153171305187,spitzer_05700+0000_rgb
0,0.2819342419723242,57.44358609582456,0.3325932583928174,57.496228592042925,spitzer_05700+0000_rgb
0,-0.13395328642088378,55.66080697953777,-0.11657617070923827,55.67763282572367,spitzer_05700+0000_rgb
0,-0.6198418313666858,316.49758823116997,-0.5838213646044946,316.5317646631199,spitzer_31800+0000_rgb
0,0.20256200969312987,319.19863601503187,0.269437497305625,319.26702808384664,spitzer_31800+0000_rgb
0,-0.1563771143216455,318.7637222417117,-0.13434472521905272,318.78593643419794,spitzer_31800+0000_rgb
0,0.0806754549224121,317.3847778381835,0.11726814661377685,317.4201840878294,spitzer_31800+0000_rgb
0,-0.38276781843794677,317.4200581112682,-0.30114111026983886,317.49999284354175,spitzer_31800+0000_rgb
0,0.1495595688169043,316.7690768352259,0.1718779279687207,316.79116505115087,spitzer_31800+0000_rgb
0,-0.4037583781238745,318.19410074675693,-0.38335261660918213,318.21451033314133,spitzer_31800+0000_rgb
0,-0.6327169533082471,316.4867780099239,-0.5659555200565906,316.5538483217532,spitzer_31800+0000_rgb
0,-0.7814005455714111,317.95123079475854,-0.7189687428103124,318.01648404931433,spitzer_31800+0000_rgb
0,-0.060864419964272456,316.7737535929916,0.0038007812119921873,316.8376136183947,spitzer_31800+0000_rgb
0,-0.41600740143888426,319.08240863989204,-0.28034700240486327,319.21280624194094,spitzer_31800+0000_rgb
0,0.1239154447243872,317.8400110693082,0.17865575993219238,317.895909017968,spitzer_31800+0000_rgb
0,-0.02915608694802246,319.44243561383087,-0.008222574787565917,319.46271546999196,spitzer_31800+0000_rgb
0,-0.0917883291602417,318.0531222325417,-0.07156974212284424,318.07300162687415,spitzer_31800+0000_rgb
0,-0.016770019363549805,317.9687369794793,-0.0034034016586743164,317.98209049497075,spitzer_31800+0000_rgb
0,-0.2028120910708374,316.67217384140326,-0.18440283018722167,316.69046973965783,spitzer_31800+0000_rgb
0,0.36147623336440426,316.6616803519249,0.380766760515249,316.6805755340276,spitzer_31800+0000_rgb
0,-0.022208984152910154,316.5079642076287,0.031384439790322266,316.56435125133567,spitzer_31800+0000_rgb
0,-0.457018631497522,318.0476625971796,-0.4383227495230224,318.0658751621017,spitzer_31800+0000_rgb
0,-0.45115364132179686,317.53849609836504,-0.33065111974036376,317.66300602550535,spitzer_31800+0000_rgb
0,0.10721158746955077,317.69496175435245,0.11976896039085204,317.7070166044923,spitzer_31800+0000_rgb
0,-0.5380624539292712,317.4493517307669,-0.522406326156145,317.4649213920695,spitzer_31800+0000_rgb
0,-0.44078360561820557,319.45779934251834,-0.42018065986069336,319.4781720636688,spitzer_31800+0000_rgb
0,-0.40539753826373287,318.33809504870237,-0.38695312113046876,318.3568407353639,spitzer_31800+0000_rgb
0,-0.7559338710213903,318.71794188735186,-0.7459717942980945,318.72776659428484,spitzer_31800+0000_rgb
0,-0.34192138329953614,319.1625028366823,-0.3224612597962207,319.183124296437,spitzer_31800+0000_rgb
0,5.6315103603515624e-05,318.49577221183915,0.018045491356003418,318.5145789336563,spitzer_31800+0000_rgb
0,-0.3046241831516748,319.37273509369453,-0.29010937209890625,319.38689494462716,spitzer_31800+0000_rgb
0,0.3677947554366357,317.0059575294717,0.3803242149467578,317.01857243819967,spitzer_31800+0000_rgb
0,-0.23036230238387695,318.7175143971217,-0.21769327581785888,318.73021670819264,spitzer_31800+0000_rgb
0,-0.3669195926849707,319.08968468148595,-0.3427373012601269,319.1125134979894,spitzer_31800+0000_rgb
0,-0.5283549344950964,317.4578107150573,-0.5142790475915845,317.47134798705736,spitzer_31800+0000_rgb
0,-0.3963921672600366,317.43458610591455,-0.3749967410416992,317.45522396378107,spitzer_31800+0000_rgb
0,-0.18645621558335448,318.8995701000538,-0.15187906749162597,318.93324396853217,spitzer_31800+0000_rgb
0,-0.4219546670044116,319.1227933644231,-0.3983705201048364,319.1464879849544,spitzer_31800+0000_rgb
0,-0.4299042111957495,319.1535822231647,-0.4092400675221826,319.1740951217226,spitzer_31800+0000_rgb
0,0.06270825132604248,318.20676464636983,0.17048779126387206,318.31496842132947,spitzer_31800+0000_rgb
0,-0.06665055271891113,317.886614909988,-0.04618009393924072,317.907506674102,spitzer_31800+0000_rgb
0,0.2785800753391992,317.29765349009637,0.2980382457175342,317.31686100943557,spitzer_31800+0000_rgb
0,-0.024236409262844236,319.38442885985364,0.006544840429343261,319.41472657887033,spitzer_31800+0000_rgb
0,0.2523821589345117,317.3039357165961,0.27135400119270997,317.3226499091173,spitzer_31800+0000_rgb
0,0.01080200184510498,319.33420978483497,0.03972786418605469,319.3641645574846,spitzer_31800+0000_rgb
0,-0.45853360544070554,318.9155671295162,-0.4440725053248999,318.92984866420414,spitzer_31800+0000_rgb
0,-0.46824438008318114,319.1173593638264,-0.44744661010886716,319.1387025032614,spitzer_31800+0000_rgb
0,-0.25956282292520505,317.8965820322842,-0.24394018310747315,317.912225098534,spitzer_31800+0000_rgb
0,-0.94254977491695,317.99801350913447,-0.9210424712583252,318.01960970032474,spitzer_31800+0000_rgb
0,-0.9412052925085198,317.05106657849973,-0.9257068388874627,317.0666167085526,spitzer_31800+0000_rgb
0,-0.02382674129819092,317.81743978047143,-0.005787109317128906,317.83492871258824,spitzer_31800+0000_rgb
0,-0.7226936776688965,318.30970621435085,-0.6647884861906567,318.36749088174173,spitzer_31800+0000_rgb
0,0.4537472285354443,319.08172663306294,0.46602945497512205,319.09372683639344,spitzer_31800+0000_rgb
0,-0.49732722484443603,317.05193246390775,-0.46995401548275145,317.08021013289584,spitzer_31800+0000_rgb
0,0.0037993163682568357,317.7409560572779,0.02018538391272949,317.75696826414907,spitzer_31800+0000_rgb
0,-0.7761005374863903,317.7896606466346,-0.7614615809270507,317.80412369987545,spitzer_31800+0000_rgb
0,-0.17188728669258543,318.90483751536567,-0.15407128752178711,318.9223427642141,spitzer_31800+0000_rgb
0,0.2686153944492627,316.77007325448676,0.2988613251363867,316.7995553505461,spitzer_31800+0000_rgb
0,-0.3819706993052929,319.4170922913304,-0.34818472959106933,319.4502055722493,spitzer_31800+0000_rgb
0,0.19498518685223143,317.84404524895535,0.20773486120390136,317.8565810561217,spitzer_31800+0000_rgb
0,0.0950100088155249,317.2025626707348,0.11314656462374267,317.22078223435466,spitzer_31800+0000_rgb
0,0.7119519785575634,318.4410210730637,0.7211398039865186,318.4500012975833,spitzer_31800+0000_rgb
0,-0.1916780579790527,316.6828642709839,-0.17686873195527097,316.6973431119849,spitzer_31800+0000_rgb
0,-0.7990509360199072,317.85402848453265,-0.5261996610791492,318.1155175769698,spitzer_31800+0000_rgb
0,-0.8524397701214355,317.8835358084563,-0.7935738446033239,317.942629395105,spitzer_31800+0000_rgb
0,-0.49529451002101316,317.97213346382034,-0.4737816521632251,317.9930486654341,spitzer_31800+0000_rgb
0,0.5771594994367383,316.54446388174284,0.588412754532539,316.55559278788155,spitzer_31800+0000_rgb
0,-0.1328995754939209,316.7790530721053,-0.0673325188579248,316.8422366652235,spitzer_31800+0000_rgb
0,0.30720019224049805,317.266852546394,0.3389449835897168,317.29816179087254,spitzer_31800+0000_rgb
0,-0.2798074516290088,319.199342720754,-0.24842642980740234,319.23116016428344,spitzer_31800+0000_rgb
0,-0.3803317833060571,317.1450511153203,-0.36270653934168456,317.1628561281631,spitzer_31800+0000_rgb
0,-0.2037220845513208,318.9388691312363,-0.19107275199552246,318.95145946314165,spitzer_31800+0000_rgb
0,0.6310351499396484,318.45839379424416,0.6390631446510351,318.4662993117433,spitzer_31800+0000_rgb
0,-0.14445947121165525,316.69345281254465,-0.1226787910909204,316.7147685675398,spitzer_31800+0000_rgb
0,-0.5533631129559521,337.4685091298982,-0.5166916452237085,337.50449936391334,spitzer_33900+0000_rgb
0,-0.02894612601262207,338.35207406246883,-0.007069661387636718,338.3731656963725,spitzer_33900+0000_rgb
0,-0.3779872195274194,338.273972175229,-0.3541346807034448,338.2972946033812,spitzer_33900+0000_rgb
0,0.23097118909653808,339.7667602462387,0.26628043353511227,339.80396149912184,spitzer_33900+0000_rgb
0,0.6199923440604931,338.67632438474715,0.682804192390708,338.7405214869698,spitzer_33900+0000_rgb
0,0.56433332769,338.88041748166455,0.6379221941416113,338.95274153693094,spitzer_33900+0000_rgb
0,0.29134065463867675,339.8274886798762,0.3227734342722656,339.8583570063904,spitzer_33900+0000_rgb
0,-0.3400139126154858,338.81332731306463,-0.29191666374749997,338.86139306779233,spitzer_33900+0000_rgb
0,0.07467512946158203,339.46920963072455,0.1043195790349292,339.4980497183268,spitzer_33900+0000_rgb
0,-0.36946109656580567,337.6537806124205,-0.3093621388334619,337.71276596339317,spitzer_33900+0000_rgb
0,0.2715979790548535,339.5373903754855,0.30853075863344237,339.57298436927016,spitzer_33900+0000_rgb
0,-0.41386116122597166,337.5152809393264,-0.38898681251638184,337.54034376459657,spitzer_33900+0000_rgb
0,0.17109732901819336,339.4633222609918,0.19495084440465818,339.4870475211712,spitzer_33900+0000_rgb
0,0.01441813136623535,338.09532308847383,0.030096272485495602,338.1112553799812,spitzer_33900+0000_rgb
0,0.04049096639196533,339.94702741565993,0.06378889910169433,339.9703594873667,spitzer_33900+0000_rgb
0,-0.23838118251202148,340.2470394569306,-0.1418050929829907,340.3384742908145,spitzer_33900+0000_rgb
0,0.42835432514354,338.9967661133136,0.4471617793825488,339.015543131355,spitzer_33900+0000_rgb
0,-0.5256127877126221,337.9097757270481,-0.410566727665166,338.0245973404832,spitzer_33900+0000_rgb
0,0.14275659036930907,339.09441389879544,0.17042219881661133,339.12230468627695,spitzer_33900+0000_rgb
0,0.9233134673293651,340.1001565238292,0.946279450172622,340.12189203793474,spitzer_33900+0000_rgb
0,0.5282345324780713,338.86777962371804,0.5564422144876611,338.8958225921876,spitzer_33900+0000_rgb
0,-0.42392716047427,339.0619293613599,-0.3022505666389526,339.18724202286717,spitzer_33900+0000_rgb
0,-0.3005262014218213,338.31840104848266,-0.2830696586276367,338.33549300794715,spitzer_33900+0000_rgb
0,-0.5700930525672986,339.9555557765772,-0.5272169950533508,339.99886420713375,spitzer_33900+0000_rgb
0,0.25271695710824704,339.2014536926469,0.27490722381342775,339.2234235003699,spitzer_33900+0000_rgb
0,-0.22576936623188965,338.44875700421034,-0.20495409951295898,338.46981885295804,spitzer_33900+0000_rgb
0,-0.1980679504932788,338.1097877693188,-0.17712442856729735,338.1296569097451,spitzer_33900+0000_rgb
0,-0.5648358911615369,340.44195999738054,-0.5469011989580712,340.4604063472937,spitzer_33900+0000_rgb
0,-0.2041267069431079,340.05507428957947,-0.13586702338091308,340.12222215674655,spitzer_33900+0000_rgb
0,-0.000615966790715332,338.55482194455595,0.04561319941365967,338.60095068758426,spitzer_33900+0000_rgb
0,0.3378434211007324,338.89011523547384,0.3609754195673291,338.9134448250843,spitzer_33900+0000_rgb
0,-0.47429394056956053,337.91070183380964,-0.4542704218895874,337.92968669690106,spitzer_33900+0000_rgb
0,0.779041496115835,338.70443782847644,0.8018928956269042,338.7267911811175,spitzer_33900+0000_rgb
0,-1.0191103006812927,339.5478344671779,-1.0017047018970153,339.56528612715965,spitzer_33900+0000_rgb
0,0.08105802327796142,339.5704967390867,0.09884773664173095,339.58828515036714,spitzer_33900+0000_rgb
0,0.48108072435585936,338.8837775076726,0.5034285431427978,338.90641959729,spitzer_33900+0000_rgb
0,0.3820139935756933,338.91306868576515,0.40479654543120114,338.9364210618337,spitzer_33900+0000_rgb
0,-0.37273917270489987,337.5877929828721,-0.35939542283833736,337.6005061988908,spitzer_33900+0000_rgb
0,-0.28064900435496826,340.32045502423034,-0.26407356506759766,340.33679427781044,spitzer_33900+0000_rgb
0,0.005939859966643066,339.1483216131001,0.023730061611657714,339.1660221337564,spitzer_33900+0000_rgb
0,-0.02812508109895752,339.2883300752417,-0.008753092360385743,339.3081138478303,spitzer_33900+0000_rgb
0,0.05355403592279297,337.71996713519616,0.07352246020227539,337.7401048303073,spitzer_33900+0000_rgb
0,-0.3323251106090405,337.48610873909723,-0.2631403782279712,337.5565647930802,spitzer_33900+0000_rgb
0,-0.012408203000917968,338.5866570679355,0.00031429036144042967,338.5992156615599,spitzer_33900+0000_rgb
0,-0.2126845681856543,338.3956988992722,-0.1901154766144702,338.4176951555626,spitzer_33900+0000_rgb
0,0.007211588469550781,339.7617110112631,0.021004557081621092,339.7758331628146,spitzer_33900+0000_rgb
0,-0.43118196183401364,339.1085371082896,-0.3618579879178784,339.1784453107156,spitzer_33900+0000_rgb
0,-0.15125846202908202,340.0503648983505,-0.11677392461351074,340.08480280490716,spitzer_33900+0000_rgb
0,-0.0676112460686792,340.2473970008724,-0.04560009720024902,340.2697934443333,spitzer_33900+0000_rgb
0,-0.10773388564141113,338.34436963546256,-0.08009521404279785,338.37200130836334,spitzer_33900+0000_rgb
0,0.08170442626628906,337.98546192420787,0.0961554352363623,337.99977865583554,spitzer_33900+0000_rgb
0,-0.23944132247537842,340.0431833798676,-0.22295532003607177,340.05903836017785,spitzer_33900+0000_rgb
0,-0.16459985186962645,337.9110916450037,-0.1473142075112329,337.92921420341617,spitzer_33900+0000_rgb
0,0.13216357289711425,338.6181429074644,0.15538175300347412,338.6413973017631,spitzer_33900+0000_rgb
0,0.13026375195257078,338.27903272205344,0.15249422048026612,338.30100261115666,spitzer_33900+0000_rgb
0,0.4015556600469433,338.8379923518805,0.4189059202901074,338.8557571629008,spitzer_33900+0000_rgb
0,0.06214005471714111,339.7178127369625,0.0838737784581372,339.7389975512038,spitzer_33900+0000_rgb
0,-0.5977027121219312,340.4062024904139,-0.5645480493675402,340.4394127460225,spitzer_33900+0000_rgb
0,0.0024109700279736327,339.2311489234698,0.01708317040208496,339.24577742267246,spitzer_33900+0000_rgb
0,-0.37156916946139157,340.22765926913615,-0.360410559546936,340.2388961871553,spitzer_33900+0000_rgb
0,0.304274899301001,339.6924645926847,0.32655110350532224,339.7156850514369,spitzer_33900+0000_rgb
0,0.46189534043312985,340.09988479531626,0.48464403812230955,340.12197769060316,spitzer_33900+0000_rgb
0,-1.0163452657154535,338.76419205964976,-1.0012314149551336,338.778902345961,spitzer_33900+0000_rgb
0,-0.09205273345447265,338.90920052174135,-0.025332275137302244,338.9778453778257,spitzer_33900+0000_rgb
0,0.3722934533083154,340.0934932345078,0.5894212180641211,340.31412659411785,spitzer_33900+0000_rgb
0,-0.16657690263110594,338.33632617851174,-0.15367057137996093,338.34910742838395,spitzer_33900+0000_rgb
0,-0.20366227009879392,340.2973708569807,-0.15970019371549804,340.34005200889766,spitzer_33900+0000_rgb
0,0.21049185987424804,337.5416998843747,0.23189973726433594,337.56259246229075,spitzer_33900+0000_rgb
0,0.08130183837968993,339.20322061971257,0.09296891183072753,339.21480354602903,spitzer_33900+0000_rgb
0,0.018037109194628906,338.86434147271075,0.030696614276367187,338.87699397909466,spitzer_33900+0000_rgb
0,0.08346476153514404,339.16535855954436,0.10642008357121581,339.18806412572354,spitzer_33900+0000_rgb
0,0.01535734034121826,337.99355697621024,0.03605843062899902,338.0142229916286,spitzer_33900+0000_rgb
0,0.07435025967316405,339.56913296956907,0.108491698133833,339.6026691020462,spitzer_33900+0000_rgb
0,0.12669392776951904,340.1195683074892,0.1422683091241919,340.13545376468716,spitzer_33900+0000_rgb
0,-0.3672550419003662,337.62104493566454,-0.3362785610903393,337.6524785291002,spitzer_33900+0000_rgb
0,-0.9860517276069305,338.781171388907,-0.9705766707955352,338.7967436543763,spitzer_33900+0000_rgb
0,0.12406681191037353,337.6168867325811,0.14536572120259278,337.6377200657061,spitzer_33900+0000_rgb
0,0.008791178297504882,338.5767425172534,0.029901936549938963,338.5975128620978,spitzer_33900+0000_rgb
0,-0.32346248048933346,339.0393919266894,-0.3084734669673486,339.0539921869601,spitzer_33900+0000_rgb
0,-0.018261230286137693,339.0019837239385,-0.004266764280249023,339.0161635740571,spitzer_33900+0000_rgb
0,-0.06680989516523438,340.0571025284915,-0.044729654500620115,340.07942336973963,spitzer_33900+0000_rgb
0,0.38947558204274413,338.89884326273034,0.39799901945750976,338.90700000093,spitzer_33900+0000_rgb
0,0.4706495721164209,340.01206965133764,0.499099929904834,340.04078522722233,spitzer_33900+0000_rgb
0,-0.375525061348916,337.83394385931683,-0.35668163705818356,337.8532456169363,spitzer_33900+0000_rgb
0,-0.1515983871558911,338.55065023235807,-0.11718058151048584,338.5841603231688,spitzer_33900+0000_rgb
0,1.0271404519681786,339.3994390422296,1.0361741432840919,339.4084593058112,spitzer_33900+0000_rgb
0,0.019062825330205077,339.7712062911161,0.02823404919682617,339.7804947024815,spitzer_33900+0000_rgb
0,0.5121106719622266,340.23605184717724,0.5355304308426123,340.25967169964287,spitzer_33900+0000_rgb
0,-0.4076421671475366,339.5499339137715,-0.3932492636456323,339.56354825282807,spitzer_33900+0000_rgb
0,-0.06714444919834717,337.978895680784,-0.05440901638299316,337.9916333108649,spitzer_33900+0000_rgb
0,-0.032382161134511714,337.6833203256668,-0.013824951033625488,337.7027894009929,spitzer_33900+0000_rgb
0,-0.43922810433167725,339.3409619106529,-0.42696557190221923,339.3531145798022,spitzer_33900+0000_rgb
0,0.8985670483059961,340.06870270741194,0.9204716704827831,340.09148440477526,spitzer_33900+0000_rgb
0,0.9093393463753564,340.12546910495627,0.9256412667852538,340.14160114418297,spitzer_33900+0000_rgb
0,-0.29432209992136227,338.43402751217013,-0.23868277756108885,338.49107324727674,spitzer_33900+0000_rgb
0,-0.5125318145361402,337.77609604088485,-0.5005988719471363,337.7881884886806,spitzer_33900+0000_rgb
0,0.5508403265228466,338.80983528836,0.6961666597049999,338.95761328167384,spitzer_33900+0000_rgb
0,0.29974283554423825,339.6935360444969,0.30821744483449215,339.7017132905089,spitzer_33900+0000_rgb
0,0.19477424935434082,338.3640963605257,0.21761718532382812,338.38632764285546,spitzer_33900+0000_rgb
0,-0.21522428170192381,338.0838151133285,-0.13039013541484862,338.16759587420944,spitzer_33900+0000_rgb
0,0.00857641592986084,338.0661180106409,0.02300496396265869,338.08011719669884,spitzer_33900+0000_rgb
0,0.03534480758926025,338.4703157605052,0.047160644059643556,338.482616867153,spitzer_33900+0000_rgb
0,-0.5536306910782763,339.373737626471,-0.5313343045824902,339.396021968696,spitzer_33900+0000_rgb
0,-0.025922607162648926,340.4152620301182,-0.01622021468154785,340.4252030497128,spitzer_33900+0000_rgb
0,-0.028264322634023436,340.1622731410465,-0.01674096662946533,340.17362185512576,spitzer_33900+0000_rgb
0,-0.32289900393246823,337.50141798373585,-0.2924230113986865,337.5328616683172,spitzer_33900+0000_rgb
0,0.839649731186836,338.79268017785444,0.8485279863063867,338.8015444355783,spitzer_33900+0000_rgb
0,0.6082272074593945,338.9178580737381,0.6411215756200341,338.9494342452973,spitzer_33900+0000_rgb
0,0.9169570220804296,340.0588310847893,0.9370851143270654,340.0783140354408,spitzer_33900+0000_rgb
0,0.1096837554135791,35.2475097731499,0.13114819204789305,35.26873910236469,spitzer_03600+0000_rgb
0,-0.14669099788204834,36.83592862119801,-0.1231841621796167,36.85923981888156,spitzer_03600+0000_rgb
0,-0.5111478627270629,35.01088786796404,-0.46142162624515864,35.06010873335725,spitzer_03600+0000_rgb
0,0.2888845999757373,34.94808464593582,0.38537646098998535,35.04435971007724,spitzer_03600+0000_rgb
0,0.676354159903125,37.33532807095661,0.7022988211020117,37.36159223085022,spitzer_03600+0000_rgb
0,-0.09703775944628906,37.24433527401498,-0.06727897068137695,37.27521318304865,spitzer_03600+0000_rgb
0,-0.6613289728788977,34.68477996106887,-0.6397117449049657,34.70671062491206,spitzer_03600+0000_rgb
0,-0.437554194843208,37.185807849470045,-0.420137528350708,37.202924060236384,spitzer_03600+0000_rgb
0,-0.30390331727346676,36.90881448472696,-0.2838699515883838,36.928414419426794,spitzer_03600+0000_rgb
0,-0.038233967716618654,35.58241683360291,-0.014967040865954588,35.60521907946864,spitzer_03600+0000_rgb
0,-0.41733658436830073,34.594679376032374,-0.4046504679587036,34.607528334237216,spitzer_03600+0000_rgb
0,-0.8789889031567254,35.65279215842,-0.8166819172889098,35.71487760701789,spitzer_03600+0000_rgb
0,-0.006033040304252929,35.52449740058836,0.02765470349949463,35.558412276551294,spitzer_03600+0000_rgb
0,-0.2386800920142407,36.979891713833894,-0.21651822700148438,37.00232107558877,spitzer_03600+0000_rgb
0,0.7952610597557226,35.129496427975866,0.8137275309252245,35.147769214251475,spitzer_03600+0000_rgb
0,0.17249153473341797,34.471840510073264,0.19553059700302733,34.49458465047082,spitzer_03600+0000_rgb
0,-0.317727291744602,36.89788650632062,-0.2995305145828198,36.91648847553564,spitzer_03600+0000_rgb
0,-0.03495491501503418,37.034686106189596,-0.015442138517453612,37.054985544463165,spitzer_03600+0000_rgb
0,0.6644137303350293,36.2065952127778,0.7862840090642431,36.33422354809006,spitzer_03600+0000_rgb
0,-0.7938889080767358,35.04579265277124,-0.7652075525692785,35.07516602487334,spitzer_03600+0000_rgb
0,-0.05829492129205078,35.66308170909835,-0.03128873666627929,35.69022412419151,spitzer_03600+0000_rgb
0,-0.07917984946861815,35.58614274502399,0.03904589804704101,35.701847333710695,spitzer_03600+0000_rgb
0,-0.7668376795061023,35.12909115454242,-0.7518175787448449,35.14347445517984,spitzer_03600+0000_rgb
0,-0.8533025223914538,35.39783757112579,-0.8314219480659887,35.41902344330977,spitzer_03600+0000_rgb
0,-0.5235275419652453,35.04218376608858,-0.510660395284021,35.055067392261826,spitzer_03600+0000_rgb
0,-0.11406559130726074,35.74164925388559,-0.08117651286010986,35.77394319887515,spitzer_03600+0000_rgb
0,-0.09180143137365233,34.851172374769526,-0.06380688412755615,34.87857504376633,spitzer_03600+0000_rgb
0,-0.7691933516830664,34.65539779990436,-0.5746968936670935,34.84129851419118,spitzer_03600+0000_rgb
0,0.322825029323833,35.035551930217395,0.33815950182673826,35.05044076470393,spitzer_03600+0000_rgb
0,-0.08525659094430908,37.249485868038995,-0.0693987623268457,37.265364509644535,spitzer_03600+0000_rgb
0,0.44434569868154294,37.281361315311386,0.4769806267406103,37.313103054902825,spitzer_03600+0000_rgb
0,0.06584114517492187,35.56655827256358,0.07850520754828125,35.57923291436392,spitzer_03600+0000_rgb
0,0.34524901998500973,35.01737761399289,0.35752652637265137,35.029572438089694,spitzer_03600+0000_rgb
0,-0.5921977072941687,35.568440434003094,-0.5754753360421215,35.58583398851666,spitzer_03600+0000_rgb
0,0.1280846341358203,35.45307975807337,0.15099894054730223,35.47595850133416,spitzer_03600+0000_rgb
0,-0.9353959460496862,35.71423681926388,-0.920277253167019,35.729176597760315,spitzer_03600+0000_rgb
0,-0.15309863128151366,35.941695313083045,-0.14030965028961181,35.954049967907416,spitzer_03600+0000_rgb
0,0.04426066036468505,36.107463703352444,0.06225138284102783,36.126067056031,spitzer_03600+0000_rgb
0,-0.7765471113751538,35.12694727435553,-0.748637525065708,35.15528890818669,spitzer_03600+0000_rgb
0,-0.262377194641853,34.792221691765285,-0.2477997208292944,34.80655372287196,spitzer_03600+0000_rgb
0,-0.2526528295047217,35.08820899349291,-0.23384887461463622,35.10726075111489,spitzer_03600+0000_rgb
0,0.08417984941861816,36.00577034499438,0.10001700746337158,36.02143229145234,spitzer_03600+0000_rgb
0,-0.09696443587931396,37.28921369153495,-0.08510864172703857,37.301222867033346,spitzer_03600+0000_rgb
0,0.5252910103720898,37.491495794004315,0.537316563637251,37.503625341002156,spitzer_03600+0000_rgb
0,-0.44071882697302,37.22003848063816,-0.4181225544125244,37.24190825174107,spitzer_03600+0000_rgb
0,-0.23433072682335937,37.3429870064269,-0.21182682079839843,37.36467851418524,spitzer_03600+0000_rgb
0,-0.9281310128541064,35.658325361489666,-0.905437816466455,35.681272464124774,spitzer_03600+0000_rgb
0,0.008917236238952636,36.36686571898759,0.03093863901353027,36.3891645468896,spitzer_03600+0000_rgb
0,0.1583871240671704,37.30823871575876,0.1752609031953076,37.32607145890725,spitzer_03600+0000_rgb
0,0.30613818053236813,34.95511882555298,0.3172275358902246,34.966090505130765,spitzer_03600+0000_rgb
0,0.4931511994955713,36.866640453573176,0.5113190053034765,36.885175365497204,spitzer_03600+0000_rgb
0,-0.18277115702645508,34.48127735893723,-0.17039916821788328,34.493259455171575,spitzer_03600+0000_rgb
0,0.06764680921936524,35.09993441655274,0.08584195877699706,35.11848080308602,spitzer_03600+0000_rgb
0,-0.39293611260709715,35.50808252445042,-0.38325764590700684,35.51781787591557,spitzer_03600+0000_rgb
0,-0.03235489876499267,35.50059814952527,-0.01164404285230957,35.520742355052995,spitzer_03600+0000_rgb
0,-0.5614108830577661,36.194322914723436,-0.533510655472185,36.22141047955673,spitzer_03600+0000_rgb
0,-0.8608005691914733,35.672084801456236,-0.8385178138804468,35.694692223105164,spitzer_03600+0000_rgb
0,0.015112385916584472,36.39683284108376,0.03312231412190186,36.41475683178993,spitzer_03600+0000_rgb
0,-0.17807397282863524,35.78685563364186,-0.1685782860746338,35.79630387573488,spitzer_03600+0000_rgb
0,-0.8750326247132153,35.81509912294276,-0.8602952794829846,35.82968001472403,spitzer_03600+0000_rgb
0,-0.0685483391582666,34.8547099723904,-0.055826985118813476,34.86770606601044,spitzer_03600+0000_rgb
0,-0.3637241988367163,37.151851795122106,-0.34420702780792967,37.17310008592525,spitzer_03600+0000_rgb
0,0.31870116868798826,34.81413575404614,0.33411246410679196,34.82894092967934,spitzer_03600+0000_rgb
0,0.8009319581365136,35.13961817266632,0.8219872964676269,35.160572762300525,spitzer_03600+0000_rgb
0,0.1062554514114038,48.40820735268876,0.12987597526374023,48.431625728105615,spitzer_04800+0000_rgb
0,-0.08464762285144042,47.566279952253865,-0.0635679518382788,47.58684863694401,spitzer_04800+0000_rgb
0,-0.012753173700593262,48.537870925610875,0.011053629446755371,48.56171190844538,spitzer_04800+0000_rgb
0,-0.34798193011393064,49.3309448109093,-0.326862464179292,49.351975877593524,spitzer_04800+0000_rgb
0,-0.22415315531055174,49.14573688632909,-0.1948633606815747,49.17500690556764,spitzer_04800+0000_rgb
0,-0.3208904590306787,49.40096070986735,-0.2837298962512427,49.43706325874135,spitzer_04800+0000_rgb
0,0.18657568172799316,46.987243011429655,0.26001057682697754,47.056957854482505,spitzer_04800+0000_rgb
0,-0.02648600233930664,48.57174747149607,-0.0017352701649389647,48.596748529188766,spitzer_04800+0000_rgb
0,-0.017088215974951172,49.42057201745118,0.0018430989399023437,49.4399326129607,spitzer_04800+0000_rgb
0,-0.28245409873795896,49.36814549413104,-0.2504679336932373,49.401195847804445,spitzer_04800+0000_rgb
0,-0.15548412930453367,48.71509927670317,-0.12174096557946533,48.74810798405538,spitzer_04800+0000_rgb
0,0.4110135050044482,48.481494624091305,0.5480016221241504,48.6148528584348,spitzer_04800+0000_rgb
0,-0.49743171703089106,49.41022490044853,-0.47626033052385497,49.43208267814337,spitzer_04800+0000_rgb
0,-0.43619359915368894,48.66808804670453,-0.4020692505365991,48.70191397410065,spitzer_04800+0000_rgb
0,-0.4223570107503882,49.340333055444326,-0.40498721925741943,49.35816333684154,spitzer_04800+0000_rgb
0,-0.297483395462666,49.32919442437082,-0.26583162169064206,49.360610988998054,spitzer_04800+0000_rgb
0,-0.8653530797253753,47.8513982762256,-0.8359177976304052,47.88013265093826,spitzer_04800+0000_rgb
0,-0.35183625950247066,49.48512371358301,-0.33574145172071046,49.501386469768036,spitzer_04800+0000_rgb
0,0.02627091445083252,48.56299592535962,0.054094319120515134,48.59055793680275,spitzer_04800+0000_rgb
0,0.28235221071814454,48.38464159771608,0.29830142930865233,48.400485428937856,spitzer_04800+0000_rgb
0,0.19252018036646484,48.5723452091203,0.3029368459289648,48.681416252951465,spitzer_04800+0000_rgb
0,-0.09778662011588378,49.129031564230516,-0.03289257779607422,49.19257843859505,spitzer_04800+0000_rgb
0,-0.1349821763845532,46.791179374067376,-0.11231664926745849,46.81313347541033,spitzer_04800+0000_rgb
0,0.3131551075455322,47.17658968922369,0.33152375970559567,47.19451465649235,spitzer_04800+0000_rgb
0,0.36250699507284667,48.366997310783155,0.3844674440719922,48.38902367775039,spitzer_04800+0000_rgb
0,-0.2694759087635742,49.45132861911301,-0.23439387786439453,49.486530935045174,spitzer_04800+0000_rgb
0,-0.3800651003660156,49.17017715301177,-0.3277531705505932,49.222309781884974,spitzer_04800+0000_rgb
0,0.4985984650660986,49.47645068408803,0.5182410429946728,49.49593571502111,spitzer_04800+0000_rgb
0,-0.29727148140228515,48.903398713296745,-0.2644513319909033,48.93602045776219,spitzer_04800+0000_rgb
0,-0.5490560247828772,48.838552644609265,-0.5371066840820581,48.85067821414947,spitzer_04800+0000_rgb
0,-0.3466495733564209,49.51852278907503,-0.32888402991428467,49.53584978602293,spitzer_04800+0000_rgb
0,0.25705387112737793,49.4369274758651,0.2765900037445166,49.45716980557804,spitzer_04800+0000_rgb
0,0.3608346318083203,48.56269327236786,0.38351204043571285,48.58503978907148,spitzer_04800+0000_rgb
0,0.23600601977535643,48.793354402873746,0.25214908602017577,48.80959211429991,spitzer_04800+0000_rgb
0,0.23011230238637695,47.03637370755293,0.24469954182383788,47.05072250298236,spitzer_04800+0000_rgb
0,-0.4981315868155591,49.38589420204275,-0.47630932140878174,49.40856466283493,spitzer_04800+0000_rgb
0,0.19880810348066894,49.52850636288876,0.2118837869436621,49.540992250927154,spitzer_04800+0000_rgb
0,-0.40198111577185547,49.473927211009425,-0.38274071882884275,49.493913661004875,spitzer_04800+0000_rgb
0,-0.3574405074933032,48.727422030486196,-0.3345071581132617,48.748795972329745,spitzer_04800+0000_rgb
0,-0.46746915222635005,49.268670499194805,-0.37211938104443115,49.36550071876687,spitzer_04800+0000_rgb
0,0.9783808495911913,49.066637684646125,0.9907524314987255,49.07877517638673,spitzer_04800+0000_rgb
0,0.3412133754941162,47.25703093190886,0.36300308881788573,47.27840186268473,spitzer_04800+0000_rgb
0,-0.1750650210358081,49.375137579835865,-0.16234602702237305,49.38742562496038,spitzer_04800+0000_rgb
0,-0.4831521761580615,49.418194077614935,-0.44927571165307617,49.45272783988353,spitzer_04800+0000_rgb
0,-0.3719543419835815,49.48561379536522,-0.3638281213617187,49.49405115795174,spitzer_04800+0000_rgb
0,0.24488329833241698,48.77068684125147,0.260466631509917,48.785739005814484,spitzer_04800+0000_rgb
0,-0.2626638157327368,49.479638301040204,-0.2512770157163965,49.49094502801861,spitzer_04800+0000_rgb
0,0.21365022572808104,47.001542490453325,0.2480737279880127,47.035305348188615,spitzer_04800+0000_rgb
0,-0.4396704871397534,49.39457554757768,-0.4179986937366797,49.41632140714212,spitzer_04800+0000_rgb
0,0.03623925745010742,48.584603509778965,0.05762141869461914,48.606027663210554,spitzer_04800+0000_rgb
0,0.36286702111091307,46.93635515386561,0.38164680607936524,46.95474105862967,spitzer_04800+0000_rgb
0,-0.06155175719698242,49.27865275820957,-0.04704288689936279,49.29262653329769,spitzer_04800+0000_rgb
0,0.267370928315874,48.745171053746205,0.28455859090441404,48.762238680528654,spitzer_04800+0000_rgb
0,0.48740868653216307,47.08461377868511,0.5050016225541504,47.10262566001541,spitzer_04800+0000_rgb
0,-0.3398371548047534,49.46419192057944,-0.3210467090291162,49.48341627544904,spitzer_04800+0000_rgb
0,0.47511978691546874,47.093507333283675,0.48736620606383785,47.105595223787795,spitzer_04800+0000_rgb
0,0.06999690685211425,47.62858089564128,0.08264241453815918,47.64129508822246,spitzer_04800+0000_rgb
0,0.5091495717314208,48.88904064052365,0.5244283801723828,48.90417377839316,spitzer_04800+0000_rgb
0,0.5982197205803027,48.628754469623914,0.6136311787595214,48.64400284186726,spitzer_04800+0000_rgb
0,-0.3910100872357324,49.43688865750612,-0.33658918934244136,49.48968727656634,spitzer_04800+0000_rgb
0,-0.04110026000566406,49.43216639803185,-0.028063150761035154,49.44532685932603,spitzer_04800+0000_rgb
0,-0.06742805922155273,46.81104135303542,-0.04459521439779785,46.83244092964434,spitzer_04800+0000_rgb
0,-0.43086848527464844,49.314635464555465,-0.40818367104837155,49.33633681931892,spitzer_04800+0000_rgb
0,-0.4097594360065722,49.04159434993562,-0.3895620078231299,49.061956735799704,spitzer_04800+0000_rgb
0,-0.39185782485746334,49.101606312226124,-0.3724558882025244,49.12066087746527,spitzer_04800+0000_rgb
0,0.5073683217492334,48.5930692486266,0.5234798124735351,48.609119785575466,spitzer_04800+0000_rgb
0,-0.4540007278818676,48.903114655682394,-0.4316914019330859,48.926615957530714,spitzer_04800+0000_rgb
0,-0.5539226018826489,48.715974276694425,-0.19419457813617919,49.09778014038939,spitzer_04800+0000_rgb
0,0.7592361577722216,48.21500699654785,0.7670193608193896,48.222643877981895,spitzer_04800+0000_rgb
0,-0.363287594023374,49.440533351480084,-0.3405989549273437,49.46342266399533,spitzer_04800+0000_rgb
0,-0.5533796331380786,337.4684972489055,-0.5166899362393506,337.504503814911,spitzer_33600+0000_rgb
0,-0.3886262981970703,336.85868244584026,-0.36498241822517574,336.88196788668813,spitzer_33600+0000_rgb
0,-0.7957164633970019,335.59391764728997,-0.7714361902023047,335.61746224340874,spitzer_33600+0000_rgb
0,-0.4118102172360644,337.51766060900957,-0.38966519792626464,337.5407009479312,spitzer_33600+0000_rgb
0,0.4251137652801123,334.6259394668656,0.4573697870929687,334.6580918102941,spitzer_33600+0000_rgb
0,0.3187913379579199,337.287748624004,0.3506220668062793,337.318998827142,spitzer_33600+0000_rgb
0,-0.16834260899365722,335.28158041083003,-0.15201480967776854,335.29794320363516,spitzer_33600+0000_rgb
0,-0.8327194334045763,336.0132563475237,-0.8040652181963268,336.04127685505597,spitzer_33600+0000_rgb
0,-0.9824722395242358,337.0731134739694,-0.9478892320575659,337.1068290904942,spitzer_33600+0000_rgb
0,-0.15776277511508055,334.9998282977621,-0.13386824410402587,335.0231764420599,spitzer_33600+0000_rgb
0,-0.005443522080981445,336.87251594179565,0.006697428318442383,336.88431542084436,spitzer_33600+0000_rgb
0,0.0076337076059545894,335.4522669325607,0.04115445922387207,335.48508285020125,spitzer_33600+0000_rgb
0,-0.24700406654037596,335.1543920982998,-0.2222675759023242,335.17747136239194,spitzer_33600+0000_rgb
0,-0.8219541747231665,335.67912614253163,-0.8045910970973181,335.6957846710109,spitzer_33600+0000_rgb
0,-0.3908588828101611,335.187051765942,-0.37511612580613035,335.2027485431288,spitzer_33600+0000_rgb
0,-0.044883218952209473,336.82029466953145,0.018230956848940428,336.88227395764864,spitzer_33600+0000_rgb
0,0.7763082604660839,334.49665984576257,0.8443875241082079,334.56131772272016,spitzer_33600+0000_rgb
0,-0.46122362820026364,335.1066710701312,-0.443377192831853,335.12478239807507,spitzer_33600+0000_rgb
0,0.13689518092271483,336.8605583410038,0.16881021966606444,336.8926127840426,spitzer_33600+0000_rgb
0,0.5917311138743554,336.0487633458665,0.6120976501290234,336.06994954357134,spitzer_33600+0000_rgb
0,0.14681030126627195,336.2076529927151,0.1597237939756787,336.2206182432365,spitzer_33600+0000_rgb
0,-0.13780200057510497,336.35192252252244,-0.12290055215641113,336.3667797001082,spitzer_33600+0000_rgb
0,-0.11847346886734862,337.27850741315893,-0.10315014545287353,337.293937629476,spitzer_33600+0000_rgb
0,-0.2666032688183423,335.4364708715207,-0.2336112444086792,335.4690950573924,spitzer_33600+0000_rgb
0,0.09859496971717528,337.271084683741,0.13059309765240235,337.30267625650447,spitzer_33600+0000_rgb
0,-0.13444848498364012,336.6355347429936,-0.09978434145007324,336.67001895488835,spitzer_33600+0000_rgb
0,0.017142903474404295,337.001725860751,0.039792398690617674,337.0243170877386,spitzer_33600+0000_rgb
0,0.2350737281180127,336.75772468317797,0.25437971750828614,336.77682535030465,spitzer_33600+0000_rgb
0,-0.4171405394483862,335.0219738053532,-0.39617935801737303,335.04273877910384,spitzer_33600+0000_rgb
0,-0.011985270062438965,336.82947655420526,0.008638346267783203,336.8503733638921,spitzer_33600+0000_rgb
0,-0.17451342598924072,337.2403841225245,-0.15565616706322996,337.2593474808961,spitzer_33600+0000_rgb
0,-0.6642870213519213,334.7125582811036,-0.6466792334420617,334.72998568978346,spitzer_33600+0000_rgb
0,-0.0051741535940917965,337.0374144590269,0.007721354089453124,337.0500670061009,spitzer_33600+0000_rgb
0,0.1027871083471289,335.352045904917,0.12043595257168212,335.36952686177347,spitzer_33600+0000_rgb
0,0.0027476399464819333,336.786315665965,0.03660432906104004,336.8179373290602,spitzer_33600+0000_rgb
0,-0.10790307509284423,334.6823343230725,-0.07580216395552002,334.71435124983566,spitzer_33600+0000_rgb
0,0.10149999898499999,336.71595865169456,0.12328393431403564,336.73706997960846,spitzer_33600+0000_rgb
0,0.0180833331525,336.39536840424944,0.04095979776748535,336.41814867745916,spitzer_33600+0000_rgb
0,-0.26610823301600095,335.1341655360021,-0.21730533636861327,335.1824550863004,spitzer_33600+0000_rgb
0,0.20704199011708008,334.83437387233334,0.22230777772483887,334.8496118279101,spitzer_33600+0000_rgb
0,-0.5768559105725867,334.5260436345312,-0.5540095159442797,334.5482451317051,spitzer_33600+0000_rgb
0,0.08252425047684081,335.9765813804425,0.09528442287528076,335.989486653751,spitzer_33600+0000_rgb
0,-0.3773195763049292,337.44054278141164,-0.3532077601397973,337.46458469197853,spitzer_33600+0000_rgb
0,-0.2911162894065454,336.81045181481215,-0.2722547173295361,336.82910847152664,spitzer_33600+0000_rgb
0,0.20478434040007323,336.60674486697945,0.22676155372196777,336.6286463153281,spitzer_33600+0000_rgb
0,0.04261433876656494,336.9070371816848,0.06492382747576171,336.9294547026195,spitzer_33600+0000_rgb
0,-0.4077796183180371,337.41990580855486,-0.3930129355229956,337.43421204213575,spitzer_33600+0000_rgb
0,-0.07415030850328858,336.07078548106296,-0.04494856725884765,336.1003681630588,spitzer_33600+0000_rgb
0,0.40111246343679197,335.3147239651861,0.42224120671508786,335.3355229558635,spitzer_33600+0000_rgb
0,-0.31634781584693844,337.3924610151281,-0.3027995575188794,337.40639109921733,spitzer_33600+0000_rgb
0,0.19250569468952636,335.4644257866057,0.20348567504847656,335.47544189977685,spitzer_33600+0000_rgb
0,0.03405135057094482,335.3898754943825,0.04841463167731201,335.4040107481474,spitzer_33600+0000_rgb
0,-0.990855499531549,337.05789541585335,-0.9249289254837835,337.1241369109591,spitzer_33600+0000_rgb
0,-0.22812654394269286,336.8717154453844,-0.12400455605162108,336.9758743391996,spitzer_33600+0000_rgb
0,-0.292512529626958,334.65311101607307,-0.27273274466850583,334.67213998723696,spitzer_33600+0000_rgb
0,0.19432389128592772,336.19426122852616,0.20764648229853513,336.2075304341226,spitzer_33600+0000_rgb
0,0.1297950019572583,334.7997555458566,0.1441679673083203,334.8140358191513,spitzer_33600+0000_rgb
0,-0.05319514920763183,334.5184661606487,-0.04147281859568847,334.5300228011581,spitzer_33600+0000_rgb
0,-0.3727525190589331,336.0073427733641,-0.36284569949654294,336.01715836571384,spitzer_33600+0000_rgb
0,-0.15221915537885009,337.29675196050255,-0.1263736966529297,337.32362693988875,spitzer_33600+0000_rgb
0,-0.29234024772763917,335.93062158272505,-0.28055655643922606,335.9423683273992,spitzer_33600+0000_rgb
0,-0.05541105087818115,334.9665110780432,-0.038604654561870115,334.98384376016156,spitzer_33600+0000_rgb
0,0.1810880515745361,336.1043331695296,0.1939029928526367,336.117116860808,spitzer_33600+0000_rgb
0,-0.26865901424049315,335.1342412195951,-0.2500529760150952,335.15287289258583,spitzer_33600+0000_rgb
0,-0.8670704258996081,337.2697708409807,-0.8523951330776111,337.28389046974576,spitzer_33600+0000_rgb
0,-0.20232494914862548,334.83366244655923,-0.18920564589440184,334.84681023288607,spitzer_33600+0000_rgb
0,0.4555392207050244,336.8036739828487,0.47053319841966795,336.81848762202344,spitzer_33600+0000_rgb
0,-0.16875870599470458,337.2726894810882,-0.15318554534314452,337.287858405904,spitzer_33600+0000_rgb
0,-0.027733316779958495,336.98141384923537,-0.012877685418098144,336.99554385397687,spitzer_33600+0000_rgb
0,0.2320745419500879,335.60402962635555,0.2492651342260986,335.62184879935444,spitzer_33600+0000_rgb
0,-0.47731623871642087,335.1155800869692,-0.45916666207499995,335.13346094616537,spitzer_33600+0000_rgb
0,-0.7650412114251086,336.8686802484747,-0.7434458747269995,336.88977139409707,spitzer_33600+0000_rgb
0,-0.18127188946332273,336.90264240633815,-0.14734326024531738,336.9363679105582,spitzer_33600+0000_rgb
0,-0.17048950024822998,336.4514427851991,-0.13625797389783692,336.48395491052503,spitzer_33600+0000_rgb
0,-0.2773044405863306,336.45169189001433,-0.25388932037777345,336.4748502556682,spitzer_33600+0000_rgb
0,-0.4033476522165234,337.3862546146368,-0.39482193615594724,337.3948343468101,spitzer_33600+0000_rgb
0,0.027021565484992675,335.9403924159607,0.03841145794921875,335.9518798832937,spitzer_33600+0000_rgb
0,-0.14628564306839356,336.33651228504635,-0.13199641795086914,336.350848222403,spitzer_33600+0000_rgb
0,0.06965152925140136,337.03668313579203,0.08506339433165772,337.0515802710597,spitzer_33600+0000_rgb
0,0.2576516901318164,336.1108256824855,0.2774882784751172,336.130853351556,spitzer_33600+0000_rgb
0,-0.2374167456727075,336.75437027240423,-0.2143612446011792,336.77714777868687,spitzer_33600+0000_rgb
0,-0.03334147102075195,337.26734725702056,-0.016957193840844726,337.28438965593864,spitzer_33600+0000_rgb
0,-0.0583129063179126,336.96291673841773,-0.043285481337978514,336.9775376692611,spitzer_33600+0000_rgb
0,-0.4063805297903613,337.290182360145,-0.3870212363641626,337.3094383413978,spitzer_33600+0000_rgb
0,-0.09369205635474609,336.04996516877117,-0.038291747663957515,336.1048255197851,spitzer_33600+0000_rgb
0,-0.18156266094479004,334.6125979956449,-0.17281550933955322,334.6214749486811,spitzer_33600+0000_rgb
0,0.028171386437036133,336.857958813035,0.09908691307163085,336.9266035877392,spitzer_33600+0000_rgb
0,-0.21590315539305174,335.6821897818239,-0.09382551989507812,335.8091852232623,spitzer_33600+0000_rgb
0,-0.28151220421612794,336.41389680575685,-0.1408280422115112,336.5498581487983,spitzer_33600+0000_rgb
0,-0.3803123334364599,337.423171352142,-0.32697200193861325,337.4742887324088,spitzer_33600+0000_rgb
0,-0.20213175253597412,337.1170705454699,-0.15151806489106934,337.1664702438691,spitzer_33600+0000_rgb
0,0.02382429989196533,337.04194204687224,0.035524413707255856,337.05312421635676,spitzer_33600+0000_rgb
0,-0.32290111981786374,337.5014163769943,-0.29242520866428956,337.53285954532,spitzer_33600+0000_rgb
0,-0.2948835419730395,335.383757655902,-0.2842308728087329,335.39454492792953,spitzer_33600+0000_rgb
0,-0.06425146420123534,337.18444517858524,-0.05149405872985107,337.19701304955333,spitzer_33600+0000_rgb
0,-0.1471821274344287,21.340101070817738,-0.12487353390751464,21.362314693642478,spitzer_02100+0000_rgb
0,0.06715120375557129,20.31363753941571,0.08397688718106446,20.330206224145854,spitzer_02100+0000_rgb
0,-0.301320960528457,20.70306722302141,-0.2781849744316919,20.72576774362774,spitzer_02100+0000_rgb
0,0.0023495279712963868,19.7899902464751,0.03505607061298095,19.823802095095314,spitzer_02100+0000_rgb
0,-0.20224177857654052,19.492218114036152,-0.18025479962974364,19.514306655481935,spitzer_02100+0000_rgb
0,0.08526505448589111,20.97786946636714,0.10913329968991699,21.002243489560897,spitzer_02100+0000_rgb
0,-0.4577743281045483,19.49279103069709,-0.4363308875637744,19.513711603404552,spitzer_02100+0000_rgb
0,-0.1298800442741162,20.688942874204322,-0.016583902828952637,20.809287111282128,spitzer_02100+0000_rgb
0,-0.3319866503259668,19.81020183481465,-0.3101205209873364,19.83132488147842,spitzer_02100+0000_rgb
0,-0.9158878489140381,19.592997084382528,-0.8932389030142254,19.616318373211815,spitzer_02100+0000_rgb
0,-0.6659688654106237,21.415372635820233,-0.6468684424245447,21.434588455940574,spitzer_02100+0000_rgb
0,-0.0620312493796875,19.57446355592203,-0.03829068972125976,19.598068047873486,spitzer_02100+0000_rgb
0,0.07382112556387206,19.506378270144552,0.09022761954043212,19.52312208508128,spitzer_02100+0000_rgb
0,-0.05886588482800781,20.99716927086164,-0.04583642532288574,21.010181315002352,spitzer_02100+0000_rgb
0,-0.1404112127885962,21.68337100553608,-0.10652189021082274,21.715702141280477,spitzer_02100+0000_rgb
0,-0.3113383757928662,21.132043455710814,-0.2959549937852417,21.14691699071833,spitzer_02100+0000_rgb
0,0.2798662081388379,22.38334577067175,0.29831200873562985,22.40222893902133,spitzer_02100+0000_rgb
0,-0.5555691269312878,21.418132889698878,-0.5340755154925781,21.44000951708428,spitzer_02100+0000_rgb
0,-0.02783105440918945,20.37582487603342,-0.008919352124348145,20.395337408390375,spitzer_02100+0000_rgb
0,0.09218676665625732,19.88614730931561,0.11100496308265868,19.904762380744042,spitzer_02100+0000_rgb
0,0.12778222528467773,19.483473973498594,0.15162532400458006,19.50645802274792,spitzer_02100+0000_rgb
0,0.27227668998556637,19.73340984339507,0.2874038057197119,19.748389660953602,spitzer_02100+0000_rgb
0,0.4090213175243701,19.958445160155133,0.4306909136618408,19.98031934613431,spitzer_02100+0000_rgb
0,-0.01836759421736572,22.51961012020022,0.00228637693026123,22.539759012719273,spitzer_02100+0000_rgb
0,-0.14967643079490234,20.06581592731059,-0.12974633659316162,20.085359872427652,spitzer_02100+0000_rgb
0,-0.6992447032940112,20.47393604041689,-0.6819642672688989,20.49138379414866,spitzer_02100+0000_rgb
0,-0.12699137242800293,20.091403003877637,-0.11488663622092529,20.103306161310687,spitzer_02100+0000_rgb
0,-0.783084342755094,19.824143240925235,-0.7690006026615563,19.83822478375317,spitzer_02100+0000_rgb
0,-0.4884741975892163,19.84731007012065,-0.4715921176799121,19.86508432124499,spitzer_02100+0000_rgb
0,0.09440413317054198,21.911351024415136,0.12582438025217285,21.942274892921002,spitzer_02100+0000_rgb
0,-0.07949145428321044,20.710352541958976,-0.0680953769232129,20.72162044549213,spitzer_02100+0000_rgb
0,0.14684537613571289,19.468254572609123,0.16611116370347168,19.486816421381835,spitzer_02100+0000_rgb
0,-0.0033418782217895507,21.86227757926785,0.017662841620246582,21.882436473923033,spitzer_02100+0000_rgb
0,-0.16413484536385986,21.46545271344443,-0.14430069842678467,21.485127680695598,spitzer_02100+0000_rgb
0,0.07223746672554199,20.98751220715613,0.09072094635841552,21.006049641866586,spitzer_02100+0000_rgb
0,-0.16095198406756347,21.487675694993033,-0.14838688002654785,21.499961664922257,spitzer_02100+0000_rgb
0,0.10284594623716552,21.980229482385205,0.11239217010003662,21.989850698109304,spitzer_02100+0000_rgb
0,-0.16762979975599365,19.605554375923624,-0.14514892432976073,19.627993828824227,spitzer_02100+0000_rgb
0,0.07037882416600341,22.321807522589218,0.08966861889498047,22.34124038372301,spitzer_02100+0000_rgb
0,-0.12058593629414062,19.69191798183082,-0.10205729064609374,19.711397473823524,spitzer_02100+0000_rgb
0,0.10669091690184082,349.7672044394113,0.13021524934888914,349.7910686969851,spitzer_35100+0000_rgb
0,0.14987223157419433,351.6487571549708,0.17414436674813963,351.67368733050273,spitzer_35100+0000_rgb
0,0.14736612808363037,350.31921891956824,0.18301741353440917,350.3545398827567,spitzer_35100+0000_rgb
0,0.9826148990280176,350.69007308252634,1.01656297811562,350.7241171902588,spitzer_35100+0000_rgb
0,1.000745432700879,351.2424489721849,1.034112782627622,351.27602555062515,spitzer_35100+0000_rgb
0,0.5626821232794287,350.8962491872354,0.7554510015600732,351.08156900960097,spitzer_35100+0000_rgb
0,-0.6811965670812634,349.70747787750855,-0.4943058218798584,349.89116586395295,spitzer_35100+0000_rgb
0,0.9461751207465819,350.48418213406444,0.9833072818335937,350.51932975741084,spitzer_35100+0000_rgb
0,0.08654581619183349,351.7508832118922,0.1182017403544409,351.78279694855223,spitzer_35100+0000_rgb
0,0.9379104723917284,350.4654633842516,0.9653372299299608,350.49350195819,spitzer_35100+0000_rgb
0,0.7120812103271045,350.8678779310087,0.7465764899300683,350.9018691416063,spitzer_35100+0000_rgb
0,-0.46660855653183103,351.459052160123,-0.44812727416456055,351.47769221527517,spitzer_35100+0000_rgb
0,-0.08153523681485596,352.3867468733396,-0.05629549097350341,352.4109371196797,spitzer_35100+0000_rgb
0,-0.0016005859214941406,350.18485433757854,0.03260571256456787,350.218764330729,spitzer_35100+0000_rgb
0,0.46383674666371577,351.5988405701835,0.5628727157254394,351.698101555519,spitzer_35100+0000_rgb
0,0.424100093415249,349.9947254332298,0.4353027300219726,350.0059941505651,spitzer_35100+0000_rgb
0,1.0067978414945213,351.34222338524967,1.0300805561054442,351.36441308229337,spitzer_35100+0000_rgb
0,0.7885527264894726,352.47466787770935,0.8113748291258349,352.49790771512346,spitzer_35100+0000_rgb
0,0.07549487229192627,350.3036227283179,0.11423893114927734,350.3421712305366,spitzer_35100+0000_rgb
0,-0.0837583813238745,350.76147428623943,-0.06840494723261718,350.7766223980671,spitzer_35100+0000_rgb
0,0.12240706257801269,350.10832878495836,0.1348607571149341,350.1208618251976,spitzer_35100+0000_rgb
0,-0.49059748858360835,351.45203393102656,-0.4454051062230322,351.49667667146554,spitzer_35100+0000_rgb
0,-0.049493489088398436,350.8423170588685,-0.032068521814731445,350.85977864723554,spitzer_35100+0000_rgb
0,-0.04454825801805908,352.0848311659095,-0.02423071264831787,352.10616844596956,spitzer_35100+0000_rgb
0,0.11416967659267822,349.46646583564785,0.13101871613772947,349.48295281464965,spitzer_35100+0000_rgb
0,0.6061079040951709,351.6166330504743,0.7411479418072705,351.7553627040349,spitzer_35100+0000_rgb
0,0.06423160743060058,350.11548731353264,0.08337573158811767,350.13375896048535,spitzer_35100+0000_rgb
0,0.1287704251445874,350.3115984769361,0.15241446787689697,350.33470654962167,spitzer_35100+0000_rgb
0,0.6314194272795557,351.90651813872125,0.6580507746694921,351.9327726957504,spitzer_35100+0000_rgb
0,-0.02086466450489502,351.2285798316986,-0.004220052041132813,351.24575553139664,spitzer_35100+0000_rgb
0,-0.39926024991364745,352.3780020207252,-0.38332275007302247,352.39402573272315,spitzer_35100+0000_rgb
0,0.1422004380311206,351.010233723856,0.17201155426946776,351.04110839802644,spitzer_35100+0000_rgb
0,-0.1583807764109839,352.22527942703755,-0.14082983257607665,352.2436120481108,spitzer_35100+0000_rgb
0,0.39522314057901853,351.0602779941889,0.5827734316722656,351.25154117587,spitzer_35100+0000_rgb
0,-0.03655021122303955,350.77023974839136,-0.01540616846572998,350.7915926127612,spitzer_35100+0000_rgb
0,0.6671300389016162,351.2450500463776,0.688054517859038,351.266129798771,spitzer_35100+0000_rgb
0,0.8259231688241016,350.66016162449216,0.8526635656921142,350.6856687856954,spitzer_35100+0000_rgb
0,0.5100309193788574,350.95760156292397,0.5307576444320068,350.9776245119425,spitzer_35100+0000_rgb
0,-0.8412681800638806,350.7910436218812,-0.8155663574042321,350.8164025083464,spitzer_35100+0000_rgb
0,0.16037971844828613,351.54857567810797,0.17582844876254883,351.5639640243083,spitzer_35100+0000_rgb
0,-0.4580175735448242,352.3271038685649,-0.4412997188942944,352.3437030098377,spitzer_35100+0000_rgb
0,0.9887468976646142,350.31169515662265,1.0104542542183739,350.33353841812294,spitzer_35100+0000_rgb
0,0.10843530165002196,351.9093561106981,0.1276504707287036,351.92842353401005,spitzer_35100+0000_rgb
0,-1.0019668682355396,350.2171417721515,-0.934646169852757,350.2852260813665,spitzer_35100+0000_rgb
0,0.01072753895522461,350.16903939633045,0.0236320798418042,350.18191504724336,spitzer_35100+0000_rgb
0,0.6335782814246338,351.6643150975235,0.695429029504043,351.72653319585964,spitzer_35100+0000_rgb
0,-0.06270499611774169,350.38877328085186,-0.05192594349115722,350.3997089903779,spitzer_35100+0000_rgb
0,-0.8690078038099218,350.7599288760986,-0.8491586422245593,350.7791459983023,spitzer_35100+0000_rgb
0,0.6891927014414062,351.1351212551592,0.7450760016638233,351.1926870097919,spitzer_35100+0000_rgb
0,-0.3749838829689111,351.82140746248905,-0.3560931767776098,351.83957819798445,spitzer_35100+0000_rgb
0,-0.07318522062231445,352.3761244572674,-0.050055989082773436,352.3988087120048,spitzer_35100+0000_rgb
0,-0.10203141174010254,350.556841964067,-0.03959855103630615,350.61921370823495,spitzer_35100+0000_rgb
0,0.7549566981795995,350.86009147275325,0.771454582129204,350.87671370565994,spitzer_35100+0000_rgb
0,-0.526044875924447,350.2701383536528,-0.501012690302373,350.29605469453946,spitzer_35100+0000_rgb
0,0.10793473199356933,350.2889650136208,0.12940689974759764,350.3109209053283,spitzer_35100+0000_rgb
0,0.15240527191344727,349.89441146938924,0.17244986806716797,349.9146049913227,spitzer_35100+0000_rgb
0,0.8512524328937255,351.00708203117915,0.8688579014676708,351.0242810869968,spitzer_35100+0000_rgb
0,-0.45155272985947265,352.2997664461495,-0.43046443254431394,352.3207413198004,spitzer_35100+0000_rgb
0,0.1583892399525659,352.0972169079731,0.16767740717739257,352.1067755830078,spitzer_35100+0000_rgb
0,0.08968473217606933,350.3236158921805,0.109402098515354,350.34307324875675,spitzer_35100+0000_rgb
0,0.9307176013699072,351.34125813460827,0.9536773993173925,351.36452343385474,spitzer_35100+0000_rgb
0,0.8849744377648389,351.1517722966594,0.9040694896572217,351.17046956209737,spitzer_35100+0000_rgb
0,0.4935263622522363,351.6343367449587,0.52729198691458,351.6677032810834,spitzer_35100+0000_rgb
0,0.6137044209462891,351.1414130845234,0.6354514910413184,351.16302880696344,spitzer_35100+0000_rgb
0,0.771650220148081,352.523115338671,0.781266593749834,352.5324787495271,spitzer_35100+0000_rgb
0,0.6372884050854492,351.4684783481798,0.6563622981238769,351.48805769368715,spitzer_35100+0000_rgb
0,-0.8868195712099292,350.3954192768791,-0.8718530796603753,350.4103287819384,spitzer_35100+0000_rgb
0,0.22942870864321288,351.5030305125478,0.24556851967973142,351.51855362437175,spitzer_35100+0000_rgb
0,0.9272428292692383,350.4572042697509,0.9951622621837939,350.5243943732456,spitzer_35100+0000_rgb
0,-0.9411220812463311,351.30215836286385,-0.9215049956677624,351.32224194013696,spitzer_35100+0000_rgb
0,-0.8647421788525781,350.7804724956849,-0.8090021077953955,350.83714957845143,spitzer_35100+0000_rgb
0,0.9131651926912646,351.2344617489575,0.945441722316416,351.26562312559895,spitzer_35100+0000_rgb
0,0.16338736815779295,349.72507846327005,0.18294026509768066,349.7447845177605,spitzer_35100+0000_rgb
0,0.37840396757012695,351.22865673599466,0.3994568644950146,351.2502616348672,spitzer_35100+0000_rgb
0,-0.018668782365395507,350.3112327542835,0.006270589130002441,350.3359764063798,spitzer_35100+0000_rgb
0,-0.8082160156808605,351.6366342709774,-0.795696810076886,351.6488522884334,spitzer_35100+0000_rgb
0,0.2359021786305615,349.8830374460655,0.2511525039988916,349.89827458784015,spitzer_35100+0000_rgb
0,0.746283358422583,350.852649415536,0.7784158450804247,350.8841041678256,spitzer_35100+0000_rgb
0,0.07881721926391112,349.9182631944111,0.088679198331958,349.9281373805103,spitzer_35100+0000_rgb
0,-0.35653604786693116,351.582151768267,-0.3422350226193164,351.59619026096516,spitzer_35100+0000_rgb
0,0.6709330987594189,351.58263573636117,0.6889383069127002,351.60140648812654,spitzer_35100+0000_rgb
0,0.048749348470839844,350.2740442780929,0.06704972263679443,350.292424323482,spitzer_35100+0000_rgb
0,-0.2919534476012988,351.27352221406164,-0.2719025851715991,351.29392113963894,spitzer_35100+0000_rgb
0,-0.6885266451329626,349.5675999492198,-0.6715194431545971,349.5847252745694,spitzer_35100+0000_rgb
0,0.13899853376626464,351.61206241249914,0.19751220505612793,351.67178002257907,spitzer_35100+0000_rgb
0,-0.49568244947025875,350.6870826854208,-0.48539062014609374,350.69730127255826,spitzer_35100+0000_rgb
0,0.4191508747147412,349.98651791378063,0.4403546505443701,350.0075525815391,spitzer_35100+0000_rgb
0,0.4257991493878418,350.00678614274466,0.4419996700591699,350.022885100917,spitzer_35100+0000_rgb
0,-0.5555835312280187,351.7707840905995,-0.5467485296887646,351.7793353600452,spitzer_35100+0000_rgb
0,0.634829583495454,352.0474848934965,0.655341627561167,352.06785012766784,spitzer_35100+0000_rgb
0,0.1084349761291919,350.27203060623805,0.11784716679027832,350.2813961660402,spitzer_35100+0000_rgb
0,-0.14760880386245362,24.542247634551483,-0.11602506394391601,24.572967360806786,spitzer_02400+0000_rgb
0,0.6791533135209668,24.71593789974166,0.7029189382833105,24.739830314867323,spitzer_02400+0000_rgb
0,0.03283243782271728,24.339166500514587,0.06655598891777344,24.37311677686779,spitzer_02400+0000_rgb
0,0.06421004167560791,24.717230542957903,0.09935815330329345,24.75208267477084,spitzer_02400+0000_rgb
0,0.1696437157514795,23.874967937448236,0.18874137181050293,23.8933885101807,spitzer_02400+0000_rgb
0,0.08698998936447509,24.440552892729887,0.10986319877115966,24.463154210863248,spitzer_02400+0000_rgb
0,-0.06494417252764159,24.934276235774426,-0.03274202441216308,24.967399526458816,spitzer_02400+0000_rgb
0,0.16686734859174315,24.402991695188835,0.33779573229912596,24.570530756013444,spitzer_02400+0000_rgb
0,-0.35322655896773436,25.366635891281557,-0.3167213509994531,25.402568996390976,spitzer_02400+0000_rgb
0,0.46795149271631836,24.480018305746693,0.5007068634825146,24.512106847092472,spitzer_02400+0000_rgb
0,0.44279605676995604,24.078705891140025,0.47224690282961423,24.108464354384108,spitzer_02400+0000_rgb
0,0.3954612590662207,24.163424477532423,0.413620926853374,24.1812283510523,spitzer_02400+0000_rgb
0,-0.18205061666907715,24.665419833840595,-0.1497258285808667,24.69642186803578,spitzer_02400+0000_rgb
0,-0.3367530077001782,23.21512793753622,-0.2743344699129053,23.27945052803883,spitzer_02400+0000_rgb
0,-0.05391015571089843,24.167828937123794,-0.01969816061031006,24.202010984308014,spitzer_02400+0000_rgb
0,0.0535345860531958,25.14452293777352,0.0716191399088086,25.162302437921248,spitzer_02400+0000_rgb
0,0.48909911620275875,24.440582759266047,0.5123087513873291,24.46259577987925,spitzer_02400+0000_rgb
0,0.08071850505218994,23.250233080414336,0.09620353093900634,23.26532455161759,spitzer_02400+0000_rgb
0,0.06180484964236816,23.894008790122413,0.07989436769063965,23.91276676519525,spitzer_02400+0000_rgb
0,0.29284472363405273,24.515707188853344,0.32803580401130855,24.548635329800106,spitzer_02400+0000_rgb
0,-0.04677726190201904,23.53847217258403,-0.023344319428015136,23.562152836409723,spitzer_02400+0000_rgb
0,-0.03655550093652832,23.449477219046894,-0.014759277196157225,23.471715662834928,spitzer_02400+0000_rgb
0,0.16009269045636473,23.69443050435778,0.1752433250704834,23.709395185197714,spitzer_02400+0000_rgb
0,0.14838321791720946,22.866572765240523,0.16538525225239745,22.883407888770087,spitzer_02400+0000_rgb
0,0.0498816726782666,24.78052554558016,0.1512945948412207,24.885185538023144,spitzer_02400+0000_rgb
0,-0.16631388180040282,22.978359547976822,-0.13729939641346434,23.007186207844804,spitzer_02400+0000_rgb
0,-0.4108370727145459,24.31113061212307,-0.38867244077473384,24.3329881151597,spitzer_02400+0000_rgb
0,0.32730142901865233,24.41394359937619,0.3479604457391455,24.433994624566303,spitzer_02400+0000_rgb
0,-0.35794766894656493,23.870747234365446,-0.3399946255063037,23.888860515434313,spitzer_02400+0000_rgb
0,0.14102237814706786,23.944458496649165,0.16443326658483398,23.968211426099135,spitzer_02400+0000_rgb
0,-0.4534947057515112,23.319534023731745,-0.4268877724238305,23.34529362633873,spitzer_02400+0000_rgb
0,-0.18629719865786132,23.44616537012168,-0.1657558577174414,23.466221685025282,spitzer_02400+0000_rgb
0,-0.42494441306826414,23.005060556824393,-0.4126438760818945,23.017205250713364,spitzer_02400+0000_rgb
0,0.09098323476725097,23.8275465512037,0.11229532765308838,23.848945314010546,spitzer_02400+0000_rgb
0,0.5279440051372265,25.29758755212829,0.540671055791206,25.31029826570561,spitzer_02400+0000_rgb
0,-0.2641291477493335,22.734769869423136,-0.2271909156968408,22.771778007073888,spitzer_02400+0000_rgb
0,-0.05172045846717041,24.206226885958564,-0.03522753871022461,24.22258105246169,spitzer_02400+0000_rgb
0,0.9204929920971533,24.17901008935573,0.9480139879156934,24.20703743282546,spitzer_02400+0000_rgb
0,-0.26303857158836425,23.645376305629572,-0.23572883878854492,23.67364632487812,spitzer_02400+0000_rgb
0,-0.014993163912568358,22.713980481610196,1.4973958183593749e-05,22.728678723650713,spitzer_02400+0000_rgb
0,-0.20882852981275635,23.590305179878197,-0.1889715964175757,23.60998096093144,spitzer_02400+0000_rgb
0,0.30355012717283203,25.276154080662938,0.33549364898881345,25.307543972927164,spitzer_02400+0000_rgb
0,0.17895247216880858,24.006079101501708,0.20273307088933593,24.030383625998248,spitzer_02400+0000_rgb
0,-0.19552896939887696,24.38923192970143,-0.18084651511861816,24.403921708200365,spitzer_02400+0000_rgb
0,-0.11660896693286865,23.972831868761265,-0.10176928609168212,23.987964030068277,spitzer_02400+0000_rgb
0,-0.9402219958061132,22.871790538625845,-0.9150940460248407,22.89689307743732,spitzer_02400+0000_rgb
0,0.46945035337841307,24.457575190736748,0.48665510581053223,24.47480704277797,spitzer_02400+0000_rgb
0,-0.15638826341007567,25.343548163647853,-0.1331049791377002,25.365829983086492,spitzer_02400+0000_rgb
0,-0.28785440792874756,23.29227458390017,-0.27531029998127193,23.30491602257584,spitzer_02400+0000_rgb
0,0.24970816807583496,24.955717275599078,0.2639534478812988,24.969621938545966,spitzer_02400+0000_rgb
0,-0.23523811613720214,24.49584610506758,-0.2128553852412378,24.51816177867255,spitzer_02400+0000_rgb
0,0.4842768506259814,24.458039953101892,0.5032682241339843,24.476245926227126,spitzer_02400+0000_rgb
0,0.255841794316582,25.2394404579832,0.3499470993651123,25.330472887085897,spitzer_02400+0000_rgb
0,0.5107317657260156,24.38323453392807,0.5291870064268799,24.40198624272493,spitzer_02400+0000_rgb
0,-0.49052408363642575,22.73607781211839,-0.4614024205161841,22.763935884756474,spitzer_02400+0000_rgb
0,-0.32649364907881345,22.945528493617633,-0.3115701466238818,22.960200368470915,spitzer_02400+0000_rgb
0,-0.43318106663173095,23.009041188295004,-0.38335098900503173,23.063219084888644,spitzer_02400+0000_rgb
0,0.1319816881333081,24.06538362564825,0.1476137680551123,24.08093115153444,spitzer_02400+0000_rgb
0,0.08080533773361327,25.13363345220533,0.1036837554735791,25.155754179523186,spitzer_02400+0000_rgb
0,-0.20369734496823486,25.348076422879913,-0.1316929511570288,25.41929804082004,spitzer_02400+0000_rgb
0,-0.6488944026907434,23.051200204800498,-0.6345340105817431,23.065559579656906,spitzer_02400+0000_rgb
0,-0.13387703316643798,23.83896191567288,-0.11641699102333007,23.8565865899758,spitzer_02400+0000_rgb
0,0.11409700406736327,24.122546385493287,0.13525772976721434,24.14313281106867,spitzer_02400+0000_rgb
0,0.0312816565882251,25.464172145189007,0.05235034127337158,25.485450063473948,spitzer_02400+0000_rgb
0,0.43900780810992185,23.36124968086667,0.4613054966890283,23.3848116923498,spitzer_02400+0000_rgb
0,-0.0461387527938208,24.49041934730935,-0.027932861048796387,24.50768570455856,spitzer_02400+0000_rgb
0,-0.19002636528723632,25.3704539861327,-0.1693987613268457,25.390375108166563,spitzer_02400+0000_rgb
0,-0.4641517694470239,23.163390958886925,-0.4351527462995141,23.192231127869356,spitzer_02400+0000_rgb
0,0.6044098246850683,24.74909382388927,0.638895826944375,24.783052889304887,spitzer_02400+0000_rgb
0,0.048086506680593256,24.01100683582743,0.0661017245993994,24.02903710908463,spitzer_02400+0000_rgb
0,0.14612988135120117,24.716683830723788,0.1716254865649951,24.743219963270924,spitzer_02400+0000_rgb
0,0.09263964751110351,24.617209140963325,0.11161311737345214,24.635903313953467,spitzer_02400+0000_rgb
0,-0.3765312462346875,22.968300466046163,-0.35388915661735837,22.990786305665054,spitzer_02400+0000_rgb
0,-0.1629287906884204,23.42540772058967,-0.14499649920107666,23.44322705634898,spitzer_02400+0000_rgb
0,0.0668708489406665,23.417024257131843,0.07904361900123047,23.429319667165135,spitzer_02400+0000_rgb
0,0.022979166436875,25.38946523675639,0.0419441727576416,25.409033575590655,spitzer_02400+0000_rgb
0,-0.13732551946007812,24.705159660917154,-0.1155650216308081,24.726781079971772,spitzer_02400+0000_rgb
0,-0.22316064229964355,23.4228365943133,-0.20267423299929932,23.44358236233501,spitzer_02400+0000_rgb
0,0.07304785083202148,24.915477611287933,0.08648958246843749,24.928179800288515,spitzer_02400+0000_rgb
0,-0.24959391026447753,23.219194018224727,-0.2150492328755493,23.253286791321297,spitzer_02400+0000_rgb
0,-0.12919026563518066,23.860584799571235,-0.100902098600354,23.888699057102592,spitzer_02400+0000_rgb
0,0.3024448211943017,25.269968126948754,0.31815103848515625,25.285028042976542,spitzer_02400+0000_rgb
0,-0.21684195746699705,23.669727379604808,-0.18814745905602537,23.698718915773227,spitzer_02400+0000_rgb
0,0.2000346659684033,24.036420084271217,0.2113920877298291,24.04758886671161,spitzer_02400+0000_rgb
0,-0.14699479019671874,25.381568874530664,-0.12553987504668457,25.402551316540894,spitzer_02400+0000_rgb
0,0.5140909779320069,23.01447152678237,0.6258780861891358,23.126537280870043,spitzer_02400+0000_rgb
0,-0.17388980945901855,22.961652842414722,-0.12104695516973876,23.01485401375771,spitzer_02400+0000_rgb
0,0.05593188420630615,24.36711482380281,0.10564729712061034,24.416972977601105,spitzer_02400+0000_rgb
0,0.017204264150874022,23.573680831086108,0.03975268514934814,23.595253259255802,spitzer_02400+0000_rgb
0,0.5391394802856885,23.098974781145667,0.5604941350200585,23.119540536148346,spitzer_02400+0000_rgb
0,-0.24063012454682373,23.388011724869884,-0.18361034972639648,23.446991541988417,spitzer_02400+0000_rgb
0,-0.40119848231614014,22.973705251148363,-0.36729996377491697,23.006593922694478,spitzer_02400+0000_rgb
0,0.1984842102547412,24.881596101210082,0.219645831136875,24.902331452565228,spitzer_02400+0000_rgb
0,0.48228498866673336,24.43862995980641,0.5249431913651513,24.480733881911412,spitzer_02400+0000_rgb
0,-0.1639338362512866,25.455276759535774,-0.1508675928923657,25.468314290940228,spitzer_02400+0000_rgb
0,-0.3807657839527588,25.339582506135425,-0.331693925719519,25.390593563161122,spitzer_02400+0000_rgb
0,-0.09295841378395751,23.977196614811366,-0.07795686771001464,23.99208561205831,spitzer_02400+0000_rgb
0,0.0902600088630249,23.053564137068527,0.1061179188606958,23.06975586867744,spitzer_02400+0000_rgb
0,-0.24509570067404296,22.717771497197287,-0.2238371559647534,22.738989921464267,spitzer_02400+0000_rgb
0,0.24814013423734863,24.433153071840344,0.2559949518671338,24.441134354312616,spitzer_02400+0000_rgb
0,0.08581437088664795,22.848349620891504,0.09735807194308593,22.85979070150626,spitzer_02400+0000_rgb
0,-0.14169881043197022,23.346324876328417,-0.1285621731935449,23.359203619689215,spitzer_02400+0000_rgb
0,0.13062499869375,23.819210776547475,0.14290152851890137,23.831576987361313,spitzer_02400+0000_rgb
0,0.24031249759687498,24.189779701878244,0.253054196688208,24.202900388595996,spitzer_02400+0000_rgb
0,-0.13294848499864012,25.45787788459114,-0.11120548391398681,25.47921571396761,spitzer_02400+0000_rgb
0,-0.018455810362316895,22.519656264803437,0.0021346842234448242,22.54037436355459,spitzer_02400+0000_rgb
0,0.45213785355153807,25.10713882356403,0.47283788589662107,25.126983387167666,spitzer_02400+0000_rgb
0,0.2863155895847607,24.314003984490167,0.3079570281704297,24.33504882477451,spitzer_02400+0000_rgb
0,0.09326643786941895,25.14520258457662,0.1095288074984619,25.161532947369047,spitzer_02400+0000_rgb
0,0.4775372673600439,24.419221349974453,0.4967039338350439,24.439301102377822,spitzer_02400+0000_rgb
0,-0.5235153756242211,22.716966484184503,-0.4495034948539233,22.791159517296737,spitzer_02400+0000_rgb
0,-0.5477469020746142,24.94564631215812,-0.5277592313760534,24.965353505971464,spitzer_02400+0000_rgb
0,-0.08313004474161621,24.644551669986775,-0.07090258718159911,24.656732496687884,spitzer_02400+0000_rgb
0,-0.2551390762246509,23.500084152134576,-0.2343183570318164,23.520674158439093,spitzer_02400+0000_rgb
0,-0.40240193282493897,22.953838877649112,-0.3363549771052002,23.01877719080181,spitzer_02400+0000_rgb
0,-0.25479622141037106,23.428897466648525,-0.23144937919592284,23.45171484923285,spitzer_02400+0000_rgb
0,0.04554134069041992,24.726240227112598,0.07487678961581543,24.756397046472486,spitzer_02400+0000_rgb
0,0.8820419833670801,23.043052581184057,0.8906131095834521,23.051579599327955,spitzer_02400+0000_rgb
0,-0.4432683061141919,25.258933906681495,-0.4333776812130981,25.268779711433297,spitzer_02400+0000_rgb
0,-0.3053889129617358,23.308310553791895,-0.2903204723572119,23.32327783879847,spitzer_02400+0000_rgb
0,-0.019188639131030274,24.143758624864496,-0.003717692020114746,24.15915120283557,spitzer_02400+0000_rgb
0,-0.3517783981749243,25.120149606311525,-0.31789403978980957,25.153549467631173,spitzer_02400+0000_rgb
0,0.4682058872450244,24.45069921424301,0.5003162384864209,24.48159358242365,spitzer_02400+0000_rgb
0,-0.5048513946910693,24.762041821806665,-0.4921362255473877,24.774724520247545,spitzer_02400+0000_rgb
0,-0.28701432004652344,19.055348744329326,-0.2640347467086108,19.078020090131258,spitzer_01800+0000_rgb
0,-0.33618863596103027,18.21957966902816,-0.26668530006752195,18.291127194354353,spitzer_01800+0000_rgb
0,-0.5223740995939673,18.849180492810277,-0.46262735539976807,18.907101349978465,spitzer_01800+0000_rgb
0,0.0348266598079834,18.868447745221772,0.0635662428539209,18.896790274235222,spitzer_01800+0000_rgb
0,-0.6553509862850317,19.122731189944563,-0.6357729428610205,19.14206468584498,spitzer_01800+0000_rgb
0,0.3361201138262988,18.572441726046417,0.35472069957779295,18.590870680940252,spitzer_01800+0000_rgb
0,-0.42881868060764644,18.15132486827842,-0.35999836879584957,18.2210519183624,spitzer_01800+0000_rgb
0,0.2999887665313623,18.616871168961495,0.32118749678812497,18.637247470841068,spitzer_01800+0000_rgb
0,-0.24570800535541992,18.668580559720443,-0.22751529720401367,18.686587720998705,spitzer_01800+0000_rgb
0,0.3752138634353613,17.300911628084634,0.40610709229309566,17.332570970215958,spitzer_01800+0000_rgb
0,0.03966463176481201,17.615454919210034,0.05672607365148925,17.63181364300478,spitzer_01800+0000_rgb
0,-0.43120954972436276,16.537633803686163,-0.25158650464559323,16.717814465946855,spitzer_01800+0000_rgb
0,-0.11510034064587157,19.34155528443601,-0.08440779537988037,19.3729133977292,spitzer_01800+0000_rgb
0,-0.31006184585771485,18.05670768172459,-0.2879184541520654,18.07909651613612,spitzer_01800+0000_rgb
0,-0.5429358669664746,18.73701700109337,-0.5196648711054346,18.760400545781412,spitzer_01800+0000_rgb
0,-0.20307722778693602,19.491519058571136,-0.1827662742140039,19.512569570038693,spitzer_01800+0000_rgb
0,-0.17995645978897704,18.186164711680018,-0.1562654606769287,18.209734454282863,spitzer_01800+0000_rgb
0,-0.7021789887464391,17.901501791349567,-0.6672838068037243,17.93752067119771,spitzer_01800+0000_rgb
0,-0.2989505178438281,18.108744302297975,-0.2660151340585986,18.142774087113924,spitzer_01800+0000_rgb
0,0.4225913043678369,17.317371751617948,0.4397189083632275,17.334280768375944,spitzer_01800+0000_rgb
0,-0.4564768834560644,19.49353140799763,-0.43696565318242675,19.51240358493293,spitzer_01800+0000_rgb
0,0.03655550093652832,16.776051444531152,0.05188574166864258,16.791116874068,spitzer_01800+0000_rgb
0,0.06230940692898926,18.068724283166922,0.08273413003203368,18.089562499104375,spitzer_01800+0000_rgb
0,0.8980965079461182,16.998660654544643,0.9224807850460254,17.022822112636362,spitzer_01800+0000_rgb
0,-0.040917561439782715,18.899905956170212,0.08617683833093993,19.02994143664069,spitzer_01800+0000_rgb
0,-0.2524928360167383,18.226066403989336,-0.23177343518226562,18.24680281328718,spitzer_01800+0000_rgb
0,0.24462776448080564,18.73220645426648,0.2698570936555957,18.757352857009806,spitzer_01800+0000_rgb
0,0.12873339715016602,19.485242340494256,0.15237988128870117,19.50769797788363,spitzer_01800+0000_rgb
0,-0.004529052689084472,16.55262143374462,0.010824869683417969,16.567370782555457,spitzer_01800+0000_rgb
0,0.13697322454172606,19.244103075937876,0.15629093268188232,19.263942166722558,spitzer_01800+0000_rgb
0,-0.6043384542430738,19.034404896882513,-0.5682731062964356,19.069066517629647,spitzer_01800+0000_rgb
0,-0.024738769283862302,19.350583563968122,-0.0042436523013134764,19.370803717574514,spitzer_01800+0000_rgb
0,-0.3141818002435986,18.087583495217913,-0.2337075171941748,18.16781363764478,spitzer_01800+0000_rgb
0,0.07422119066403808,19.50682045510595,0.09011857006235595,19.522858810455006,spitzer_01800+0000_rgb
0,0.1667913394779199,18.12901904167856,0.19513541471531248,18.15699869634668,spitzer_01800+0000_rgb
0,0.11569262579619873,17.463033696775913,0.13883097191898192,17.48518896999186,spitzer_01800+0000_rgb
0,-0.06107633402465332,18.644820631572628,-0.04105680297484863,18.665388258320075,spitzer_01800+0000_rgb
0,-0.09715600488781494,17.684400393780997,-0.08527652909515136,17.696148440538515,spitzer_01800+0000_rgb
0,-0.04031217407604492,19.378674139859093,-0.024405598714277343,19.39465462879434,spitzer_01800+0000_rgb
0,0.33221972324030274,18.159828286162135,0.34290185203973145,18.170383299077418,spitzer_01800+0000_rgb
0,-0.39951993415584225,18.29182649447757,-0.37867642850490235,18.313264645304855,spitzer_01800+0000_rgb
0,-0.7841008222371166,18.936094106849996,-0.7626463546782238,18.958571686377823,spitzer_01800+0000_rgb
0,0.11884212120741211,19.402398453993595,0.12771345900932374,19.411266078823537,spitzer_01800+0000_rgb
0,0.5311315051053516,17.08533724872996,0.5921430604848194,17.144721525479866,spitzer_01800+0000_rgb
0,0.10695523981586426,18.173416827692915,0.11592862839800537,18.182476560675234,spitzer_01800+0000_rgb
0,0.006947346935734863,18.43389566623396,0.020539550575854493,18.44708625854997,spitzer_01800+0000_rgb
0,-0.42463606346197263,18.153872557055024,-0.4024701294388403,18.175136716998633,spitzer_01800+0000_rgb
0,-0.3027172821290771,18.14150292827247,-0.26983853896828125,18.173969724822804,spitzer_01800+0000_rgb
0,0.5458313747500195,17.107713062308285,0.568012201351128,17.1299967534917,spitzer_01800+0000_rgb
0,-0.048927571125307615,17.35198128903227,-0.030424397482214354,17.370430995879023,spitzer_01800+0000_rgb
0,-0.3325631477160351,18.081129393719955,-0.3059711883465381,18.10810465386687,spitzer_01800+0000_rgb
0,0.08183284423375488,17.574569828473052,0.09778426008986572,17.590252771024556,spitzer_01800+0000_rgb
0,0.1464325343429663,19.46815137285104,0.16837402175375976,19.49010320063445,spitzer_01800+0000_rgb
0,0.10379540911829589,17.610368005198403,0.1356600735131909,17.641557620771923,spitzer_01800+0000_rgb
0,-0.6472508887097826,19.214906014055366,-0.6371470883550915,19.225196927852195,spitzer_01800+0000_rgb
0,0.913900055965166,16.950833181064585,0.9484147040575195,16.985463551812032,spitzer_01800+0000_rgb
0,0.04593872024373779,18.661331129454396,0.05523819931740966,18.670440178842473,spitzer_01800+0000_rgb
0,0.14025935732136474,17.11981755437474,0.14917512871658203,17.128512052985712,spitzer_01800+0000_rgb
0,-0.6658956232238562,17.66631234057646,-0.6480579769178576,17.6851850617419,spitzer_01800+0000_rgb
0,-0.08260188719481446,16.931375824488324,-0.06217830341467529,16.951624522202504,spitzer_01800+0000_rgb
0,-0.5110772247069361,18.91980984594513,-0.4545925247509497,18.976959218746032,spitzer_01800+0000_rgb
0,0.2984174774845752,18.76223225149226,0.308496090665039,18.772171053476207,spitzer_01800+0000_rgb
0,0.12266007364319091,17.976121582270036,0.13515104031515623,17.98825455740912,spitzer_01800+0000_rgb
0,-0.35257332004197506,16.814844738414052,-0.3406924607857837,16.82628484246632,spitzer_01800+0000_rgb
0,-0.2061945780161792,17.281665534527093,-0.19351790171065428,17.294553392471133,spitzer_01800+0000_rgb
0,-0.030691487323293454,19.15115204740775,0.0022110188580981445,19.18415164017671,spitzer_01800+0000_rgb
0,0.5622024683363086,19.051910878152768,0.5734962507754541,19.06327660069536,spitzer_01800+0000_rgb
0,0.06989762299894042,17.79993538611523,0.0787041821556665,17.80861735217424,spitzer_01800+0000_rgb
0,0.7961935141734814,17.4374318090111,0.8282605711444775,17.46828239464009,spitzer_01800+0000_rgb
0,-0.0798287752433789,16.996271494412284,-0.05656087183022461,17.01874968429167,spitzer_01800+0000_rgb
0,0.3860512656707373,17.084070809940542,0.40449771730918943,17.103019540219805,spitzer_01800+0000_rgb
0,-0.48943155435047603,18.84364045380318,-0.47079288266186275,18.861807852710047,spitzer_01800+0000_rgb
0,0.2589329401190039,18.748214510747022,0.2806533175059668,18.769192293740367,spitzer_01800+0000_rgb
0,-0.14608943538806396,17.31631299511812,-0.12402229693686034,17.339223313899435,spitzer_01800+0000_rgb
0,-0.38152685165348144,19.299027290069624,-0.36301985314063473,19.31781089990783,spitzer_01800+0000_rgb
0,-0.23954597742224853,17.455733403880167,-0.22262402121125976,17.472176274809488,spitzer_01800+0000_rgb
0,-0.4667622023636279,16.586777357882227,-0.45519408724493404,16.598130222352033,spitzer_01800+0000_rgb
0,-0.3000509410099072,18.724295402913295,-0.27926830775419187,18.745241284865294,spitzer_01800+0000_rgb
0,-0.20689151811337644,17.451697596628858,-0.191652097692854,17.466841964966996,spitzer_01800+0000_rgb
0,-0.5151533965411743,18.87546190530788,-0.48479817223535154,18.905140086977244,spitzer_01800+0000_rgb
0,-0.5292394152805224,18.62735920596599,-0.5202176054749073,18.63641071954735,spitzer_01800+0000_rgb
0,0.9352517810120654,16.81850619671077,0.969058421298999,16.84987729014706,spitzer_01800+0000_rgb
0,0.15210937347890624,17.55086116985597,0.17453222481717773,17.572182295944845,spitzer_01800+0000_rgb
0,0.6628963149856201,17.16743539244023,0.6874116142196337,17.19115186355723,spitzer_01800+0000_rgb
0,-0.029911702174841306,18.046971028176124,0.009856201073312988,18.088955565516695,spitzer_01800+0000_rgb
0,-0.5449185329622729,354.9677962142804,-0.5089420522022461,355.0040887350763,spitzer_35400+0000_rgb
0,0.4388274695700586,354.649047845072,0.507629226694541,354.7186558359124,spitzer_35400+0000_rgb
0,-0.3779691531213501,352.63475750063157,-0.342787594228374,352.6702229950686,spitzer_35400+0000_rgb
0,-0.1957804342401123,352.5833050271878,-0.15911067549222654,352.6185979955849,spitzer_35400+0000_rgb
0,0.16794937983092284,352.5995888811916,0.1884246400428369,352.61997787838357,spitzer_35400+0000_rgb
0,-0.17023648918305176,353.3171515367764,-0.1046687815053955,353.38084033822287,spitzer_35400+0000_rgb
0,-0.01744433576305664,354.56061612395115,0.03286474576510254,354.61147126667174,spitzer_35400+0000_rgb
0,-0.03341992154080078,353.05522234017695,-0.010814941298100586,353.07763168240075,spitzer_35400+0000_rgb
0,-0.09333788969162109,354.1313496080615,0.0011718749882812499,354.2222219216059,spitzer_35400+0000_rgb
0,-0.49059366371385493,353.2605214917698,-0.4578291783644165,353.2939794992477,spitzer_35400+0000_rgb
0,-0.22830696386276367,354.88726561612737,-0.21499446399588867,354.90080984613513,spitzer_35400+0000_rgb
0,0.5460846299558203,353.1506678144829,0.6825524020286425,353.2890232818493,spitzer_35400+0000_rgb
0,0.46623030132728027,354.58539778060435,0.5156030221877197,354.6358312924698,spitzer_35400+0000_rgb
0,0.5800891869074414,353.97635139997607,0.6423533464410498,354.0377890621221,spitzer_35400+0000_rgb
0,-0.3827815716930176,353.3955382547425,-0.3513113571639697,353.42765332603597,spitzer_35400+0000_rgb
0,0.04568115188693848,354.4362857215486,0.10018277894608886,354.4891362255774,spitzer_35400+0000_rgb
0,0.4098855753282275,353.38427197881356,0.4784495394863379,353.45421582577035,spitzer_35400+0000_rgb
0,0.32402913087429197,354.92797899462647,0.3419946254863037,354.9455477200367,spitzer_35400+0000_rgb
0,0.2602141901061914,355.131517241289,0.27365429413845704,355.14490615717074,spitzer_35400+0000_rgb
0,0.4737363233876367,353.1387758875185,0.7311614510217187,353.3909819396839,spitzer_35400+0000_rgb
0,-0.4661351678646899,353.5288473354407,-0.444568924590769,353.5499134159592,spitzer_35400+0000_rgb
0,0.23377815521430176,352.94262175536545,0.44118196173401364,353.15408187694874,spitzer_35400+0000_rgb
0,-0.0440691727363916,353.00146941102696,-0.03223063118811035,353.01330420908573,spitzer_35400+0000_rgb
0,0.5551734970524316,353.9023081064457,0.569637364095293,353.9168733732271,spitzer_35400+0000_rgb
0,0.8025968344219482,352.9968173928443,0.8227345295330712,353.01621387702534,spitzer_35400+0000_rgb
0,-0.2926787080107129,353.2975032622333,-0.274550127462832,353.3157534248112,spitzer_35400+0000_rgb
0,-0.11739680872186523,353.1941310301941,-0.1040200184910498,353.20734506000986,spitzer_35400+0000_rgb
0,-0.16257486816591796,352.51156446800934,-0.14319156757850096,352.53115951989673,spitzer_35400+0000_rgb
0,0.4636616164571338,353.2915175852098,0.48396288578537106,353.3114567126146,spitzer_35400+0000_rgb
0,-0.06828889905669433,355.4973442741704,-0.055669107516225586,355.51000340286873,spitzer_35400+0000_rgb
0,0.6510927669265723,353.0813994232485,0.7154072194084277,353.1475496504516,spitzer_35400+0000_rgb
0,-0.023565429451845702,355.20870050874635,-0.0015589192552441405,355.2318944578959,spitzer_35400+0000_rgb
0,0.7706233646895996,352.52212306165376,0.7824516523317334,352.5340423323679,spitzer_35400+0000_rgb
0,0.5483404893082617,353.0410008233921,0.5656179956459033,353.05879704717245,spitzer_35400+0000_rgb
0,0.44425243696372557,353.0824904063105,0.4568492792856738,353.09466602467836,spitzer_35400+0000_rgb
0,-0.4004970663075293,353.47564014196234,-0.36356648399454344,353.51258919758243,spitzer_35400+0000_rgb
0,-0.020714029740776366,353.04437582335834,-0.0048326822433398435,353.0601150810134,spitzer_35400+0000_rgb
0,0.13839160017858398,354.34767056943997,0.1521258122808252,354.3611158818055,spitzer_35400+0000_rgb
0,-0.1328362616924707,352.68175261734916,-0.1157104480616455,352.6989817838435,spitzer_35400+0000_rgb
0,0.4701712192566211,354.6601887954814,0.49468570468855955,354.6841754488874,spitzer_35400+0000_rgb
0,-0.10739404189480957,353.3508116926898,-0.07168684824146485,353.3844314840203,spitzer_35400+0000_rgb
0,-0.07071191335538085,354.19274267385384,-0.040724283446923824,354.22104565208645,spitzer_35400+0000_rgb
0,-0.7071062754810205,355.0656422012576,-0.6928207124728344,355.07968883197657,spitzer_35400+0000_rgb
0,-0.022648762794345703,353.53769645644593,-0.0004070637980126953,353.5601373741903,spitzer_35400+0000_rgb
0,0.955962555544541,352.98708432002496,0.9914283755023827,353.02121583010035,spitzer_35400+0000_rgb
0,0.5316062772360205,353.3581071027731,0.5494425400784911,353.37632813123673,spitzer_35400+0000_rgb
0,0.023365234141347654,354.40955777585236,0.044099446173588866,354.43050463436686,spitzer_35400+0000_rgb
0,0.5469663031240869,353.01610759447436,0.6860403577229297,353.1544508548097,spitzer_35400+0000_rgb
0,0.558066888950581,353.45734782443697,0.567641433125669,353.4669158581954,spitzer_35400+0000_rgb
0,-0.16425276528455565,353.7841521831481,-0.1457192368240576,353.8021702493741,spitzer_35400+0000_rgb
0,-0.09534651597361816,354.1136331368845,-0.0827483715683496,354.1258832995224,spitzer_35400+0000_rgb
0,-0.27635367562187985,353.18782959796545,-0.21851985458563475,353.24671485128283,spitzer_35400+0000_rgb
0,-0.2016012349631543,352.8755638133277,-0.19314990041225097,352.884255707772,spitzer_35400+0000_rgb
0,0.6714422133376611,353.021573740253,0.694304517796538,353.04331950826474,spitzer_35400+0000_rgb
0,-0.05174967396166992,354.2059622375237,-0.03596744755699219,354.2212651345061,spitzer_35400+0000_rgb
0,-0.004469238236557617,354.3481323207374,0.008517903560654296,354.3610668909206,spitzer_35400+0000_rgb
0,0.22054101341958984,354.6247468199244,0.2810600557831494,354.68363687467405,spitzer_35400+0000_rgb
0,-0.39863874926882076,353.40595329370086,-0.3783454552009204,353.42752149009976,spitzer_35400+0000_rgb
0,-0.08801985589063477,354.3816766726155,-0.08030012940533203,354.3893237265755,spitzer_35400+0000_rgb
0,-0.34095865544458004,353.36528760400336,-0.32693977537643554,353.37914649058354,spitzer_35400+0000_rgb
0,0.9042482005929345,352.78998764230846,0.971525218149331,352.85602214685645,spitzer_35400+0000_rgb
0,0.9393898018040185,354.81339370931397,0.9485719306184472,354.82243496898917,spitzer_35400+0000_rgb
0,-0.5602048283823267,354.9428437812617,-0.4919038850549194,355.0096083476513,spitzer_35400+0000_rgb
0,0.8563289302387939,353.2659013745285,0.8888163973618359,353.29920964242456,spitzer_35400+0000_rgb
0,0.009292968657070312,354.5729427026039,0.03139306609231934,354.5947545513441,spitzer_35400+0000_rgb
0,0.7855883710503662,352.4699944814459,0.8154243082520068,352.4987607571999,spitzer_35400+0000_rgb
0,-0.03030354787404785,352.5120608872752,-0.0030540364277929686,352.5388421370074,spitzer_35400+0000_rgb
0,0.13978523623235595,348.3964798951237,0.16306607909850585,348.42029068590125,spitzer_34800+0000_rgb
0,-0.17989599429479003,348.84732966275067,-0.1561420882823291,348.87164317976016,spitzer_34800+0000_rgb
0,0.006206217385854492,347.2184293697949,0.029969156601350095,347.242322761483,spitzer_34800+0000_rgb
0,0.40943456621815427,348.17130598787026,0.5442950791924658,348.3022281870819,spitzer_34800+0000_rgb
0,0.1322041816206665,349.20349709896766,0.15379736174327635,349.2247844929605,spitzer_34800+0000_rgb
0,0.031563069345827637,347.8789796561581,0.054472737085480956,347.90135791114267,spitzer_34800+0000_rgb
0,-0.8398871579422741,349.1020606579247,-0.8169053059585509,349.12399539077825,spitzer_34800+0000_rgb
0,0.1136625151394165,349.4653629410755,0.13126936717688964,349.48314589988206,spitzer_34800+0000_rgb
0,-0.10422298072860352,347.1848374104954,-0.08232934487983154,347.20583187643126,spitzer_34800+0000_rgb
0,-0.21812809026663574,349.26250969196474,-0.1958517233018994,349.28443480160877,spitzer_34800+0000_rgb
0,0.07616007410819091,346.5078776190879,0.09779565331891846,346.5302750798014,spitzer_34800+0000_rgb
0,0.2344671200511621,347.3716214255546,0.3053842742899072,347.4396879938844,spitzer_34800+0000_rgb
0,0.3460815395079346,346.4885540515728,0.3590880497945361,346.50115886915506,spitzer_34800+0000_rgb
0,-0.33748819649490963,347.846826661688,-0.32138956384339595,347.86274283991423,spitzer_34800+0000_rgb
0,0.21876106552072264,347.5715289756389,0.24152685305348143,347.5937218465107,spitzer_34800+0000_rgb
0,0.31757405281384277,346.8604407666039,0.3391697557228857,346.8823214629997,spitzer_34800+0000_rgb
0,0.015256428883894042,349.3168568797351,0.03311572232509277,349.3342404651732,spitzer_34800+0000_rgb
0,0.12151424032131591,347.7397174505195,0.17388557768822754,347.79070589402005,spitzer_34800+0000_rgb
0,0.24817122147662107,348.1380235988802,0.2630442682028906,348.1532197250303,spitzer_34800+0000_rgb
0,0.017339599435979004,347.93936181701264,0.11089241425565917,348.03170833301624,spitzer_34800+0000_rgb
0,0.055340819759091796,349.06553868563367,0.09987589418353271,349.1097654511419,spitzer_34800+0000_rgb
0,-0.008769612542512207,348.90923640041285,0.00994962555154541,348.9278209135733,spitzer_34800+0000_rgb
0,0.08650984614010986,349.04262608820653,0.10073144430518555,349.0562055965343,spitzer_34800+0000_rgb
0,0.3010932587078174,347.2301655350421,0.318929196029458,347.247898445021,spitzer_34800+0000_rgb
0,-0.49510977694994385,347.93312727931453,-0.43132030818679684,347.99767903648154,spitzer_34800+0000_rgb
0,-0.9899550885705011,348.5182315215104,-0.956883291212417,348.5496937607791,spitzer_34800+0000_rgb
0,-1.0037790020064807,348.233841957297,-0.9511119493104949,348.28678621132485,spitzer_34800+0000_rgb
0,0.011302897022387695,347.25207276138553,0.03341113247838867,347.27386393955305,spitzer_34800+0000_rgb
0,-0.28733520220477293,347.9093971363227,-0.2673720676387793,347.92935156320647,spitzer_34800+0000_rgb
0,0.23885286219480467,347.82723893401925,0.2607923151004101,347.84909586739445,spitzer_34800+0000_rgb
0,0.0038746744404199217,349.10400279657716,0.022352782979597165,349.1218260792765,spitzer_34800+0000_rgb
0,-0.20429662881640867,348.7424275641903,-0.1919045390965796,348.75471914935383,spitzer_34800+0000_rgb
0,0.11873909386469238,347.7593574242814,0.14174186056174803,347.7820851258771,spitzer_34800+0000_rgb
0,0.3570847946062353,348.99257396468363,0.36886441688427246,349.0047449036895,spitzer_34800+0000_rgb
0,0.07481453375706298,349.0827759494587,0.09667407129888428,349.10399738479333,spitzer_34800+0000_rgb
0,-0.32210815107579344,347.8598955092136,-0.3024838023137036,347.879958822815,spitzer_34800+0000_rgb
0,-0.3046934377082739,347.72743750272565,-0.2915838186987451,347.74058089452126,spitzer_34800+0000_rgb
0,0.26863476293865235,347.121001961915,0.28652945677012204,347.1387775151226,spitzer_34800+0000_rgb
0,0.0494754226823291,347.4935346730334,0.07037027924421387,347.5142876025134,spitzer_34800+0000_rgb
0,0.3040647756051855,346.7888701292988,0.326679195951958,346.8113518999073,spitzer_34800+0000_rgb
0,0.41223388259641114,348.1951115703145,0.4307329058489209,348.2140054503339,spitzer_34800+0000_rgb
0,0.47983104988918945,348.30912084651817,0.5038343048574903,348.33265535149116,spitzer_34800+0000_rgb
0,0.15736319829615966,348.06014111267984,0.17225439280870605,348.07447070238027,spitzer_34800+0000_rgb
0,0.2209142230512744,347.6553789096962,0.23974495202963378,347.6741373730503,spitzer_34800+0000_rgb
0,0.31931835618181637,348.702410963028,0.3400175747248242,348.72385122974066,spitzer_34800+0000_rgb
0,-0.7672269617287719,347.91049300219714,-0.7532202886917553,347.9243072924236,spitzer_34800+0000_rgb
0,0.23175016044291502,348.0430734045172,0.2624593072712402,348.07460530524355,spitzer_34800+0000_rgb
0,0.27137646212998534,347.4171300514016,0.2949485647588476,347.439824712633,spitzer_34800+0000_rgb
0,0.004932372997551269,349.3216378041664,0.02701497368818359,349.34255699341037,spitzer_34800+0000_rgb
0,-0.8252206134925855,349.1388070768281,-0.8048974121984216,349.1600492234256,spitzer_34800+0000_rgb
0,-0.9821391706799102,348.2228022438657,-0.9590687159952502,348.24488866942613,spitzer_34800+0000_rgb
0,0.2591642226687744,348.11757600793885,0.2885234346147656,348.14579052588584,spitzer_34800+0000_rgb
0,0.043630858938691404,347.8976048187323,0.06212825458705078,347.9171621102034,spitzer_34800+0000_rgb
0,-0.294897864889563,347.8667934583633,-0.26365372457700437,347.8973416351412,spitzer_34800+0000_rgb
0,-0.0024615885170507813,349.1076137991452,0.03153613249713867,349.14130662921195,spitzer_34800+0000_rgb
0,0.009723388574641114,347.29324154352594,0.027730142951865232,347.31105973996233,spitzer_34800+0000_rgb
0,0.4758338168562451,347.16147689640604,0.48801464355735347,347.17369011242977,spitzer_34800+0000_rgb
0,-0.006791747978957519,347.13481853078724,0.027120605197543945,347.16740235207595,spitzer_34800+0000_rgb
0,0.11003474824861083,346.52213836113276,0.12256892781076904,346.53493035319235,spitzer_34800+0000_rgb
0,0.10300675352722412,349.2372281777319,0.11576301967570311,349.2497987749369,spitzer_34800+0000_rgb
0,-0.020591308387836915,346.5151709132858,0.005197265573027344,346.5412897281288,spitzer_34800+0000_rgb
0,-0.3333889126817358,348.1054663075391,-0.32035164067669186,348.1184526355342,spitzer_34800+0000_rgb
0,-0.29401912140876707,347.9024622405587,-0.28461832397673337,347.9115778003634,spitzer_34800+0000_rgb
0,-0.7386704841497533,348.7540531337355,-0.7306336189957471,348.76199641165084,spitzer_34800+0000_rgb
0,-1.0153490092149993,348.79254092631936,-0.9930015362939428,348.81515542804635,spitzer_34800+0000_rgb
0,0.596046217997871,357.45183202673167,0.6200491474453418,357.47515941907653,spitzer_35700+0000_rgb
0,-0.17415266752930664,357.9893092348986,-0.15137027843421386,358.01303718062485,spitzer_35700+0000_rgb
0,-0.08574593013212402,356.0767740977739,-0.06256640562433594,356.10049121993256,spitzer_35700+0000_rgb
0,-0.09068554596814453,356.5452550501204,-0.06340511004303222,356.5726066123469,spitzer_35700+0000_rgb
0,-0.5450860948095556,355.8515538851824,-0.49424364740131344,355.90029590943453,spitzer_35700+0000_rgb
0,0.18956152154188477,357.52551610802607,0.20654345496581542,357.5417855577332,spitzer_35700+0000_rgb
0,-0.20694742631594237,356.3025940824949,-0.18978531711256347,356.3189241604566,spitzer_35700+0000_rgb
0,-0.16310937336890624,358.0760362848126,-0.14925455579912109,358.08974502490986,spitzer_35700+0000_rgb
0,-0.43797818572438474,358.0795811252719,-0.4164689085957275,358.1010852754475,spitzer_35700+0000_rgb
0,0.21929605900495605,356.34315186203725,0.24074723066544432,356.36442285791827,spitzer_35700+0000_rgb
0,-0.5015442658178906,355.8295683710793,-0.47921321135370115,355.8521398226765,spitzer_35700+0000_rgb
0,-0.1194479154721875,355.51901791845563,-0.08731656813725097,355.55094760563634,spitzer_35700+0000_rgb
0,0.6838733655570995,356.27543132234985,0.7072552012607812,356.2980971749878,spitzer_35700+0000_rgb
0,-0.24149446373088865,356.31600065788166,-0.22604378029164549,356.331041185075,spitzer_35700+0000_rgb
0,0.6866630790708691,356.2583450594999,0.7079755788577441,356.2792703522594,spitzer_35700+0000_rgb
0,0.643987623768457,356.20777539854726,0.6976093680239062,356.2601678133879,spitzer_35700+0000_rgb
0,0.3701031864031347,355.6535052217983,0.3884166627825,355.6715752085967,spitzer_35700+0000_rgb
0,-0.08713720615987793,356.2701951570376,-0.069770832635625,356.28715544332636,spitzer_35700+0000_rgb
0,-0.24007226322427733,356.33207992204376,-0.2133637673976123,356.35892009104623,spitzer_35700+0000_rgb
0,-0.16475357908163085,357.9771417952416,-0.1488629542405371,357.9931894431931,spitzer_35700+0000_rgb
0,-0.07659944584858887,356.7721085634768,-0.0645937493540625,356.7841622742938,spitzer_35700+0000_rgb
0,-0.20099983522958495,358.3183286407881,-0.19151269339737303,358.32773509414454,spitzer_35700+0000_rgb
0,-0.40752538654974607,358.4626910762748,-0.3901175091196582,358.47989644414474,spitzer_35700+0000_rgb
0,-0.8462535722666308,355.76802963471556,-0.8315343341325732,355.7823346475933,spitzer_35700+0000_rgb
0,-0.47269205256474606,358.3615734320223,-0.455875158201665,358.3785367700688,spitzer_35700+0000_rgb
0,-0.06745393812754394,355.49671583534536,-0.05552555283016113,355.5086491034552,spitzer_35700+0000_rgb
0,0.5293245389775879,356.4082441465426,0.5407581326132519,356.41977425710434,spitzer_35700+0000_rgb
0,0.6635663996143359,356.2145268633235,0.6856760999140722,356.23585222118317,spitzer_35700+0000_rgb
0,-0.06225341734621582,355.6495433077754,-0.04940901643299316,355.6620140107757,spitzer_35700+0000_rgb
0,-0.1358325181729248,356.42045085214966,-0.12635432816354003,356.4300030981479,spitzer_35700+0000_rgb
0,0.6488642513238574,355.7595527467795,0.6602639907931933,355.7708821737495,spitzer_35700+0000_rgb
0,-0.11473176968601562,357.23747688564606,-0.10532617082173827,357.246809405084,spitzer_35700+0000_rgb
0,-0.304075029511333,358.43093449496797,-0.2826259737362402,358.4530546526244,spitzer_35700+0000_rgb
0,0.04748567660847656,358.51860229245153,0.06830045504616211,358.53961802150974,spitzer_35700+0000_rgb
0,-0.13420947131415525,357.00505126948076,-0.10258707579704589,357.0366471350502,spitzer_35700+0000_rgb
0,0.3629804651201953,357.4680894321681,0.372616858252998,357.4774314730903,spitzer_35700+0000_rgb
0,0.1061092111784912,356.4307898819942,0.11982389203092773,356.4443808649312,spitzer_35700+0000_rgb
0,-0.968998118565227,356.030292164645,-0.9609658920830493,356.03833366847084,spitzer_35700+0000_rgb
0,-0.8621056228893603,355.90634115676994,-0.8544636958824462,355.91404607205743,spitzer_35700+0000_rgb
0,-0.098304198235708,356.3307308009635,-0.0821762687094873,356.3470502994982,spitzer_35700+0000_rgb
0,-0.039404622001787105,357.4757525180289,-0.025200520581328125,357.4902737581181,spitzer_35700+0000_rgb
0,-0.36455859010441405,357.08736393141805,-0.35606982065805176,357.09570800685543,spitzer_35700+0000_rgb
0,-0.7835771406017285,358.2618039831502,-0.6823150973435156,358.3613366359635,spitzer_35700+0000_rgb
0,0.6774117770800488,356.2066080808506,0.69520865190208,356.2236613033363,spitzer_35700+0000_rgb
0,0.08057983317857666,61.45009463068134,0.11493432502253173,61.48547934508987,spitzer_06000+0000_rgb
0,-0.1468087550423291,60.86871263779725,-0.12283935424035644,60.89333202231668,spitzer_06000+0000_rgb
0,-0.8372372149349194,61.041161000330575,-0.8153192057139953,61.063198638456555,spitzer_06000+0000_rgb
0,0.6129713480369531,59.78263053602786,0.6460869076016308,59.81617952657779,spitzer_06000+0000_rgb
0,0.6404138933354443,58.756189465563104,0.6617486912991797,58.77846062419456,spitzer_06000+0000_rgb
0,-0.4879400992872656,59.20927849098013,-0.4653555454766528,59.23195280715964,spitzer_06000+0000_rgb
0,-0.4571206008975439,60.21918302189671,-0.4267363238576367,60.249023516389975,spitzer_06000+0000_rgb
0,-0.23131143974417723,59.61064420962273,-0.20983609816205565,59.63235058961399,spitzer_06000+0000_rgb
0,-0.11998266481579833,59.12829558163371,-0.09997965394812011,59.14844125200517,spitzer_06000+0000_rgb
0,-0.11684496953467528,60.863769685372716,-0.09626033432385497,60.883972769480586,spitzer_06000+0000_rgb
0,0.11030183808968994,61.412783138134536,0.1390996079840039,61.44137049950231,spitzer_06000+0000_rgb
0,0.6025299418913671,58.569943048154734,0.6660079686003368,58.63226108138572,spitzer_06000+0000_rgb
0,-0.35540356089908937,59.187697110987614,-0.33227603834390623,59.21090251440139,spitzer_06000+0000_rgb
0,-0.01773746727054199,59.804306642581935,0.038443765891604004,59.86065218238306,spitzer_06000+0000_rgb
0,-0.147054197748208,61.385963944880594,-0.12396565631242676,61.409194698229015,spitzer_06000+0000_rgb
0,0.7532683843943994,59.86403645969297,0.7721645430596045,59.882675294142,spitzer_06000+0000_rgb
0,-0.3416054653339453,61.28643354019556,-0.3202508919797827,61.30799528721302,spitzer_06000+0000_rgb
0,-0.2497089004977026,59.77863769752612,-0.23426871510522948,59.7939015320089,spitzer_06000+0000_rgb
0,0.9096614492367187,59.60039046623568,0.9270644438543554,59.617751143145405,spitzer_06000+0000_rgb
0,0.22140234153597654,59.768941083039756,0.2714596327020703,59.81881624530142,spitzer_06000+0000_rgb
0,-0.7071641368085668,60.36411539349426,-0.685129550440371,60.385682531950465,spitzer_06000+0000_rgb
0,0.6073385355932812,58.58995151149632,0.6387306251231103,58.62339714918269,spitzer_06000+0000_rgb
0,-0.9235839751391601,61.107469308586765,-0.8666877354737476,61.16279885718711,spitzer_06000+0000_rgb
0,-0.45642642772740233,59.74735840096392,-0.4370387326087793,59.766653648166795,spitzer_06000+0000_rgb
0,-0.7649309819340234,61.13446890141573,-0.7427024665313086,61.155869820798074,spitzer_06000+0000_rgb
0,0.6032882426650341,59.77487142152212,0.6250221291664453,59.795643556731065,spitzer_06000+0000_rgb
0,-0.3374309862090234,61.2750887730564,-0.3189934050131909,61.29298731210268,spitzer_06000+0000_rgb
0,-0.06926245047925049,60.89809789140965,-0.05405330349592529,60.91290929262872,spitzer_06000+0000_rgb
0,-0.22565820086841795,59.396613124523455,-0.20226904094605955,59.418493658158816,spitzer_06000+0000_rgb
0,-0.3089379851918701,59.98826595063817,-0.28906933304680665,60.00980061839158,spitzer_06000+0000_rgb
0,0.7545914638082519,59.88030957150941,0.7691471277251952,59.895115560944674,spitzer_06000+0000_rgb
0,-0.4428155066395532,61.06829153391344,-0.4219394489056055,61.09032327197437,spitzer_06000+0000_rgb
0,0.007064371674147949,59.81367382998826,0.028199950889875487,59.834487469103045,spitzer_06000+0000_rgb
0,-0.19771272588745606,59.89279427190539,-0.17843408024690918,59.912255209210784,spitzer_06000+0000_rgb
0,0.4233551389956152,58.46937534082708,0.43614892141976075,58.48208953340827,spitzer_06000+0000_rgb
0,-0.1908858216588501,59.46766634646917,-0.17780598780527343,59.48054427602789,spitzer_06000+0000_rgb
0,-0.8112476318614819,61.145163766217635,-0.7830163902818151,61.17256956835243,spitzer_06000+0000_rgb
0,-0.03627823856950928,59.74435856375433,-0.020035237429855957,59.76021370682495,spitzer_06000+0000_rgb
0,0.220308428786499,59.783686200079806,0.24286637126925292,59.8054069029876,spitzer_06000+0000_rgb
0,-0.6978902925002637,60.62125088896978,-0.6797166680075207,60.63923453136807,spitzer_06000+0000_rgb
0,-0.8629993403283398,61.027274729310584,-0.8479476233564611,61.04235545832645,spitzer_06000+0000_rgb
0,0.2351930315022363,59.78947200731361,0.2561129531680371,59.80942480659325,spitzer_06000+0000_rgb
0,-0.6777884453705529,60.38400561139432,-0.6646198664006763,60.3970779582688,spitzer_06000+0000_rgb
0,0.5483813421724365,60.37712003203609,0.5601087183572461,60.388862056658255,spitzer_06000+0000_rgb
0,0.09308699451183837,61.40447907124167,0.14597322445172606,61.457459742912384,spitzer_06000+0000_rgb
0,0.2400854468178955,59.77179752832369,0.2624187799278955,59.79353759972087,spitzer_06000+0000_rgb
0,-0.22081607852100585,59.5707467490842,-0.18818139460256103,59.602621911525866,spitzer_06000+0000_rgb
0,-0.6907875093681665,60.81428946125815,-0.6826813082773535,60.822469230056555,spitzer_06000+0000_rgb
0,-0.37108243444021727,61.2277526936144,-0.35876073859989255,61.23982074769294,spitzer_06000+0000_rgb
0,-0.262327227194436,59.62796598679326,-0.24354931397075683,59.64679118191751,spitzer_06000+0000_rgb
0,-0.19962027795171386,60.20147932741229,-0.17933862125348876,60.22073364037079,spitzer_06000+0000_rgb
0,-0.9182799183888153,61.17493870895374,-0.9099286001129534,61.18325194129248,spitzer_06000+0000_rgb
0,-0.08110530517853028,26.31802393260101,-0.057199625079045406,26.341727545645224,spitzer_02700+0000_rgb
0,0.08368147702776856,26.582483077091837,0.10849690646711425,26.606406091175522,spitzer_02700+0000_rgb
0,0.2709529595300537,26.252399747059336,0.29466471059501953,26.275838060627038,spitzer_02700+0000_rgb
0,0.18544189267683103,27.48410953291932,0.2075304341226123,27.507303217583218,spitzer_02700+0000_rgb
0,0.011452717984431152,25.68382585951591,0.04525504512036621,25.717558932095244,spitzer_02700+0000_rgb
0,0.06268782489395508,27.66621231430142,0.09779134016791992,27.70141006785569,spitzer_02700+0000_rgb
0,0.06331998634596679,27.969341217520128,0.08688639236030272,27.992815704590072,spitzer_02700+0000_rgb
0,0.15146882986552002,27.265425615835326,0.1750808901762744,27.28909211950491,spitzer_02700+0000_rgb
0,0.36399820599543453,26.800239422570524,0.3991988892371777,26.837831544590436,spitzer_02700+0000_rgb
0,0.4099855102230615,26.527792810711656,0.43279182509916503,26.550198897727178,spitzer_02700+0000_rgb
0,0.18041340965419922,25.68433888034411,0.21565950305173828,25.719438489368116,spitzer_02700+0000_rgb
0,-0.22312638123227782,28.430075994813823,-0.1992425110284082,28.454441595156105,spitzer_02700+0000_rgb
0,0.3314296841857031,25.85251482267277,0.3659855106630615,25.88723552545056,spitzer_02700+0000_rgb
0,0.17280224436572753,28.28733266941834,0.19575976366740233,28.310493130612517,spitzer_02700+0000_rgb
0,0.051170653785168455,25.71453809879212,0.0665058587099414,25.729924491867422,spitzer_02700+0000_rgb
0,-0.6510733577470789,26.463259933752816,-0.627902093330354,26.48600456243162,spitzer_02700+0000_rgb
0,-0.05009684194694824,27.461297928329728,-0.02766129529630371,27.48405834476879,spitzer_02700+0000_rgb
0,0.0689158521754248,28.385526455057494,0.08301131101884521,28.399219956710926,spitzer_02700+0000_rgb
0,-0.44256819218890137,27.94946341010172,-0.421508459326582,27.97042011562132,spitzer_02700+0000_rgb
0,0.6080380798571191,27.130654132808043,0.633121087418789,27.155740721098844,spitzer_02700+0000_rgb
0,-0.13956021995856444,28.40782943335009,-0.11948404828432617,28.428021114056378,spitzer_02700+0000_rgb
0,-0.2152996397740869,28.279025886461042,-0.18486181455763182,28.310310899982827,spitzer_02700+0000_rgb
0,0.1685379214917041,27.488477208656896,0.23326139089655273,27.55244148210579,spitzer_02700+0000_rgb
0,-0.05064331004044189,28.1529653611917,-0.037882323839926756,28.165442493228387,spitzer_02700+0000_rgb
0,-0.0824158520404248,27.968315094483515,0.015283691253413086,28.062645904087084,spitzer_02700+0000_rgb
0,-0.22169181093412352,27.616467767272823,-0.201962563084541,27.63614574559167,spitzer_02700+0000_rgb
0,-0.09642805893155273,26.939507975865336,-0.01825187156227295,27.01566666651,spitzer_02700+0000_rgb
0,-0.015844319503015136,27.895649730626836,0.001513346339033203,27.91252294009352,spitzer_02700+0000_rgb
0,0.8527408768892578,28.267308357281344,0.8852760328139062,28.299548082707645,spitzer_02700+0000_rgb
0,-0.24742577877574218,27.806679679433202,-0.23576065844968505,27.818246980749823,spitzer_02700+0000_rgb
0,-0.02170296202255371,26.307673346767018,-0.0028121744510449216,26.326817226783913,spitzer_02700+0000_rgb
0,0.014188720561237793,26.637641279665253,0.02874650036357666,26.651696780826782,spitzer_02700+0000_rgb
0,-0.18866991998830077,26.185626798508316,-0.17643896307936036,26.197982104374347,spitzer_02700+0000_rgb
0,0.024514892332976074,25.682903984525126,0.04367146766224365,25.70140951819424,spitzer_02700+0000_rgb
0,0.3238658821780078,28.134875558312704,0.3362019823150635,28.147526518472652,spitzer_02700+0000_rgb
0,-0.038932942319003905,27.913018097966173,-0.023177571382807616,27.92825495491016,spitzer_02700+0000_rgb
0,-0.17060270011688963,27.358632076491805,-0.1539729802311035,27.375782955226544,spitzer_02700+0000_rgb
0,0.005034179637158203,28.232097969449853,0.026729410539997556,28.25358645393549,spitzer_02700+0000_rgb
0,0.3236147428576025,28.11353441269278,0.3511554326863623,28.141222563457568,spitzer_02700+0000_rgb
0,0.23493098723402342,26.80798421415974,0.24804410559247558,26.821243979652145,spitzer_02700+0000_rgb
0,-0.30375813498325194,26.549005375603695,-0.2885039033649609,26.564422042116195,spitzer_02700+0000_rgb
0,0.19916275842503905,27.920860545804416,0.216529131949292,27.938813548554574,spitzer_02700+0000_rgb
0,0.15448030444478025,27.451164627649813,0.2031059550001904,27.4993008576372,spitzer_02700+0000_rgb
0,0.13178743357795897,27.271443031139736,0.15000284680726317,27.289896400095827,spitzer_02700+0000_rgb
0,0.010098144430268555,27.598251865762272,0.03489729782811035,27.6236590920707,spitzer_02700+0000_rgb
0,-0.03901513632859863,28.14704360832123,-0.023103352633549804,28.1626461065376,spitzer_02700+0000_rgb
0,-0.2696862766000122,28.315100125195354,-0.25567439522971436,28.329154954970168,spitzer_02700+0000_rgb
0,0.1355059394001489,28.302475043941396,0.1725066714520166,28.33874329309043,spitzer_02700+0000_rgb
0,0.15302034352187988,27.30456664734496,0.2064804666851953,27.35675528614599,spitzer_02700+0000_rgb
0,-0.17017740715239257,28.15450291814247,-0.154650063557666,28.170716093436067,spitzer_02700+0000_rgb
0,-0.16134488770946775,27.17790022608558,-0.14334863137901366,27.19599796353481,spitzer_02700+0000_rgb
0,0.0704541822381665,27.825353751512086,0.089200031660083,27.84400487437245,spitzer_02700+0000_rgb
0,-0.39849625252545406,28.288770271129223,-0.37542032502183836,28.311658576564405,spitzer_02700+0000_rgb
0,0.31560107106273927,26.143895190852714,0.3294770474864795,26.15780453316154,spitzer_02700+0000_rgb
0,0.2939663056540869,27.96869782559948,0.3545989547873437,28.02979076118647,spitzer_02700+0000_rgb
0,-0.1639200829962158,25.45558465086082,-0.15120702973792968,25.468339533545773,spitzer_02700+0000_rgb
0,0.053423013788686524,27.777707593134384,0.062679198591958,27.786842765569073,spitzer_02700+0000_rgb
0,-0.37412524039937256,28.275332852643807,-0.35272281548318846,28.29632302577375,spitzer_02700+0000_rgb
0,-0.18919897271738526,25.81553223840718,-0.17992105939870603,25.824729178419375,spitzer_02700+0000_rgb
0,0.030187418317917478,27.162588377280365,0.05655069930428466,27.189256508524103,spitzer_02700+0000_rgb
0,0.3474246384528369,28.209532946889045,0.3646188114579785,28.22618274734104,spitzer_02700+0000_rgb
0,0.028919677445178222,28.429968410179484,0.044380207889531245,28.445286230257423,spitzer_02700+0000_rgb
0,0.4108523721935595,26.512438806958944,0.4586238560908447,26.560651534341403,spitzer_02700+0000_rgb
0,-0.03019921844800781,25.720316093526005,-0.02093229145734375,25.729392590831075,spitzer_02700+0000_rgb
0,0.02432088191824951,27.607140293407763,0.03461149053930176,27.61746296583058,spitzer_02700+0000_rgb
0,-0.289433265334834,28.46254964764664,-0.2766379366867456,28.47545282541474,spitzer_02700+0000_rgb
0,0.2012329081439209,27.498683019101712,0.2227558571474414,27.520375157556664,spitzer_02700+0000_rgb
0,0.396174963486167,25.824162934935455,0.4049972290229443,25.832774425734755,spitzer_02700+0000_rgb
0,-0.2241984027059326,12.715520582037502,-0.1996141744361499,12.740065422286845,spitzer_01200+0000_rgb
0,-0.32312361330522216,13.066794544996117,-0.29991658228729245,13.090325062338938,spitzer_01200+0000_rgb
0,0.7086551035905322,11.846024090081427,0.7940735597675976,11.929678711640713,spitzer_01200+0000_rgb
0,-0.24459114338742186,12.857464102753484,-0.22065413190804198,12.880766104473588,spitzer_01200+0000_rgb
0,-0.24579451251601317,12.902362254973774,-0.22159122499762937,12.925721019388623,spitzer_01200+0000_rgb
0,-0.05477587835849121,12.876553946312585,-0.0342558590324414,12.897067536602242,spitzer_01200+0000_rgb
0,-0.32616487304043457,10.611884779506152,-0.3076446095537622,10.629676120474073,spitzer_01200+0000_rgb
0,-0.033818684557646486,13.30618526932747,-0.013735025904316406,13.326085781823778,spitzer_01200+0000_rgb
0,0.02826163708717529,13.159669625447574,0.060580077519199214,13.192434477007946,spitzer_01200+0000_rgb
0,-0.31656697274578854,12.798843416490733,-0.30588020527453125,12.809975252316914,spitzer_01200+0000_rgb
0,0.3813012657182373,11.55425065549916,0.4161904255255957,11.587944502818472,spitzer_01200+0000_rgb
0,0.46751659688733394,12.900307730254735,0.48494530765054683,12.917725129169103,spitzer_01200+0000_rgb
0,-0.27199950899875486,12.787065828717884,-0.2029125142469165,12.855550447173663,spitzer_01200+0000_rgb
0,-0.14762971857578613,13.2015757529582,-0.12954972201179443,13.219558459484103,spitzer_01200+0000_rgb
0,0.06399064063613526,13.201019844760635,0.10874031466780518,13.246952176658082,spitzer_01200+0000_rgb
0,0.8307394122655224,11.812972495359858,0.8530346594384033,11.835257325866177,spitzer_01200+0000_rgb
0,-0.054782877056337886,12.418424312222006,-0.03270507779794922,12.440221024243623,spitzer_01200+0000_rgb
0,0.5287143501816064,12.40725162353165,0.5483066351419336,12.426846919559656,spitzer_01200+0000_rgb
0,0.5259988554170947,12.808120271866715,0.5573928980719043,12.840341625711167,spitzer_01200+0000_rgb
0,-0.3882990683826343,10.590927422944892,-0.37143725214500245,10.608183607668163,spitzer_01200+0000_rgb
0,-0.14505899920045165,11.732733889391412,-0.12436523313134765,11.753008303251168,spitzer_01200+0000_rgb
0,-0.2739949516871338,11.957217122823662,-0.20145084433965818,12.028018228886484,spitzer_01200+0000_rgb
0,-0.3724350548693994,11.017311533264385,-0.36057657517027586,11.028970387314462,spitzer_01200+0000_rgb
0,0.01208691394163086,13.148920968328499,0.07827864505054687,13.214041186590057,spitzer_01200+0000_rgb
0,0.0014081217307104492,10.954223317749435,0.017459635242070313,10.970871266801705,spitzer_01200+0000_rgb
0,-0.4708433383905249,12.383672359444526,-0.45382104038366455,12.401010087135733,spitzer_01200+0000_rgb
0,-0.21781412542602538,10.66100001339,-0.19959244592074218,10.678974622585255,spitzer_01200+0000_rgb
0,-0.18105566225194336,12.718374830055835,-0.1122533354660083,12.78554068224876,spitzer_01200+0000_rgb
0,-0.23572647876252684,11.053778004253887,-0.21193611441709717,11.077075855583407,spitzer_01200+0000_rgb
0,-0.13605191921239745,12.18337532368708,-0.11757551965757812,12.201279050721585,spitzer_01200+0000_rgb
0,-0.20329028117022216,12.882154532194079,-0.18428694477171387,12.901046011497352,spitzer_01200+0000_rgb
0,0.6770029229174707,12.724191317627879,0.6991380138419531,12.745980135769365,spitzer_01200+0000_rgb
0,-0.09370580960981689,12.586669427727056,-0.08089355387856445,12.599685785018767,spitzer_01200+0000_rgb
0,-0.38801781838544674,10.570716811167832,-0.36523949830072994,10.594366224993838,spitzer_01200+0000_rgb
0,0.843758617864497,11.78147477432067,0.869225088963999,11.80706266468979,spitzer_01200+0000_rgb
0,0.040552978110095214,13.177243681261418,0.06394881120947021,13.201494535511095,spitzer_01200+0000_rgb
0,-0.4237954059182959,12.075249022685009,-0.4018601847834814,12.097154784184703,spitzer_01200+0000_rgb
0,-0.4063176228899487,11.110737313580128,-0.3879849407816089,11.129065763917676,spitzer_01200+0000_rgb
0,-0.17268009267424073,12.777426424517403,-0.15599812669522703,12.794297599478899,spitzer_01200+0000_rgb
0,-0.36646736287178466,13.299834052756868,-0.34444555319616943,13.322158576459405,spitzer_01200+0000_rgb
0,-0.19727530727203857,13.19023354929558,-0.1642934553883154,13.222375109846562,spitzer_01200+0000_rgb
0,0.09189689035707276,12.632657545756757,0.10646288956037109,12.646886712281132,spitzer_01200+0000_rgb
0,-0.0558466791290332,11.936778158184302,-0.02607633437465332,11.96660140007357,spitzer_01200+0000_rgb
0,-0.07896964439259521,12.83274445781839,-0.052661946087963867,12.858896475786036,spitzer_01200+0000_rgb
0,-0.15080273286697266,13.122934925294087,-0.1369287909484204,13.136596993842364,spitzer_01200+0000_rgb
0,0.033316161776213375,13.338471991823614,0.05349690701711426,13.358878668865641,spitzer_01200+0000_rgb
0,-0.2672757948532837,12.66684349919094,-0.23179801200493652,12.703466464319503,spitzer_01200+0000_rgb
0,-0.09661051335681152,12.913742829404239,-0.06781900973847656,12.942238353207825,spitzer_01200+0000_rgb
0,-0.23935310633042722,11.733684247454825,-0.22346036560393798,11.749376630110401,spitzer_01200+0000_rgb
0,-0.16681811356619383,12.19257380992322,-0.15867944177258056,12.200881671168267,spitzer_01200+0000_rgb
0,-0.02244767230156494,12.624164625919812,-0.004532389277592773,12.643052239663227,spitzer_01200+0000_rgb
0,0.02354142229062744,10.489821304164288,0.03606054651439453,10.502115249353848,spitzer_01200+0000_rgb
0,-0.11969734580823485,10.834046723899116,-0.10356583555288329,10.849859549261822,spitzer_01200+0000_rgb
0,-0.12337369668292968,12.324879635423079,-0.10479239804061767,12.343789384582939,spitzer_01200+0000_rgb
0,-0.1681608869902661,11.935026693358067,-0.1453675115671582,11.95806071005481,spitzer_01200+0000_rgb
0,-0.5668664900995641,10.596119480184639,-0.32664574868666746,10.833319510364722,spitzer_01200+0000_rgb
0,-0.41036490475051757,11.049108082425587,-0.3437447882292187,11.110548837019511,spitzer_01200+0000_rgb
0,-0.4406967729367822,10.629894219430225,-0.4264868121413818,10.643606133355606,spitzer_01200+0000_rgb
0,-0.19316780405790526,13.525117284146614,-0.17234000478701658,13.545506043555763,spitzer_01200+0000_rgb
0,-0.15947770022813965,11.797315106193516,-0.1418075343892163,11.814276694565567,spitzer_01200+0000_rgb
0,-0.0012547200395361328,12.671398837687054,0.029017415074409178,12.701654778139702,spitzer_01200+0000_rgb
0,-0.07470060146653563,11.755668784995395,-0.06549649999607665,11.764510581781977,spitzer_01200+0000_rgb
0,-0.4328175412447412,10.568189792963935,-0.39925976163240234,10.601634779608652,spitzer_01200+0000_rgb
0,0.06345434506858154,12.623730381132487,0.07829614179516357,12.638566399864336,spitzer_01200+0000_rgb
0,-0.06497770117313964,13.283603706239484,-0.03346704068095459,13.31389057117099,spitzer_01200+0000_rgb
0,-0.33140225905576903,12.790073722568012,-0.3191226367827319,12.802121085728789,spitzer_01200+0000_rgb
0,-0.22666072364485107,13.048249826757084,-0.2111821267944287,13.063194935657114,spitzer_01200+0000_rgb
0,0.4764363559127197,12.875624096061467,0.48831786621057127,12.887213370034116,spitzer_01200+0000_rgb
0,0.058816812562873536,11.02379851236618,0.07395540290627929,11.038577809093388,spitzer_01200+0000_rgb
0,-0.28910668656205807,12.876479768253432,-0.2773266573829834,12.888057201405886,spitzer_01200+0000_rgb
0,-0.10131013896085693,11.970893229457735,-0.09016886303060302,11.981695638203878,spitzer_01200+0000_rgb
0,-0.22192911561925047,12.780984123049533,-0.2102992329230493,12.792541577361042,spitzer_01200+0000_rgb
0,0.32351106447322264,12.765530754063443,0.34044498357471675,12.782571037096165,spitzer_01200+0000_rgb
0,-0.41415819898341794,13.251613858740372,-0.40527611899411375,13.260399055592623,spitzer_01200+0000_rgb
0,-0.19303523569985595,11.825368979610893,-0.17421451648702146,11.844695639573876,spitzer_01200+0000_rgb
0,0.82064598788729,11.785399741729336,0.8755117099948828,11.840570151333882,spitzer_01200+0000_rgb
0,-0.20041414187606688,12.685072909815938,-0.06880387300987793,12.817107739224756,spitzer_01200+0000_rgb
0,0.16958723788746094,11.775709800419985,0.18642447730242187,11.792212729942456,spitzer_01200+0000_rgb
0,-0.37641397735565185,10.98439665729145,-0.36224535770567134,10.998876149334155,spitzer_01200+0000_rgb
0,-0.3281940885149341,13.333367133476225,-0.31019490249700926,13.351796434235942,spitzer_01200+0000_rgb
0,-0.29262149772482665,12.051403319798467,-0.27425439178870603,12.069702147740479,spitzer_01200+0000_rgb
0,-0.19071093559289062,12.673650709409326,-0.17610237454105956,12.688321607700118,spitzer_01200+0000_rgb
0,0.12694604365241455,10.963193044222237,0.14191739766936767,10.977728851368544,spitzer_01200+0000_rgb
0,-0.10301204324071289,11.920923828915761,-0.08825659091430908,11.9356699225183,spitzer_01200+0000_rgb
0,-0.2394697241678027,12.799116121566131,-0.20662271928793943,12.832152742329514,spitzer_01200+0000_rgb
0,-0.125779132856792,12.211276120934114,-0.09645198471256347,12.240651446161193,spitzer_01200+0000_rgb
0,0.048562499514374996,13.121925363129705,0.0698979485197705,13.143828723913275,spitzer_01200+0000_rgb
0,0.09261677967279053,13.315871874048312,0.10472289934339599,13.327806952867764,spitzer_01200+0000_rgb
0,-0.7020165131621264,11.390039719641269,-0.6889754162873291,11.403016607532335,spitzer_01200+0000_rgb
0,0.7958717368329492,12.37747997669395,0.8047490153900098,12.38635994079786,spitzer_01200+0000_rgb
0,-0.07692024662663086,11.162613940665528,-0.05912296490356201,11.180738452203032,spitzer_01200+0000_rgb
0,0.058462401759125975,13.371188666301133,0.07756575443267577,13.389914282568956,spitzer_01200+0000_rgb
0,-0.1777242820769238,12.815678377259882,-0.15681860194743896,12.837163972748153,spitzer_01200+0000_rgb
0,-0.06160921162349121,10.877451020340073,-0.04432788041609619,10.895062185528545,spitzer_01200+0000_rgb
0,-0.36193139286506104,12.948462636999748,-0.34993277644858883,12.960164826010331,spitzer_01200+0000_rgb
0,-0.09141658437229247,12.23493733489021,-0.07522314377901855,12.251142901134404,spitzer_01200+0000_rgb
0,-0.7496358567614538,13.426448227923018,-0.7348693367268273,13.441147456698552,spitzer_01200+0000_rgb
0,-0.154985431392854,11.831024415752255,-0.14218644063542724,11.844007976820336,spitzer_01200+0000_rgb
0,0.05147721302689453,10.74603972608127,0.06063142843014404,10.755158215573418,spitzer_01200+0000_rgb
0,-0.3192259082660742,10.216050240118143,-0.2837886527610718,10.252762458989302,spitzer_00900+0000_rgb
0,-0.40072314052401853,8.808634442017823,-0.36679247680082516,8.843398764586846,spitzer_00900+0000_rgb
0,0.06235009703274902,9.946018911438248,0.08674788324710449,9.970589549213376,spitzer_00900+0000_rgb
0,0.054129312609748535,8.335514329561523,0.07545052007882812,8.356457200445846,spitzer_00900+0000_rgb
0,-0.733079745273369,9.816965405241804,-0.6991983165757251,9.85163679161384,spitzer_00900+0000_rgb
0,-0.8136361409521802,9.87654100685959,-0.6836335787756432,10.005754587924224,spitzer_00900+0000_rgb
0,-0.1649145491321045,10.284443305840462,-0.10140706278801269,10.349714362316659,spitzer_00900+0000_rgb
0,-0.028762450884250487,8.799907879605088,-0.008980631420610351,8.819375164566665,spitzer_00900+0000_rgb
0,-0.37001789994565426,8.349715013013267,-0.333962561764541,8.386813157173535,spitzer_00900+0000_rgb
0,-0.2716628390802466,8.462926600422817,-0.2515883763903662,8.482886561160718,spitzer_00900+0000_rgb
0,-0.7149503509234131,8.5490400435721,-0.68035432262354,8.584403975510128,spitzer_00900+0000_rgb
0,-0.1847588685951196,7.990763193686118,-0.1515721827290698,8.024078297519633,spitzer_00900+0000_rgb
0,0.31930891607774414,8.073560556139395,0.37247900018145996,8.12814860897893,spitzer_00900+0000_rgb
0,0.1999204081570459,8.083257170625762,0.2704347303685693,8.150178556675298,spitzer_00900+0000_rgb
0,-0.43565282767472163,10.053054717659556,-0.399862463449292,10.0880108126876,spitzer_00900+0000_rgb
0,-0.29819750678364987,8.484270838490625,-0.2776004204010791,8.503812179441045,spitzer_00900+0000_rgb
0,-0.11390860888695556,9.890727245324499,-0.0900821117293872,9.914899160772883,spitzer_00900+0000_rgb
0,0.1277879218992041,8.11079232660041,0.1496387517588208,8.132391772998998,spitzer_00900+0000_rgb
0,-0.5821184837621484,8.016364267648857,-0.3760038211097534,8.222707852825005,spitzer_00900+0000_rgb
0,-0.45424063673363524,8.240986498475552,-0.43054988176220943,8.265541185730005,spitzer_00900+0000_rgb
0,-0.3411349249740674,8.850619467639639,-0.3075773895023511,8.883831218609604,spitzer_00900+0000_rgb
0,-0.7547487310592834,9.865151114395363,-0.7374558031723168,9.883093659788855,spitzer_00900+0000_rgb
0,-0.17994360171618895,10.046057037065472,-0.15138411306949218,10.074435251299919,spitzer_00900+0000_rgb
0,-0.10664884333455321,10.20826016044344,-0.05226611275858886,10.260663419196751,spitzer_00900+0000_rgb
0,-0.8610522374832275,10.265026090051562,-0.8377739987837183,10.288278185359406,spitzer_00900+0000_rgb
0,0.21721907334864257,8.142460783314975,0.24088460045573729,8.166223641150264,spitzer_00900+0000_rgb
0,-0.361733557580581,10.132198597076451,-0.2947670868960791,10.19788894472684,spitzer_00900+0000_rgb
0,-0.35468765921354,8.651080244374615,-0.32794994789237547,8.67760042640108,spitzer_00900+0000_rgb
0,0.19232324026426756,9.596985264212439,0.2187184222919824,9.623538893504195,spitzer_00900+0000_rgb
0,-0.23715266689930664,10.155879260902145,-0.22236067485972655,10.17101361947476,spitzer_00900+0000_rgb
0,0.21131754345974121,8.102328947778794,0.24676611081358885,8.135837248224961,spitzer_00900+0000_rgb
0,0.38483316672458495,7.517388035659453,0.3977937785741455,7.5300091292832425,spitzer_00900+0000_rgb
0,0.5788899681694336,9.651231113279355,0.6003170512884961,9.67249836567085,spitzer_00900+0000_rgb
0,0.02353605119693115,10.489831151686975,0.03605883753003662,10.502122207879168,spitzer_00900+0000_rgb
0,-0.40364664309895015,10.178817940685779,-0.3905594036464892,10.192161853312756,spitzer_00900+0000_rgb
0,-0.2892649710656836,8.462991053547173,-0.2724601209733154,8.480329595040454,spitzer_00900+0000_rgb
0,-0.04264331012044189,9.983803823169774,-0.01879353822352295,10.007178782245921,spitzer_00900+0000_rgb
0,-0.0995620921033374,9.39531558849476,-0.08170231038089355,9.412310624132102,spitzer_00900+0000_rgb
0,-0.0598775221876831,7.745912772957539,-0.038421955995988764,7.767018241496484,spitzer_00900+0000_rgb
0,-0.11671020391102295,10.255280240539646,-0.09691048080172851,10.274562670359842,spitzer_00900+0000_rgb
0,0.003724446577338867,10.430068751975353,0.024371093506289063,10.45092358982019,spitzer_00900+0000_rgb
0,-0.30191446638189695,10.306540066687203,-0.244033363445083,10.363260443724165,spitzer_00900+0000_rgb
0,-0.3253972135429028,8.320685065386899,-0.2618841933446997,8.383444667623888,spitzer_00900+0000_rgb
0,-0.7970989503623437,9.989827870961097,-0.7810748212908142,10.005638783888925,spitzer_00900+0000_rgb
0,0.5330507759194921,10.383669267169166,0.5479495387913379,10.39801534653417,spitzer_00900+0000_rgb
0,-0.012985351432646484,10.444482132771975,0.005416747992707519,10.462694097514985,spitzer_00900+0000_rgb
0,0.08537866125558838,8.194533862221329,0.1007937815441455,8.20993474097357,spitzer_00900+0000_rgb
0,-0.20919286900182127,9.205621905495864,-0.19542114062391355,9.218996661221492,spitzer_00900+0000_rgb
0,0.4225974892636084,10.201462837920268,0.4380361284321386,10.218141914901913,spitzer_00900+0000_rgb
0,-0.23848787196407958,10.310300666421732,-0.22367260518514892,10.324557522561717,spitzer_00900+0000_rgb
0,0.02161092100784912,10.44301752300472,0.04372013302634033,10.46422926392216,spitzer_00900+0000_rgb
0,-0.3277278613060547,8.855568686340147,-0.30961783544548827,8.873553874962377,spitzer_00900+0000_rgb
0,0.04993009390174072,7.459069676867637,0.07229370044893799,7.481194025604727,spitzer_00900+0000_rgb
0,0.15957079918554198,9.591043532501024,0.17524430163297364,9.6066699158083,spitzer_00900+0000_rgb
0,0.17573339668016602,9.336906409391352,0.19236555797217772,9.352553219130717,spitzer_00900+0000_rgb
0,0.09763289290387939,10.22257237546959,0.11114990123225098,10.236135912931609,spitzer_00900+0000_rgb
0,-0.11215624887843749,8.275548347088266,-0.04935677033976562,8.338484218854742,spitzer_00900+0000_rgb
0,-0.016218180176359863,8.384517095998579,-0.008095296143005372,8.392540858939174,spitzer_00900+0000_rgb
0,-0.21204866324409666,9.961153514151485,-0.1989204081670459,9.974510081400732,spitzer_00900+0000_rgb
0,-0.41518733308770994,10.246380256904686,-0.38270067976674316,10.27785875186985,spitzer_00900+0000_rgb
0,-0.39744823821301756,10.150058216038481,-0.37643399688670165,10.171133818041266,spitzer_00900+0000_rgb
0,0.641570794365542,8.655384280789907,0.6505392187550244,8.664210778097475,spitzer_00900+0000_rgb
0,-0.3050193654393896,10.227288175389878,-0.28511775431028075,10.246834480532957,spitzer_00900+0000_rgb
0,0.4823448844994678,8.261328620667964,0.4908928987369043,8.26993636797772,spitzer_00900+0000_rgb
0,-0.32376700522587154,10.223495165987705,-0.30141121117859615,10.243829129814312,spitzer_00900+0000_rgb
0,0.21776187933279784,8.129923836825762,0.2632141900761914,8.174799812939503,spitzer_00900+0000_rgb
0,0.10568139542756103,10.230869128316309,0.12031941611451416,10.245112027750702,spitzer_00900+0000_rgb
0,-0.7812211429039343,9.935091380623044,-0.722345858661958,9.993805247223406,spitzer_00900+0000_rgb
0,-0.34822436175213134,8.654916181836255,-0.33371524731388913,8.668911298883804,spitzer_00900+0000_rgb
0,-0.4346546994294946,10.133932646538277,-0.40480232342593503,10.16357856095536,spitzer_00900+0000_rgb
0,-0.7605410487096935,9.87961221451117,-0.6946549002800134,9.94475690787014,spitzer_00900+0000_rgb
0,0.4668199823109668,2.4222316138506006,0.4998095653144043,2.455203130447969,spitzer_00300+0000_rgb
0,-0.13372281767318847,3.6343347918337354,-0.10051757711982422,3.6659866469859668,spitzer_00300+0000_rgb
0,-0.05752180932061523,2.952979492657705,-0.04175325479080078,2.9685566409394335,spitzer_00300+0000_rgb
0,0.8701529860901367,3.3810117963200903,0.889312816627705,3.399851395741069,spitzer_00300+0000_rgb
0,-0.6898850842469824,1.9988273212096437,-0.6710991143827587,2.0181919043493313,spitzer_00300+0000_rgb
0,-0.10298144428268555,3.6583609960205568,-0.09157242746969238,3.669944736139094,spitzer_00300+0000_rgb
0,0.010507324113676757,4.0987515759265465,0.03198714160721191,4.119708810417495,spitzer_00300+0000_rgb
0,0.1262254219148291,2.440534185282158,0.1484980453900195,2.4629477592767723,spitzer_00300+0000_rgb
0,-0.1473842758699072,4.5102126720723525,-0.11584619024778808,4.541449553016087,spitzer_00300+0000_rgb
0,0.042046711819116206,3.5552975204886916,0.0625512689057373,3.5768373151951685,spitzer_00300+0000_rgb
0,0.19457226367927732,2.2171069414226805,0.2972029592675537,2.320294928672051,spitzer_00300+0000_rgb
0,0.3317692024114746,3.9916482648231004,0.3465087855974121,4.005993682973918,spitzer_00300+0000_rgb
0,0.02051025370114746,3.735492505665908,0.028865071325932617,3.743787590218374,spitzer_00300+0000_rgb
0,-0.13320230986589354,3.1701819644440135,0.05885937441140625,3.359605139633115,spitzer_00300+0000_rgb
0,0.1250442695828906,2.597475752723159,0.14604882666451172,2.6189728228206883,spitzer_00300+0000_rgb
0,0.39995393480254393,2.068370614785044,0.4111233682845996,2.0797980235249365,spitzer_00300+0000_rgb
0,0.6175328714288378,4.22055831705874,0.6387708269456249,4.2422127561325595,spitzer_00300+0000_rgb
0,-0.03817187461828125,3.310110267081189,-0.02073795552178711,3.327642412088159,spitzer_00300+0000_rgb
0,-0.7419757412781591,3.4725904900657616,-0.7324591398108251,3.4820336052057055,spitzer_00300+0000_rgb
0,-0.08767399000867675,3.33878214179447,-0.07051464773235351,3.3563908655767163,spitzer_00300+0000_rgb
0,-0.11016747936707519,3.204348793529429,-0.09825829979866699,3.216316241326421,spitzer_00300+0000_rgb
0,-0.10447721249689453,3.6699055108790697,-0.09369010322976562,3.680418694367688,spitzer_00300+0000_rgb
0,-0.2785266899230664,1.9017845161904883,-0.26253075909344237,1.9188341579470753,spitzer_00300+0000_rgb
0,0.020351562296484375,3.197068764305354,0.02920768199958984,3.2059074686440505,spitzer_00300+0000_rgb
0,0.7441262946420703,1.8251738398732618,0.7519160081058398,1.8331492629705908,spitzer_00300+0000_rgb
0,-0.024371744547949218,4.095170480584754,-0.01205712878567871,4.107175688798034,spitzer_00300+0000_rgb
0,0.35351578422525876,4.519590677960018,0.3741236941754297,4.539882219810325,spitzer_00300+0000_rgb
0,-0.01853613262713867,4.050324615147796,-0.008515136633598633,4.060556060357981,spitzer_00300+0000_rgb
0,-0.05013850861319824,1.7973724078596094,-0.04126920531647461,1.8061100379805666,spitzer_00300+0000_rgb
0,-0.6798622978888769,2.2406056391043605,-0.6677602472286475,2.252629076484126,spitzer_00300+0000_rgb
0,0.4576881464647851,2.217608731782246,0.4670154575694287,2.2268320389816796,spitzer_00300+0000_rgb
0,-0.813504060875376,3.9591476547965443,-0.7800185468873144,3.9908505760289943,spitzer_00300+0000_rgb
0,-0.11952392458601073,3.6520295344953295,-0.10589550675354492,3.665402988137637,spitzer_00300+0000_rgb
0,-0.22959342218323242,3.571016270331504,-0.1760504539686621,3.626756911050139,spitzer_00300+0000_rgb
0,-0.9758287662833789,3.6894818453187233,-0.9679400944872656,3.6972080822206275,spitzer_00300+0000_rgb
0,0.025227538810224607,4.268410652192196,0.045589517773271485,4.288876472300037,spitzer_00300+0000_rgb
0,-0.9550077215697144,2.8240520850928124,-0.9461034247837573,2.832925294639497,spitzer_00300+0000_rgb
0,0.0012202148315478515,2.587509118708242,0.01054850249868164,2.597003584759131,spitzer_00300+0000_rgb
0,0.09893098859402344,4.322013984175693,0.13358902861202637,4.357072292744381,spitzer_00300+0000_rgb
0,0.7640009689224903,1.727474622100254,0.7727311120643554,1.7363515751364844,spitzer_00300+0000_rgb
